sheet,cell,formula,cached_value,error,external,dependencies,functions
Dashboard_2026,AS3,D27,169,,False,,
Dashboard_2026,AV3,C25-AS3,13,,False,,
Dashboard_2026,AY3,SUM(AS3:AX3),182,,False,,SUM
Dashboard_2026,BB3,AS3/AY3,0.92857142857142905,,False,,
Dashboard_2026,AS4,D13,527,,False,,
Dashboard_2026,AV4,C11-AS4,79,,False,,
Dashboard_2026,AY4,SUM(AS4:AX4),606,,False,,SUM
Dashboard_2026,BB4,AS4/AY4,0.86963696369637,,False,,
Dashboard_2026,C11,"GETPIVOTDATA(""WID"",'Pivot Sul'!$BG$7)+GETPIVOTDATA(""WID"",'Pivot Sul'!$BN$7)",606,,False,Pivot Sul,GETPIVOTDATA
Dashboard_2026,D11,J11+M11+P11+S11+V11+Y11+AB11+G11+AE11+AH11+AK11+AN11+AQ11+AT11+AW11+AZ11,532,,False,,
Dashboard_2026,E11,D11/C11,0.87788778877887796,,False,,
Dashboard_2026,H11,G11/F11,1,,False,,
Dashboard_2026,J11,"GETPIVOTDATA(""WID"",'Pivot Sul'!$B$4,""Months (MOS)"",2,""Years (MOS)"",2025)",33,,False,Pivot Sul,GETPIVOTDATA; MONTHS; YEARS
Dashboard_2026,K11,J11/I11,1,,False,,
Dashboard_2026,M11,"GETPIVOTDATA(""WID"",'Pivot Sul'!$B$4,""Months (MOS)"",3,""Years (MOS)"",2025)",37,,False,Pivot Sul,GETPIVOTDATA; MONTHS; YEARS
Dashboard_2026,N11,M11/L11,0.97368421052631604,,False,,
Dashboard_2026,P11,"GETPIVOTDATA(""WID"",'Pivot Sul'!$B$4,""Months (MOS)"",4,""Years (MOS)"",2025)",24,,False,Pivot Sul,GETPIVOTDATA; MONTHS; YEARS
Dashboard_2026,Q11,P11/O11,0.96,,False,,
Dashboard_2026,S11,"GETPIVOTDATA(""WID"",'Pivot Sul'!$B$4,""Months (MOS)"",5,""Years (MOS)"",2025)",21,,False,Pivot Sul,GETPIVOTDATA; MONTHS; YEARS
Dashboard_2026,T11,S11/R11,0.84,,False,,
Dashboard_2026,V11,"GETPIVOTDATA(""WID"",'Pivot Sul'!$B$4,""Months (MOS)"",6)",31,,False,Pivot Sul,GETPIVOTDATA; MONTHS
Dashboard_2026,W11,V11/U11,0.939393939393939,,False,,
Dashboard_2026,Y11,"GETPIVOTDATA(""WID"",'Pivot Sul'!$B$4,""Months (MOS)"",7)",14,,False,Pivot Sul,GETPIVOTDATA; MONTHS
Dashboard_2026,Z11,Y11/X11,1,,False,,
Dashboard_2026,AB11,"GETPIVOTDATA(""WID"",'Pivot Sul'!$B$4,""Months (MOS)"",8)",16,,False,Pivot Sul,GETPIVOTDATA; MONTHS
Dashboard_2026,AC11,AB11/AA11,1,,False,,
Dashboard_2026,AE11,"GETPIVOTDATA(""WID"",'Pivot Sul'!$B$4,""Months (MOS)"",9)",41,,False,Pivot Sul,GETPIVOTDATA; MONTHS
Dashboard_2026,AF11,AE11/AD11,0.91111111111111098,,False,,
Dashboard_2026,AH11,"GETPIVOTDATA(""WID"",'Pivot Sul'!$B$4,""Months (MOS)"",10)",3,,False,Pivot Sul,GETPIVOTDATA; MONTHS
Dashboard_2026,AI11,AH11/AG11,1,,False,,
Dashboard_2026,AL11,AK11/AJ11,0,,False,,
Dashboard_2026,AN11,"GETPIVOTDATA(""WID"",'Pivot Sul'!$B$4,""Months (MOS)"",12)",2,,False,Pivot Sul,GETPIVOTDATA; MONTHS
Dashboard_2026,AO11,AN11/AM11,1,,False,,
Dashboard_2026,AP11,C11-D11+AQ11,126,,False,,
Dashboard_2026,AQ11,"GETPIVOTDATA(""WID"",'Pivot Sul'!$B$4,""Months (MOS)"",1,""Years (MOS)"",2026)",52,,False,Pivot Sul,GETPIVOTDATA; MONTHS; YEARS
Dashboard_2026,AR11,AQ11/AP11,0.41269841269841301,,False,,
Dashboard_2026,AS11,C11-D11+AT11,112,,False,,
Dashboard_2026,AT11,"GETPIVOTDATA(""WID"",'Pivot Sul'!$B$4,""Months (MOS)"",2,""Years (MOS)"",2026)",38,,False,Pivot Sul,GETPIVOTDATA; MONTHS; YEARS
Dashboard_2026,AU11,AT11/AS11,0.33928571428571402,,False,,
Dashboard_2026,AV11,C11-D11+AW11,129,,False,,
Dashboard_2026,AW11,"GETPIVOTDATA(""WID"",'Pivot Sul'!$B$4,""Months (MOS)"",3,""Years (MOS)"",2026)",55,,False,Pivot Sul,GETPIVOTDATA; MONTHS; YEARS
Dashboard_2026,AX11,AW11/AV11,0.42635658914728702,,False,,
Dashboard_2026,AY11,C11-D11+AZ11,114,,False,,
Dashboard_2026,AZ11,"GETPIVOTDATA(""WID"",'Pivot Sul'!$B$4,""Months (MOS)"",4,""Years (MOS)"",2026)",40,,False,Pivot Sul,GETPIVOTDATA; MONTHS; YEARS
Dashboard_2026,BA11,AZ11/AY11,0.35087719298245601,,False,,
Dashboard_2026,BB11,C11-D11+BC11,77,,False,,
Dashboard_2026,BC11,"GETPIVOTDATA(""WID"",'Pivot Sul'!$B$4,""Months (MOS)"",5,""Years (MOS)"",2026)",3,,False,Pivot Sul,GETPIVOTDATA; MONTHS; YEARS
Dashboard_2026,BD11,BC11/BB11,3.8961038961039002E-2,,False,,
Dashboard_2026,D12,J12+M12+P12+S12+V12+Y12+AB12+G12+AE12+AH12+AK12+AN12+AQ12+AT12+AW12+AZ12,530,,False,,
Dashboard_2026,E12,D12/D11,0.99624060150375904,,False,,
Dashboard_2026,H12,G12/F12,1,,False,,
Dashboard_2026,I12,F12+J11-G12,33,,False,,
Dashboard_2026,J12,"GETPIVOTDATA(""WID"",'Pivot Sul'!$I$4,""Months (HI Done)"",2,""Years (HI Done)"",2025)",33,,False,Pivot Sul,GETPIVOTDATA; MONTHS; YEARS
Dashboard_2026,K12,J12/I12,1,,False,,
Dashboard_2026,L12,M11+I12-J12,37,,False,,
Dashboard_2026,M12,"GETPIVOTDATA(""WID"",'Pivot Sul'!$I$4,""Months (HI Done)"",3,""Years (HI Done)"",2025)",36,,False,Pivot Sul,GETPIVOTDATA; MONTHS; YEARS
Dashboard_2026,N12,M12/L12,0.97297297297297303,,False,,
Dashboard_2026,O12,P11+L12-M12,25,,False,,
Dashboard_2026,P12,"GETPIVOTDATA(""WID"",'Pivot Sul'!$I$4,""Months (HI Done)"",4,""Years (HI Done)"",2025)",23,,False,Pivot Sul,GETPIVOTDATA; MONTHS; YEARS
Dashboard_2026,Q12,P12/O12,0.92,,False,,
Dashboard_2026,R12,S11+O12-P12,23,,False,,
Dashboard_2026,S12,"GETPIVOTDATA(""WID"",'Pivot Sul'!$I$4,""Months (HI Done)"",5,""Years (HI Done)"",2025)",22,,False,Pivot Sul,GETPIVOTDATA; MONTHS; YEARS
Dashboard_2026,T12,S12/R12,0.95652173913043503,,False,,
Dashboard_2026,U12,V11+R12-S12,32,,False,,
Dashboard_2026,V12,"GETPIVOTDATA(""WID"",'Pivot Sul'!$I$4,""Months (HI Done)"",6)",32,,False,Pivot Sul,GETPIVOTDATA; MONTHS
Dashboard_2026,W12,V12/U12,1,,False,,
Dashboard_2026,X12,Y11+U12-V12,14,,False,,
Dashboard_2026,Y12,"GETPIVOTDATA(""WID"",'Pivot Sul'!$I$4,""Months (HI Done)"",7)",15,,False,Pivot Sul,GETPIVOTDATA; MONTHS
Dashboard_2026,Z12,Y12/X12,1.0714285714285701,,False,,
Dashboard_2026,AA12,AB11+X12-Y12,15,,False,,
Dashboard_2026,AB12,"GETPIVOTDATA(""WID"",'Pivot Sul'!$I$4,""Months (HI Done)"",8)",15,,False,Pivot Sul,GETPIVOTDATA; MONTHS
Dashboard_2026,AC12,AB12/AA12,1,,False,,
Dashboard_2026,AD12,AE11+AA12-AB12,41,,False,,
Dashboard_2026,AE12,"GETPIVOTDATA(""WID"",'Pivot Sul'!$I$4,""Months (HI Done)"",9)",41,,False,Pivot Sul,GETPIVOTDATA; MONTHS
Dashboard_2026,AF12,AE12/AD12,1,,False,,
Dashboard_2026,AG12,AH11+AD12-AE12,3,,False,,
Dashboard_2026,AH12,"GETPIVOTDATA(""WID"",'Pivot Sul'!$I$4,""Months (HI Done)"",10)",3,,False,Pivot Sul,GETPIVOTDATA; MONTHS
Dashboard_2026,AI12,AH12/AG12,1,,False,,
Dashboard_2026,AM12,AN11+AJ12-AK12,2,,False,,
Dashboard_2026,AN12,"GETPIVOTDATA(""WID"",'Pivot Sul'!$I$4,""Months (HI Done)"",12)",2,,False,Pivot Sul,GETPIVOTDATA; MONTHS
Dashboard_2026,AO12,AN12/AM12,1,,False,,
Dashboard_2026,AP12,AQ11+AM12-AN12,52,,False,,
Dashboard_2026,AQ12,"GETPIVOTDATA(""WID"",'Pivot Sul'!$I$4,""Months (HI Done)"",1,""Years (HI Done)"",2026)",49,,False,Pivot Sul,GETPIVOTDATA; MONTHS; YEARS
Dashboard_2026,AR12,AQ12/AP12,0.94230769230769196,,False,,
Dashboard_2026,AS12,AT11+AP12-AQ12,41,,False,,
Dashboard_2026,AT12,"GETPIVOTDATA(""WID"",'Pivot Sul'!$I$4,""Months (HI Done)"",2,""Years (HI Done)"",2026)",37,,False,Pivot Sul,GETPIVOTDATA; MONTHS; YEARS
Dashboard_2026,AU12,AT12/AS12,0.90243902439024404,,False,,
Dashboard_2026,AV12,AW11+AS12-AT12,59,,False,,
Dashboard_2026,AW12,"GETPIVOTDATA(""WID"",'Pivot Sul'!$I$4,""Months (HI Done)"",3,""Years (HI Done)"",2026)",44,,False,Pivot Sul,GETPIVOTDATA; MONTHS; YEARS
Dashboard_2026,AX12,AW12/AV12,0.74576271186440701,,False,,
Dashboard_2026,AY12,AZ11+AV12-AW12,55,,False,,
Dashboard_2026,AZ12,"GETPIVOTDATA(""WID"",'Pivot Sul'!$I$4,""Months (HI Done)"",4,""Years (HI Done)"",2026)",52,,False,Pivot Sul,GETPIVOTDATA; MONTHS; YEARS
Dashboard_2026,BA12,AZ12/AY12,0.94545454545454499,,False,,
Dashboard_2026,BB12,BC11+AY12-AZ12,6,,False,,
Dashboard_2026,BC12,"GETPIVOTDATA(""WID"",'Pivot Sul'!$I$4,""Months (HI Done)"",5,""Years (HI Done)"",2026)",3,,False,Pivot Sul,GETPIVOTDATA; MONTHS; YEARS
Dashboard_2026,BD12,BC12/BB12,0.5,,False,,
Dashboard_2026,D13,J13+M13+P13+S13+V13+Y13+AB13+G13+AE13+AH13+AK13+AN13+AQ13+AT13+AW13+AZ13,527,,False,,
Dashboard_2026,E13,D13/D12,0.99433962264150899,,False,,
Dashboard_2026,G13,"GETPIVOTDATA(""WID"",'Pivot Sul'!$O$4,""Months (Connected Date)"",1,""Years (Connected Date)"",2025)",116,,False,Pivot Sul,GETPIVOTDATA; MONTHS; YEARS
Dashboard_2026,H13,G13/F13,1.0086956521739101,,False,,
Dashboard_2026,J13,"GETPIVOTDATA(""WID"",'Pivot Sul'!$O$4,""Months (Connected Date)"",2,""Years (Connected Date)"",2025)",38,,False,Pivot Sul,GETPIVOTDATA; MONTHS; YEARS
Dashboard_2026,K13,J13/I13,1,,False,,
Dashboard_2026,M13,"GETPIVOTDATA(""WID"",'Pivot Sul'!$O$4,""Months (Connected Date)"",3,""Years (Connected Date)"",2025)",37,,False,Pivot Sul,GETPIVOTDATA; MONTHS; YEARS
Dashboard_2026,N13,M13/L13,0.97368421052631604,,False,,
Dashboard_2026,P13,"GETPIVOTDATA(""WID"",'Pivot Sul'!$O$4,""Months (Connected Date)"",4,""Years (Connected Date)"",2025)",24,,False,Pivot Sul,GETPIVOTDATA; MONTHS; YEARS
Dashboard_2026,Q13,P13/O13,0.96,,False,,
Dashboard_2026,R13,S12+O13-P13,23,,False,,
Dashboard_2026,S13,"GETPIVOTDATA(""WID"",'Pivot Sul'!$O$4,""Months (Connected Date)"",5,""Years (Connected Date)"",2025)",21,,False,Pivot Sul,GETPIVOTDATA; MONTHS; YEARS
Dashboard_2026,T13,S13/R13,0.91304347826086996,,False,,
Dashboard_2026,U13,V12+R13-S13,34,,False,,
Dashboard_2026,V13,"GETPIVOTDATA(""WID"",'Pivot Sul'!$O$4,""Months (Connected Date)"",6)",33,,False,Pivot Sul,GETPIVOTDATA; MONTHS
Dashboard_2026,W13,V13/U13,0.97058823529411797,,False,,
Dashboard_2026,X13,Y12+U13-V13,16,,False,,
Dashboard_2026,Y13,"GETPIVOTDATA(""WID"",'Pivot Sul'!$O$4,""Months (Connected Date)"",7)",12,,False,Pivot Sul,GETPIVOTDATA; MONTHS
Dashboard_2026,Z13,Y13/X13,0.75,,False,,
Dashboard_2026,AA13,AB12+X13-Y13,19,,False,,
Dashboard_2026,AB13,"GETPIVOTDATA(""WID"",'Pivot Sul'!$O$4,""Months (Connected Date)"",8)",17,,False,Pivot Sul,GETPIVOTDATA; MONTHS
Dashboard_2026,AC13,AB13/AA13,0.89473684210526305,,False,,
Dashboard_2026,AD13,AE12+AA13-AB13,43,,False,,
Dashboard_2026,AE13,"GETPIVOTDATA(""WID"",'Pivot Sul'!$O$4,""Months (Connected Date)"",9)",37,,False,Pivot Sul,GETPIVOTDATA; MONTHS
Dashboard_2026,AF13,AE13/AD13,0.86046511627906996,,False,,
Dashboard_2026,AG13,AH12+AD13-AE13,9,,False,,
Dashboard_2026,AH13,"GETPIVOTDATA(""WID"",'Pivot Sul'!$O$4,""Months (Connected Date)"",10)",7,,False,Pivot Sul,GETPIVOTDATA; MONTHS
Dashboard_2026,AI13,AH13/AG13,0.77777777777777801,,False,,
Dashboard_2026,AJ13,AK12+AG13-AH13,2,,False,,
Dashboard_2026,AK13,"GETPIVOTDATA(""WID"",'Pivot Sul'!$O$4,""Months (Connected Date)"",11,""Years (Connected Date)"",2025)",1,,False,Pivot Sul,GETPIVOTDATA; MONTHS; YEARS
Dashboard_2026,AL13,AK13/AJ13,0.5,,False,,
Dashboard_2026,AM13,AN12+AJ13-AK13,3,,False,,
Dashboard_2026,AO13,AN13/AM13,0,,False,,
Dashboard_2026,AP13,AQ12+AM13-AN13,52,,False,,
Dashboard_2026,AQ13,"GETPIVOTDATA(""WID"",'Pivot Sul'!$O$4,""Months (Connected Date)"",1,""Years (Connected Date)"",2026)",51,,False,Pivot Sul,GETPIVOTDATA; MONTHS; YEARS
Dashboard_2026,AR13,AQ13/AP13,0.98076923076923095,,False,,
Dashboard_2026,AS13,AT12+AP13-AQ13,38,,False,,
Dashboard_2026,AT13,"GETPIVOTDATA(""WID"",'Pivot Sul'!$O$4,""Months (Connected Date)"",2,""Years (Connected Date)"",2026)",38,,False,Pivot Sul,GETPIVOTDATA; MONTHS; YEARS
Dashboard_2026,AU13,AT13/AS13,1,,False,,
Dashboard_2026,AV13,AW12+AS13-AT13,44,,False,,
Dashboard_2026,AW13,"GETPIVOTDATA(""WID"",'Pivot Sul'!$O$4,""Months (Connected Date)"",3,""Years (Connected Date)"",2026)",38,,False,Pivot Sul,GETPIVOTDATA; MONTHS; YEARS
Dashboard_2026,AX13,AW13/AV13,0.86363636363636398,,False,,
Dashboard_2026,AY13,AZ12+AV13-AW13,58,,False,,
Dashboard_2026,AZ13,"GETPIVOTDATA(""WID"",'Pivot Sul'!$O$4,""Months (Connected Date)"",4,""Years (Connected Date)"",2026)",57,,False,Pivot Sul,GETPIVOTDATA; MONTHS; YEARS
Dashboard_2026,BA13,AZ13/AY13,0.98275862068965503,,False,,
Dashboard_2026,BB13,BC12+AY13-AZ13,4,,False,,
Dashboard_2026,BC13,"GETPIVOTDATA(""WID"",'Pivot Sul'!$O$4,""Months (Connected Date)"",5,""Years (Connected Date)"",2026)",2,,False,Pivot Sul,GETPIVOTDATA; MONTHS; YEARS
Dashboard_2026,BD13,BC13/BB13,0.5,,False,,
Dashboard_2026,C25,"GETPIVOTDATA(""WID"",'Pivot Kal'!$G$3)",182,,False,Pivot Kal,GETPIVOTDATA
Dashboard_2026,D25,V25+Y25+AB25+AE25+AH25+AK25+AN25+S25+AQ25+AT25+AW25+AZ25,172,,False,,
Dashboard_2026,E25,D25/C25,0.94505494505494503,,False,,
Dashboard_2026,S25,"GETPIVOTDATA(""WID"",'Pivot Kal'!$B$3,""Months (MOS)"",5,""Years (MOS)"",2025)",3,,False,Pivot Kal,GETPIVOTDATA; MONTHS; YEARS
Dashboard_2026,T25,S25/R25,1,,False,,
Dashboard_2026,V25,"GETPIVOTDATA(""WID"",'Pivot Kal'!$B$3,""Months (MOS)"",6)",12,,False,Pivot Kal,GETPIVOTDATA; MONTHS
Dashboard_2026,W25,V25/U25,0.92307692307692302,,False,,
Dashboard_2026,Y25,"GETPIVOTDATA(""WID"",'Pivot Kal'!$B$3,""Months (MOS)"",7)",5,,False,Pivot Kal,GETPIVOTDATA; MONTHS
Dashboard_2026,Z25,Y25/X25,1,,False,,
Dashboard_2026,AA25,C25-D25+AB25,39,,False,,
Dashboard_2026,AB25,"GETPIVOTDATA(""WID"",'Pivot Kal'!$B$3,""Months (MOS)"",8)",29,,False,Pivot Kal,GETPIVOTDATA; MONTHS
Dashboard_2026,AC25,AB25/AA25,0.74358974358974395,,False,,
Dashboard_2026,AD25,C25-D25+AE25,36,,False,,
Dashboard_2026,AE25,"GETPIVOTDATA(""WID"",'Pivot Kal'!$B$3,""Months (MOS)"",9)",26,,False,Pivot Kal,GETPIVOTDATA; MONTHS
Dashboard_2026,AF25,AE25/AD25,0.72222222222222199,,False,,
Dashboard_2026,AG25,C25-D25+AH25,32,,False,,
Dashboard_2026,AH25,"GETPIVOTDATA(""WID"",'Pivot Kal'!$B$3,""Months (MOS)"",10)",22,,False,Pivot Kal,GETPIVOTDATA; MONTHS
Dashboard_2026,AI25,AH25/AG25,0.6875,,False,,
Dashboard_2026,AJ25,C25-D25+AK25,27,,False,,
Dashboard_2026,AK25,"GETPIVOTDATA(""WID"",'Pivot Kal'!$B$3,""Months (MOS)"",11)",17,,False,Pivot Kal,GETPIVOTDATA; MONTHS
Dashboard_2026,AL25,AK25/AJ25,0.62962962962962998,,False,,
Dashboard_2026,AM25,C25-D25+AN25,26,,False,,
Dashboard_2026,AN25,"GETPIVOTDATA(""WID"",'Pivot Kal'!$B$3,""Months (MOS)"",12)",16,,False,Pivot Kal,GETPIVOTDATA; MONTHS
Dashboard_2026,AO25,AN25/AM25,0.61538461538461497,,False,,
Dashboard_2026,AP25,C25-D25+AQ25,14,,False,,
Dashboard_2026,AQ25,"GETPIVOTDATA(""WID"",'Pivot Kal'!$B$3,""Months (MOS)"",1)",4,,False,Pivot Kal,GETPIVOTDATA; MONTHS
Dashboard_2026,AR25,AQ25/AP25,0.28571428571428598,,False,,
Dashboard_2026,AS25,C25-D25+AT25,29,,False,,
Dashboard_2026,AT25,"GETPIVOTDATA(""WID"",'Pivot Kal'!$B$3,""Months (MOS)"",2,""Years (MOS)"",2026)",19,,False,Pivot Kal,GETPIVOTDATA; MONTHS; YEARS
Dashboard_2026,AU25,AT25/AS25,0.65517241379310298,,False,,
Dashboard_2026,AV25,C25-D25+AW25,14,,False,,
Dashboard_2026,AW25,"GETPIVOTDATA(""WID"",'Pivot Kal'!$AD$4,""Months (MOS)"",3,""Years (MOS)"",2026)",4,,False,Pivot Kal,GETPIVOTDATA; MONTHS; YEARS
Dashboard_2026,AX25,AW25/AV25,0.28571428571428598,,False,,
Dashboard_2026,AY25,C25-D25+AZ25,25,,False,,
Dashboard_2026,AZ25,"GETPIVOTDATA(""WID"",'Pivot Kal'!$B$3,""Months (MOS)"",4,""Years (MOS)"",2026)",15,,False,Pivot Kal,GETPIVOTDATA; MONTHS; YEARS
Dashboard_2026,BA25,AZ25/AY25,0.6,,False,,
Dashboard_2026,BB25,C25-D25+BC25,12,,False,,
Dashboard_2026,BC25,"GETPIVOTDATA(""WID"",'Pivot Kal'!$B$3,""Months (MOS)"",5,""Years (MOS)"",2026)",2,,False,Pivot Kal,GETPIVOTDATA; MONTHS; YEARS
Dashboard_2026,BD25,BC25/BB25,0.16666666666666699,,False,,
Dashboard_2026,D26,V26+Y26+AB26+AE26+AH26+AK26+AN26+S26+AQ26+AT26+AW26+AZ26,172,,False,,
Dashboard_2026,E26,D26/D25,1,,False,,
Dashboard_2026,S26,"GETPIVOTDATA(""WID"",'Pivot Kal'!$G$3,""Months (HI Done)"",5,""Years (HI Done)"",2025)",3,,False,Pivot Kal,GETPIVOTDATA; MONTHS; YEARS
Dashboard_2026,T26,S26/R26,1,,False,,
Dashboard_2026,U26,S25+V25-S26,12,,False,,
Dashboard_2026,V26,"GETPIVOTDATA(""WID"",'Pivot Kal'!$G$3,""Months (HI Done)"",6)",11,,False,Pivot Kal,GETPIVOTDATA; MONTHS
Dashboard_2026,W26,V26/U26,0.91666666666666696,,False,,
Dashboard_2026,X26,Y25+U26-V26,6,,False,,
Dashboard_2026,Y26,"GETPIVOTDATA(""WID"",'Pivot Kal'!$G$3,""Months (HI Done)"",7)",4,,False,Pivot Kal,GETPIVOTDATA; MONTHS
Dashboard_2026,Z26,Y26/X26,0.66666666666666696,,False,,
Dashboard_2026,AA26,AB25+X26-Y26,31,,False,,
Dashboard_2026,AB26,"GETPIVOTDATA(""WID"",'Pivot Kal'!$G$3,""Months (HI Done)"",8)",29,,False,Pivot Kal,GETPIVOTDATA; MONTHS
Dashboard_2026,AC26,AB26/AA26,0.93548387096774199,,False,,
Dashboard_2026,AD26,AE25+AA26-AB26,28,,False,,
Dashboard_2026,AE26,"GETPIVOTDATA(""WID"",'Pivot Kal'!$G$3,""Months (HI Done)"",9)",27,,False,Pivot Kal,GETPIVOTDATA; MONTHS
Dashboard_2026,AF26,AE26/AD26,0.96428571428571397,,False,,
Dashboard_2026,AG26,AH25+AD26-AE26,23,,False,,
Dashboard_2026,AH26,"GETPIVOTDATA(""WID"",'Pivot Kal'!$G$3,""Months (HI Done)"",10)",17,,False,Pivot Kal,GETPIVOTDATA; MONTHS
Dashboard_2026,AI26,AH26/AG26,0.73913043478260898,,False,,
Dashboard_2026,AJ26,AK25+AG26-AH26,23,,False,,
Dashboard_2026,AK26,"GETPIVOTDATA(""WID"",'Pivot Kal'!$G$3,""Months (HI Done)"",11)",20,,False,Pivot Kal,GETPIVOTDATA; MONTHS
Dashboard_2026,AL26,AK26/AJ26,0.86956521739130399,,False,,
Dashboard_2026,AM26,AN25+AJ26-AK26,19,,False,,
Dashboard_2026,AN26,"GETPIVOTDATA(""WID"",'Pivot Kal'!$G$3,""Months (HI Done)"",12,""Years (HI Done)"",2025)",19,,False,Pivot Kal,GETPIVOTDATA; MONTHS; YEARS
Dashboard_2026,AO26,AN26/AM26,1,,False,,
Dashboard_2026,AP26,AQ25+AM26-AN26,4,,False,,
Dashboard_2026,AQ26,"GETPIVOTDATA(""WID"",'Pivot Kal'!$G$3,""Months (HI Done)"",1,""Years (HI Done)"",2026)",4,,False,Pivot Kal,GETPIVOTDATA; MONTHS; YEARS
Dashboard_2026,AR26,AQ26/AP26,1,,False,,
Dashboard_2026,AS26,AT25+AP26-AQ26,19,,False,,
Dashboard_2026,AT26,"GETPIVOTDATA(""WID"",'Pivot Kal'!$G$3,""Months (HI Done)"",2,""Years (HI Done)"",2026)",18,,False,Pivot Kal,GETPIVOTDATA; MONTHS; YEARS
Dashboard_2026,AU26,AT26/AS26,0.94736842105263197,,False,,
Dashboard_2026,AV26,AW25+AS26-AT26,5,,False,,
Dashboard_2026,AW26,"GETPIVOTDATA(""WID"",'Pivot Kal'!$AJ$4,""Months (HI Done)"",3,""Years (HI Done)"",2026)",5,,False,Pivot Kal,GETPIVOTDATA; MONTHS; YEARS
Dashboard_2026,AX26,AW26/AV26,1,,False,,
Dashboard_2026,AY26,AZ25+AV26-AW26,15,,False,,
Dashboard_2026,AZ26,"GETPIVOTDATA(""WID"",'Pivot Kal'!$G$3,""Months (HI Done)"",4,""Years (HI Done)"",2026)",15,,False,Pivot Kal,GETPIVOTDATA; MONTHS; YEARS
Dashboard_2026,BB26,BC25+AY26-AZ26,2,,False,,
Dashboard_2026,BC26,"GETPIVOTDATA(""WID"",'Pivot Kal'!$G$3,""Months (HI Done)"",5,""Years (HI Done)"",2026)",2,,False,Pivot Kal,GETPIVOTDATA; MONTHS; YEARS
Dashboard_2026,D27,V27+Y27+AB27+AE27+AH27+AK27+AN27+S27+AQ27+AT27+AW27+AZ27,169,,False,,
Dashboard_2026,E27,D27/D26,0.98255813953488402,,False,,
Dashboard_2026,T27,S27/R27,1,,False,,
Dashboard_2026,U27,V26+R27-S27,11,,False,,
Dashboard_2026,V27,"GETPIVOTDATA(""WID"",'Pivot Kal'!$L$3,""Months (Connected Date)"",6)",10,,False,Pivot Kal,GETPIVOTDATA; MONTHS
Dashboard_2026,W27,V27/U27,0.90909090909090895,,False,,
Dashboard_2026,X27,Y26+U27-V27,5,,False,,
Dashboard_2026,Y27,"GETPIVOTDATA(""WID"",'Pivot Kal'!$L$3,""Months (Connected Date)"",7)",4,,False,Pivot Kal,GETPIVOTDATA; MONTHS
Dashboard_2026,Z27,Y27/X27,0.8,,False,,
Dashboard_2026,AA27,AB26+X27-Y27,30,,False,,
Dashboard_2026,AB27,"GETPIVOTDATA(""WID"",'Pivot Kal'!$L$3,""Months (Connected Date)"",8)",27,,False,Pivot Kal,GETPIVOTDATA; MONTHS
Dashboard_2026,AC27,AB27/AA27,0.9,,False,,
Dashboard_2026,AD27,AE26+AA27-AB27,30,,False,,
Dashboard_2026,AE27,"GETPIVOTDATA(""WID"",'Pivot Kal'!$L$3,""Months (Connected Date)"",9)",27,,False,Pivot Kal,GETPIVOTDATA; MONTHS
Dashboard_2026,AF27,AE27/AD27,0.9,,False,,
Dashboard_2026,AG27,AH26+AD27-AE27,20,,False,,
Dashboard_2026,AH27,"GETPIVOTDATA(""WID"",'Pivot Kal'!$L$3,""Months (Connected Date)"",10)",16,,False,Pivot Kal,GETPIVOTDATA; MONTHS
Dashboard_2026,AI27,AH27/AG27,0.8,,False,,
Dashboard_2026,AJ27,AK26+AG27-AH27,24,,False,,
Dashboard_2026,AK27,"GETPIVOTDATA(""WID"",'Pivot Kal'!$L$3,""Months (Connected Date)"",11)",21,,False,Pivot Kal,GETPIVOTDATA; MONTHS
Dashboard_2026,AL27,AK27/AJ27,0.875,,False,,
Dashboard_2026,AM27,AN26+AJ27-AK27,22,,False,,
Dashboard_2026,AN27,"GETPIVOTDATA(""WID"",'Pivot Kal'!$L$3,""Months (Connected Date)"",12)",20,,False,Pivot Kal,GETPIVOTDATA; MONTHS
Dashboard_2026,AO27,AN27/AM27,0.90909090909090895,,False,,
Dashboard_2026,AP27,AQ26+AM27-AN27,6,,False,,
Dashboard_2026,AQ27,"GETPIVOTDATA(""WID"",'Pivot Kal'!$L$3,""Months (Connected Date)"",1)",4,,False,Pivot Kal,GETPIVOTDATA; MONTHS
Dashboard_2026,AR27,AQ27/AP27,0.66666666666666696,,False,,
Dashboard_2026,AS27,AT26+AP27-AQ27,20,,False,,
Dashboard_2026,AT27,"GETPIVOTDATA(""WID"",'Pivot Kal'!$L$3,""Months (Connected Date)"",2,""Years (Connected Date)"",2026)",15,,False,Pivot Kal,GETPIVOTDATA; MONTHS; YEARS
Dashboard_2026,AU27,AT27/AS27,0.75,,False,,
Dashboard_2026,AV27,AW26+AS27-AT27,10,,False,,
Dashboard_2026,AW27,"GETPIVOTDATA(""WID"",'Pivot Kal'!$L$3,""Months (Connected Date)"",3,""Years (Connected Date)"",2026)",5,,False,Pivot Kal,GETPIVOTDATA; MONTHS; YEARS
Dashboard_2026,AX27,AW27/AV27,0.5,,False,,
Dashboard_2026,AY27,AZ26+AV27-AW27,20,,False,,
Dashboard_2026,AZ27,"GETPIVOTDATA(""WID"",'Pivot Kal'!$L$3,""Months (Connected Date)"",4,""Years (Connected Date)"",2026)",17,,False,Pivot Kal,GETPIVOTDATA; MONTHS; YEARS
Dashboard_2026,BA27,AZ27/AY27,0.85,,False,,
Dashboard_2026,BB27,BC26+AY27-AZ27,5,,False,,
Dashboard_2026,BC27,"GETPIVOTDATA(""WID"",'Pivot Kal'!$L$3,""Months (Connected Date)"",5,""Years (Connected Date)"",2026)",2,,False,Pivot Kal,GETPIVOTDATA; MONTHS; YEARS
Dashboard_2026,BD27,BC27/BB27,0.4,,False,,
Dashboard SUL,D5,J5+M5+P5+S5+V5+Y5+AB5+G5+AE5+AH5+AK5+AN5,#REF!,#REF!,False,,
Dashboard SUL,E5,D5/C5,#REF!,#REF!,False,,
Dashboard SUL,F5,12+110,122,,False,,
Dashboard SUL,H5,G5/F5,1,,False,,
Dashboard SUL,J5,"GETPIVOTDATA(""WID"",'Pivot Sul'!$B$4,""Months (MOS)"",2)",#REF!,#REF!,False,Pivot Sul,GETPIVOTDATA; MONTHS
Dashboard SUL,K5,J5/I5,#REF!,#REF!,False,,
Dashboard SUL,M5,"GETPIVOTDATA(""WID"",'Pivot Sul'!$B$4,""Months (MOS)"",3)",#REF!,#REF!,False,Pivot Sul,GETPIVOTDATA; MONTHS
Dashboard SUL,N5,M5/L5,#REF!,#REF!,False,,
Dashboard SUL,P5,"GETPIVOTDATA(""WID"",'Pivot Sul'!$B$4,""Months (MOS)"",4)",#REF!,#REF!,False,Pivot Sul,GETPIVOTDATA; MONTHS
Dashboard SUL,Q5,P5/O5,#REF!,#REF!,False,,
Dashboard SUL,S5,"GETPIVOTDATA(""WID"",'Pivot Sul'!$B$4,""Months (MOS)"",5)",#REF!,#REF!,False,Pivot Sul,GETPIVOTDATA; MONTHS
Dashboard SUL,T5,S5/R5,#REF!,#REF!,False,,
Dashboard SUL,V5,"GETPIVOTDATA(""WID"",'Pivot Sul'!$B$4,""Months (MOS)"",6)",31,,False,Pivot Sul,GETPIVOTDATA; MONTHS
Dashboard SUL,W5,V5/U5,1,,False,,
Dashboard SUL,Y5,"GETPIVOTDATA(""WID"",'Pivot Sul'!$B$4,""Months (MOS)"",7)",14,,False,Pivot Sul,GETPIVOTDATA; MONTHS
Dashboard SUL,Z5,Y5/X5,1,,False,,
Dashboard SUL,AB5,"GETPIVOTDATA(""WID"",'Pivot Sul'!$B$4,""Months (MOS)"",8)",16,,False,Pivot Sul,GETPIVOTDATA; MONTHS
Dashboard SUL,AC5,AB5/AA5,1,,False,,
Dashboard SUL,AE5,"GETPIVOTDATA(""WID"",'Pivot Sul'!$B$4,""Months (MOS)"",9)",41,,False,Pivot Sul,GETPIVOTDATA; MONTHS
Dashboard SUL,AF5,AE5/AD5,0.91111111111111098,,False,,
Dashboard SUL,AH5,"GETPIVOTDATA(""WID"",'Pivot Sul'!$B$4,""Months (MOS)"",10)",3,,False,Pivot Sul,GETPIVOTDATA; MONTHS
Dashboard SUL,AI5,AH5/AG5,1,,False,,
Dashboard SUL,AK5,"GETPIVOTDATA(""WID"",'Pivot Sul'!$B$4,""Months (MOS)"",11)",#REF!,#REF!,False,Pivot Sul,GETPIVOTDATA; MONTHS
Dashboard SUL,AL5,AK5/AJ5,#REF!,#REF!,False,,
Dashboard SUL,AM5,C5-D5+AN5,#REF!,#REF!,False,,
Dashboard SUL,AN5,"GETPIVOTDATA(""WID"",'Pivot Sul'!$B$4,""Months (MOS)"",12)",2,,False,Pivot Sul,GETPIVOTDATA; MONTHS
Dashboard SUL,AO5,AN5/AM5,#REF!,#REF!,False,,
Dashboard SUL,D6,J6+M6+P6+S6+V6+Y6+AB6+G6+AE6+AH6+AK6+AN6,#REF!,#REF!,False,,
Dashboard SUL,E6,D6/D5,#REF!,#REF!,False,,
Dashboard SUL,H6,G6/F6,1,,False,,
Dashboard SUL,I6,F6+J5-G6,#REF!,#REF!,False,,
Dashboard SUL,J6,"GETPIVOTDATA(""WID"",'Pivot Sul'!$I$4,""Months (HI Done)"",2)",#REF!,#REF!,False,Pivot Sul,GETPIVOTDATA; MONTHS
Dashboard SUL,K6,J6/I6,#REF!,#REF!,False,,
Dashboard SUL,L6,M5+I6-J6,#REF!,#REF!,False,,
Dashboard SUL,M6,"GETPIVOTDATA(""WID"",'Pivot Sul'!$I$4,""Months (HI Done)"",3)",#REF!,#REF!,False,Pivot Sul,GETPIVOTDATA; MONTHS
Dashboard SUL,N6,M6/L6,#REF!,#REF!,False,,
Dashboard SUL,O6,P5+L6-M6,#REF!,#REF!,False,,
Dashboard SUL,P6,"GETPIVOTDATA(""WID"",'Pivot Sul'!$I$4,""Months (HI Done)"",4)",#REF!,#REF!,False,Pivot Sul,GETPIVOTDATA; MONTHS
Dashboard SUL,Q6,P6/O6,#REF!,#REF!,False,,
Dashboard SUL,R6,S5+O6-P6,#REF!,#REF!,False,,
Dashboard SUL,S6,"GETPIVOTDATA(""WID"",'Pivot Sul'!$I$4,""Months (HI Done)"",5)",#REF!,#REF!,False,Pivot Sul,GETPIVOTDATA; MONTHS
Dashboard SUL,T6,S6/R6,#REF!,#REF!,False,,
Dashboard SUL,U6,V5+R6-S6,#REF!,#REF!,False,,
Dashboard SUL,V6,"GETPIVOTDATA(""WID"",'Pivot Sul'!$I$4,""Months (HI Done)"",6)",32,,False,Pivot Sul,GETPIVOTDATA; MONTHS
Dashboard SUL,W6,V6/U6,#REF!,#REF!,False,,
Dashboard SUL,X6,Y5+U6-V6,#REF!,#REF!,False,,
Dashboard SUL,Y6,"GETPIVOTDATA(""WID"",'Pivot Sul'!$I$4,""Months (HI Done)"",7)",15,,False,Pivot Sul,GETPIVOTDATA; MONTHS
Dashboard SUL,Z6,Y6/X6,#REF!,#REF!,False,,
Dashboard SUL,AA6,AB5+X6-Y6,#REF!,#REF!,False,,
Dashboard SUL,AB6,"GETPIVOTDATA(""WID"",'Pivot Sul'!$I$4,""Months (HI Done)"",8)",15,,False,Pivot Sul,GETPIVOTDATA; MONTHS
Dashboard SUL,AC6,AB6/AA6,#REF!,#REF!,False,,
Dashboard SUL,AD6,AE5+AA6-AB6,#REF!,#REF!,False,,
Dashboard SUL,AE6,"GETPIVOTDATA(""WID"",'Pivot Sul'!$I$4,""Months (HI Done)"",9)",41,,False,Pivot Sul,GETPIVOTDATA; MONTHS
Dashboard SUL,AF6,AE6/AD6,#REF!,#REF!,False,,
Dashboard SUL,AG6,AH5+AD6-AE6,#REF!,#REF!,False,,
Dashboard SUL,AH6,"GETPIVOTDATA(""WID"",'Pivot Sul'!$I$4,""Months (HI Done)"",10)",3,,False,Pivot Sul,GETPIVOTDATA; MONTHS
Dashboard SUL,AI6,AH6/AG6,#REF!,#REF!,False,,
Dashboard SUL,AJ6,AK5+AG6-AH6,#REF!,#REF!,False,,
Dashboard SUL,AK6,"GETPIVOTDATA(""WID"",'Pivot Sul'!$I$4,""Months (HI Done)"",11)",#REF!,#REF!,False,Pivot Sul,GETPIVOTDATA; MONTHS
Dashboard SUL,AL6,AK6/AJ6,#REF!,#REF!,False,,
Dashboard SUL,AM6,AN5+AJ6-AK6,#REF!,#REF!,False,,
Dashboard SUL,AN6,"GETPIVOTDATA(""WID"",'Pivot Sul'!$I$4,""Months (HI Done)"",12)",2,,False,Pivot Sul,GETPIVOTDATA; MONTHS
Dashboard SUL,AO6,AN6/AM6,#REF!,#REF!,False,,
Dashboard SUL,D7,J7+M7+P7+S7+V7+Y7+AB7+G7+AE7+AH7+AK7+AN7,#REF!,#REF!,False,,
Dashboard SUL,E7,D7/D6,#REF!,#REF!,False,,
Dashboard SUL,G7,"GETPIVOTDATA(""WID"",'Pivot Sul'!$O$4,""Months (Connected Date)"",1)",#REF!,#REF!,False,Pivot Sul,GETPIVOTDATA; MONTHS
Dashboard SUL,H7,G7/F7,#REF!,#REF!,False,,
Dashboard SUL,J7,"GETPIVOTDATA(""WID"",'Pivot Sul'!$O$4,""Months (Connected Date)"",2)",#REF!,#REF!,False,Pivot Sul,GETPIVOTDATA; MONTHS
Dashboard SUL,K7,J7/I7,#REF!,#REF!,False,,
Dashboard SUL,M7,"GETPIVOTDATA(""WID"",'Pivot Sul'!$O$4,""Months (Connected Date)"",3)",#REF!,#REF!,False,Pivot Sul,GETPIVOTDATA; MONTHS
Dashboard SUL,N7,M7/L7,#REF!,#REF!,False,,
Dashboard SUL,P7,"GETPIVOTDATA(""WID"",'Pivot Sul'!$O$4,""Months (Connected Date)"",4)",#REF!,#REF!,False,Pivot Sul,GETPIVOTDATA; MONTHS
Dashboard SUL,Q7,P7/O7,#REF!,#REF!,False,,
Dashboard SUL,R7,S6+O7-P7,#REF!,#REF!,False,,
Dashboard SUL,S7,"GETPIVOTDATA(""WID"",'Pivot Sul'!$O$4,""Months (Connected Date)"",5)",#REF!,#REF!,False,Pivot Sul,GETPIVOTDATA; MONTHS
Dashboard SUL,T7,S7/R7,#REF!,#REF!,False,,
Dashboard SUL,U7,V6+R7-S7,#REF!,#REF!,False,,
Dashboard SUL,V7,"GETPIVOTDATA(""WID"",'Pivot Sul'!$O$4,""Months (Connected Date)"",6)",33,,False,Pivot Sul,GETPIVOTDATA; MONTHS
Dashboard SUL,W7,V7/U7,#REF!,#REF!,False,,
Dashboard SUL,X7,Y6+U7-V7,#REF!,#REF!,False,,
Dashboard SUL,Y7,"GETPIVOTDATA(""WID"",'Pivot Sul'!$O$4,""Months (Connected Date)"",7)",12,,False,Pivot Sul,GETPIVOTDATA; MONTHS
Dashboard SUL,Z7,Y7/X7,#REF!,#REF!,False,,
Dashboard SUL,AA7,AB6+X7-Y7,#REF!,#REF!,False,,
Dashboard SUL,AB7,"GETPIVOTDATA(""WID"",'Pivot Sul'!$O$4,""Months (Connected Date)"",8)",17,,False,Pivot Sul,GETPIVOTDATA; MONTHS
Dashboard SUL,AC7,AB7/AA7,#REF!,#REF!,False,,
Dashboard SUL,AD7,AE6+AA7-AB7,#REF!,#REF!,False,,
Dashboard SUL,AE7,"GETPIVOTDATA(""WID"",'Pivot Sul'!$O$4,""Months (Connected Date)"",9)",37,,False,Pivot Sul,GETPIVOTDATA; MONTHS
Dashboard SUL,AF7,AE7/AD7,#REF!,#REF!,False,,
Dashboard SUL,AG7,AH6+AD7-AE7,#REF!,#REF!,False,,
Dashboard SUL,AH7,"GETPIVOTDATA(""WID"",'Pivot Sul'!$O$4,""Months (Connected Date)"",10)",7,,False,Pivot Sul,GETPIVOTDATA; MONTHS
Dashboard SUL,AI7,AH7/AG7,#REF!,#REF!,False,,
Dashboard SUL,AJ7,AK6+AG7-AH7,#REF!,#REF!,False,,
Dashboard SUL,AL7,AK7/AJ7,#REF!,#REF!,False,,
Dashboard SUL,AM7,AN6+AJ7-AK7,#REF!,#REF!,False,,
Dashboard SUL,AN7,"GETPIVOTDATA(""WID"",'Pivot Sul'!$O$4,""Months (Connected Date)"",12)",#REF!,#REF!,False,Pivot Sul,GETPIVOTDATA; MONTHS
Dashboard SUL,AO7,AN7/AM7,#REF!,#REF!,False,,
Dashboard Sulawesi,C5,"GETPIVOTDATA(""WID"",'Pvt Dash Sul'!$B$6)",398,,False,Pvt Dash Sul,GETPIVOTDATA
Dashboard Sulawesi,D5,C5,398,,False,,
Dashboard Sulawesi,E5,"GETPIVOTDATA(""Count of MOS"",'Pvt Dash Sul'!$B$21)",336,,False,Pvt Dash Sul,GETPIVOTDATA
Dashboard Sulawesi,F5,D5-E5,62,,False,,
Dashboard Sulawesi,G5,E5/D5,0.84422110552763818,,False,,
Dashboard Sulawesi,D6,E5,336,,False,,
Dashboard Sulawesi,E6,"GETPIVOTDATA(""WID"",'Pvt Dash Sul'!$B$28,""SM Kitting, PTW & EHS"",""01-Passed"")",279,,False,Pvt Dash Sul,GETPIVOTDATA
Dashboard Sulawesi,F6,D6-E6,57,,False,,
Dashboard Sulawesi,G6,E6/D6,0.8303571428571429,,False,,
Dashboard Sulawesi,N6,SUM(N8:N13),53,,False,,SUM
Dashboard Sulawesi,O6,SUM(O8:O13),39,,False,,SUM
Dashboard Sulawesi,P6,SUM(P8:P13),35,,False,,SUM
Dashboard Sulawesi,Q6,SUM(Q8:Q13),34,,False,,SUM
Dashboard Sulawesi,R6,SUM(R8:R12),9,,False,,SUM
Dashboard Sulawesi,W6,SUM(W8:W12),72,,False,,SUM
Dashboard Sulawesi,D7,E5,336,,False,,
Dashboard Sulawesi,E7,"GETPIVOTDATA(""Count of HI Done"",'Pvt Dash Sul'!$B$21)",331,,False,Pvt Dash Sul,GETPIVOTDATA
Dashboard Sulawesi,F7,D7-E7,5,,False,,
Dashboard Sulawesi,G7,E7/D7,0.98511904761904767,,False,,
Dashboard Sulawesi,D8,E5,336,,False,,
Dashboard Sulawesi,E8,"GETPIVOTDATA(""Count of Connected Date"",'Pvt Dash Sul'!$B$21)",328,,False,Pvt Dash Sul,GETPIVOTDATA
Dashboard Sulawesi,F8,D8-E8,8,,False,,
Dashboard Sulawesi,G8,E8/D8,0.97619047619047616,,False,,
Dashboard Sulawesi,N8,"GETPIVOTDATA(""WID"",'Pvt Dash Sul'!$B$6,""ZTE ZONE"",""MAKASSAR"",""Monthly Assignment"",1)",1,,False,Pvt Dash Sul,GETPIVOTDATA
Dashboard Sulawesi,O8,"GETPIVOTDATA(""WID"",'Pvt Dash Sul'!$AI$6,""ZTE ZONE"",""MAKASSAR"",""Connected Date"",1)",1,,False,Pvt Dash Sul,GETPIVOTDATA
Dashboard Sulawesi,P8,"GETPIVOTDATA(""WID"",'Pvt Dash Sul'!$H$6,""ZTE ZONE"",""MAKASSAR"",""ATP Passed"",1)",0,,False,Pvt Dash Sul,GETPIVOTDATA
Dashboard Sulawesi,Q8,"GETPIVOTDATA(""WID"",'Pvt Dash Sul'!$N$6,""ZTE ZONE"",""MAKASSAR"",""Ineom Passed"",1)",0,,False,Pvt Dash Sul,GETPIVOTDATA
Dashboard Sulawesi,R8,"GETPIVOTDATA(""WID"",'Pvt Dash Sul'!$B$82,""ZTE ZONE"",""MAKASSAR"",""eATP Status"",""00-eATP Approved Tsel"")",9,,False,Pvt Dash Sul,GETPIVOTDATA
Dashboard Sulawesi,T8,"GETPIVOTDATA(""WID"",'Pvt Dash Sul'!$T$6,""ZTE ZONE"",""MAKASSAR"",""SM ATP"",""Progress"")",5,,False,Pvt Dash Sul,GETPIVOTDATA
Dashboard Sulawesi,W8,U8*8,8,,False,,
Dashboard Sulawesi,D9,E5,336,,False,,
Dashboard Sulawesi,E9,"GETPIVOTDATA(""WID"",'Pvt Dash Sul'!$B$39,""SM ATP"",""passed"")",288,,False,Pvt Dash Sul,GETPIVOTDATA
Dashboard Sulawesi,F9,D9-E9,48,,False,,
Dashboard Sulawesi,G9,E9/D9,0.8571428571428571,,False,,
Dashboard Sulawesi,N9,"GETPIVOTDATA(""WID"",'Pvt Dash Sul'!$B$6,""ZTE ZONE"",""MAKASSAR"",""Monthly Assignment"",2)",33,,False,Pvt Dash Sul,GETPIVOTDATA
Dashboard Sulawesi,O9,"GETPIVOTDATA(""WID"",'Pvt Dash Sul'!$AI$6,""ZTE ZONE"",""MAKASSAR"",""Connected Date"",2)",1,,False,Pvt Dash Sul,GETPIVOTDATA
Dashboard Sulawesi,P9,"GETPIVOTDATA(""WID"",'Pvt Dash Sul'!$H$6,""ZTE ZONE"",""MAKASSAR"",""ATP Passed"",2)",1,,False,Pvt Dash Sul,GETPIVOTDATA
Dashboard Sulawesi,Q9,"GETPIVOTDATA(""WID"",'Pvt Dash Sul'!$N$6,""ZTE ZONE"",""MAKASSAR"",""Ineom Passed"",2)",1,,False,Pvt Dash Sul,GETPIVOTDATA
Dashboard Sulawesi,W9,U9*8,8,,False,,
Dashboard Sulawesi,D10,"GETPIVOTDATA(""WID"",'Pvt Dash Sul'!$B$50,""SM Dismantle"",""Passed"")+GETPIVOTDATA(""WID"",'Pvt Dash Sul'!$B$50,""SM Dismantle"",""Progress"")",147,,False,Pvt Dash Sul,GETPIVOTDATA
Dashboard Sulawesi,E10,"GETPIVOTDATA(""WID"",'Pvt Dash Sul'!$B$50,""SM Dismantle"",""Passed"")",135,,False,Pvt Dash Sul,GETPIVOTDATA
Dashboard Sulawesi,F10,D10-E10,12,,False,,
Dashboard Sulawesi,G10,E10/D10,0.91836734693877553,,False,,
Dashboard Sulawesi,N10,"GETPIVOTDATA(""WID"",'Pvt Dash Sul'!$B$6,""ZTE ZONE"",""MAKASSAR"",""Monthly Assignment"",3)",0,,False,Pvt Dash Sul,GETPIVOTDATA
Dashboard Sulawesi,O10,"GETPIVOTDATA(""WID"",'Pvt Dash Sul'!$AI$6,""ZTE ZONE"",""MAKASSAR"",""Connected Date"",3)",20,,False,Pvt Dash Sul,GETPIVOTDATA
Dashboard Sulawesi,P10,"GETPIVOTDATA(""WID"",'Pvt Dash Sul'!$H$6,""ZTE ZONE"",""MAKASSAR"",""ATP Passed"",3)",10,,False,Pvt Dash Sul,GETPIVOTDATA
Dashboard Sulawesi,Q10,"GETPIVOTDATA(""WID"",'Pvt Dash Sul'!$N$6,""ZTE ZONE"",""MAKASSAR"",""Ineom Passed"",3)",1,,False,Pvt Dash Sul,GETPIVOTDATA
Dashboard Sulawesi,W10,U10*8,24,,False,,
Dashboard Sulawesi,D11,D10,147,,False,,
Dashboard Sulawesi,E11,"GETPIVOTDATA(""WID"",'Pvt Dash Sul'!$B$61,""Remark INBOUND"",""Inbound"")",128,,False,Pvt Dash Sul,GETPIVOTDATA
Dashboard Sulawesi,F11,D11-E11,19,,False,,
Dashboard Sulawesi,G11,E11/D11,0.87074829931972786,,False,,
Dashboard Sulawesi,N11,"GETPIVOTDATA(""WID"",'Pvt Dash Sul'!$B$6,""ZTE ZONE"",""MAKASSAR"",""Monthly Assignment"",4)",3,,False,Pvt Dash Sul,GETPIVOTDATA
Dashboard Sulawesi,O11,"GETPIVOTDATA(""WID"",'Pvt Dash Sul'!$AI$6,""ZTE ZONE"",""MAKASSAR"",""Connected Date"",4)",3,,False,Pvt Dash Sul,GETPIVOTDATA
Dashboard Sulawesi,P11,"GETPIVOTDATA(""WID"",'Pvt Dash Sul'!$H$6,""ZTE ZONE"",""MAKASSAR"",""ATP Passed"",4)",12,,False,Pvt Dash Sul,GETPIVOTDATA
Dashboard Sulawesi,Q11,"GETPIVOTDATA(""WID"",'Pvt Dash Sul'!$N$6,""ZTE ZONE"",""MAKASSAR"",""Ineom Passed"",4)",18,,False,Pvt Dash Sul,GETPIVOTDATA
Dashboard Sulawesi,W11,U11*8,16,,False,,
Dashboard Sulawesi,D12,D9,336,,False,,
Dashboard Sulawesi,E12,"GETPIVOTDATA(""WID"",'Pvt Dash Sul'!$B$71,""FI Ineom"",""Done Tagging"")",281,,False,Pvt Dash Sul,GETPIVOTDATA
Dashboard Sulawesi,F12,D12-E12,55,,False,,
Dashboard Sulawesi,G12,E12/D12,0.83630952380952384,,False,,
Dashboard Sulawesi,N12,"GETPIVOTDATA(""WID"",'Pvt Dash Sul'!$B$6,""ZTE ZONE"",""MAKASSAR"",""Monthly Assignment"",5)",15,,False,Pvt Dash Sul,GETPIVOTDATA
Dashboard Sulawesi,O12,"GETPIVOTDATA(""WID"",'Pvt Dash Sul'!$AI$6,""ZTE ZONE"",""MAKASSAR"",""Connected Date"",5)",11,,False,Pvt Dash Sul,GETPIVOTDATA
Dashboard Sulawesi,P12,"GETPIVOTDATA(""WID"",'Pvt Dash Sul'!$H$6,""ZTE ZONE"",""MAKASSAR"",""ATP Passed"",5)",5,,False,Pvt Dash Sul,GETPIVOTDATA
Dashboard Sulawesi,Q12,"GETPIVOTDATA(""WID"",'Pvt Dash Sul'!$N$6,""ZTE ZONE"",""MAKASSAR"",""Ineom Passed"",5)",6,,False,Pvt Dash Sul,GETPIVOTDATA
Dashboard Sulawesi,W12,U12*8,16,,False,,
Dashboard Sulawesi,D13,E5,336,,False,,
Dashboard Sulawesi,E13,"GETPIVOTDATA(""WID"",'Pvt Dash Sul'!$B$82,""eATP Status"",""00-eATP Approved Tsel"")",124,,False,Pvt Dash Sul,GETPIVOTDATA
Dashboard Sulawesi,F13,D13-E13,212,,False,,
Dashboard Sulawesi,G13,E13/D13,0.36904761904761907,,False,,
Dashboard Sulawesi,N13,"GETPIVOTDATA(""WID"",'Pvt Dash Sul'!$B$6,""ZTE ZONE"",""MAKASSAR"",""Monthly Assignment"",6)",1,,False,Pvt Dash Sul,GETPIVOTDATA
Dashboard Sulawesi,O13,"GETPIVOTDATA(""WID"",'Pvt Dash Sul'!$AI$6,""ZTE ZONE"",""MAKASSAR"",""Connected Date"",6)",3,,False,Pvt Dash Sul,GETPIVOTDATA
Dashboard Sulawesi,P13,"GETPIVOTDATA(""WID"",'Pvt Dash Sul'!$H$6,""ZTE ZONE"",""MAKASSAR"",""ATP Passed"",6)",7,,False,Pvt Dash Sul,GETPIVOTDATA
Dashboard Sulawesi,Q13,"GETPIVOTDATA(""WID"",'Pvt Dash Sul'!$N$6,""ZTE ZONE"",""MAKASSAR"",""Ineom Passed"",6)",8,,False,Pvt Dash Sul,GETPIVOTDATA
Dashboard Sulawesi,D14,E5,336,,False,,
Dashboard Sulawesi,F14,D14-E14,336,,False,,
Dashboard Sulawesi,G14,E14/D14,0,,False,,
Dashboard Sulawesi,N14,"GETPIVOTDATA(""WID"",'Pvt Dash Sul'!$B$6,""ZTE ZONE"",""MAKASSAR"",""Monthly Assignment"",7)",7,,False,Pvt Dash Sul,GETPIVOTDATA
Dashboard Sulawesi,O14,"GETPIVOTDATA(""WID"",'Pvt Dash Sul'!$AI$6,""ZTE ZONE"",""MAKASSAR"",""Connected Date"",7)",5,,False,Pvt Dash Sul,GETPIVOTDATA
Dashboard Sulawesi,P14,"GETPIVOTDATA(""WID"",'Pvt Dash Sul'!$H$6,""ZTE ZONE"",""MAKASSAR"",""ATP Passed"",7)",6,,False,Pvt Dash Sul,GETPIVOTDATA
Dashboard Sulawesi,Q14,"GETPIVOTDATA(""WID"",'Pvt Dash Sul'!$N$6,""ZTE ZONE"",""MAKASSAR"",""Ineom Passed"",7)",7,,False,Pvt Dash Sul,GETPIVOTDATA
Dashboard Sulawesi,N15,"GETPIVOTDATA(""WID"",'Pvt Dash Sul'!$B$6,""ZTE ZONE"",""MAKASSAR"",""Monthly Assignment"",8)",10,,False,Pvt Dash Sul,GETPIVOTDATA
Dashboard Sulawesi,O15,"GETPIVOTDATA(""WID"",'Pvt Dash Sul'!$AI$6,""ZTE ZONE"",""MAKASSAR"",""Connected Date"",8)",2,,False,Pvt Dash Sul,GETPIVOTDATA
Dashboard Sulawesi,P15,"GETPIVOTDATA(""WID"",'Pvt Dash Sul'!$H$6,""ZTE ZONE"",""MAKASSAR"",""ATP Passed"",8)",2,,False,Pvt Dash Sul,GETPIVOTDATA
Dashboard Sulawesi,Q15,"GETPIVOTDATA(""WID"",'Pvt Dash Sul'!$N$6,""ZTE ZONE"",""MAKASSAR"",""Ineom Passed"",8)",2,,False,Pvt Dash Sul,GETPIVOTDATA
Dashboard Sulawesi,N18,SUM(N20:N24),38,,False,,SUM
Dashboard Sulawesi,O18,SUM(O20:O25),31,,False,,SUM
Dashboard Sulawesi,P18,SUM(P20:P25),31,,False,,SUM
Dashboard Sulawesi,Q18,SUM(Q20:Q25),30,,False,,SUM
Dashboard Sulawesi,R18,SUM(R20:R24),12,,False,,SUM
Dashboard Sulawesi,W18,SUM(W20:W24),0,,False,,SUM
Dashboard Sulawesi,C20,"GETPIVOTDATA(""WID"",'Pvt Dash Sul'!$B$6,""ZTE ZONE"",""MAKASSAR"")+GETPIVOTDATA(""WID"",'Pvt Dash Sul'!$B$6,""ZTE ZONE"",""MANADO"")",110,,False,Pvt Dash Sul,GETPIVOTDATA
Dashboard Sulawesi,D20,C20,110,,False,,
Dashboard Sulawesi,E20,"GETPIVOTDATA(""Count of MOS"",'Pvt Dash Sul'!$B$21,""ZTE ZONE"",""MAKASSAR"")+GETPIVOTDATA(""Count of MOS"",'Pvt Dash Sul'!$B$21,""ZTE ZONE"",""MANADO"")",86,,False,Pvt Dash Sul,GETPIVOTDATA
Dashboard Sulawesi,F20,D20-E20,24,,False,,
Dashboard Sulawesi,G20,E20/D20,0.78181818181818186,,False,,
Dashboard Sulawesi,N20,"GETPIVOTDATA(""WID"",'Pvt Dash Sul'!$B$6,""ZTE ZONE"",""MANADO"",""Monthly Assignment"",1)",0,,False,Pvt Dash Sul,GETPIVOTDATA
Dashboard Sulawesi,O20,"GETPIVOTDATA(""WID"",'Pvt Dash Sul'!$AI$6,""ZTE ZONE"",""MANADO"",""Connected Date"",1)",0,,False,Pvt Dash Sul,GETPIVOTDATA
Dashboard Sulawesi,P20,"GETPIVOTDATA(""WID"",'Pvt Dash Sul'!$H$6,""ZTE ZONE"",""MANADO"",""ATP Passed"",1)",0,,False,Pvt Dash Sul,GETPIVOTDATA
Dashboard Sulawesi,Q20,"GETPIVOTDATA(""WID"",'Pvt Dash Sul'!$N$6,""ZTE ZONE"",""MANADO"",""Ineom Passed"",1)",0,,False,Pvt Dash Sul,GETPIVOTDATA
Dashboard Sulawesi,R20,"GETPIVOTDATA(""WID"",'Pvt Dash Sul'!$B$82,""ZTE ZONE"",""MANADO"",""eATP Status"",""00-eATP Approved Tsel"")",12,,False,Pvt Dash Sul,GETPIVOTDATA
Dashboard Sulawesi,T20,"GETPIVOTDATA(""WID"",'Pvt Dash Sul'!$T$6,""ZTE ZONE"",""MANADO"",""SM ATP"",""Progress"")",2,,False,Pvt Dash Sul,GETPIVOTDATA
Dashboard Sulawesi,D21,E20,86,,False,,
Dashboard Sulawesi,E21,"GETPIVOTDATA(""WID"",'Pvt Dash Sul'!$B$28,""ZTE ZONE"",""MAKASSAR"",""SM Kitting, PTW & EHS"",""01-Passed"")+GETPIVOTDATA(""WID"",'Pvt Dash Sul'!$B$28,""ZTE ZONE"",""MANADO"",""SM Kitting, PTW & EHS"",""01-Passed"")",78,,False,Pvt Dash Sul,GETPIVOTDATA
Dashboard Sulawesi,F21,D21-E21,8,,False,,
Dashboard Sulawesi,G21,E21/D21,0.90697674418604646,,False,,
Dashboard Sulawesi,N21,"GETPIVOTDATA(""WID"",'Pvt Dash Sul'!$B$6,""ZTE ZONE"",""MANADO"",""Monthly Assignment"",2)",0,,False,Pvt Dash Sul,GETPIVOTDATA
Dashboard Sulawesi,O21,"GETPIVOTDATA(""WID"",'Pvt Dash Sul'!$AI$6,""ZTE ZONE"",""MANADO"",""Connected Date"",2)",0,,False,Pvt Dash Sul,GETPIVOTDATA
Dashboard Sulawesi,P21,"GETPIVOTDATA(""WID"",'Pvt Dash Sul'!$H$6,""ZTE ZONE"",""MANADO"",""ATP Passed"",2)",0,,False,Pvt Dash Sul,GETPIVOTDATA
Dashboard Sulawesi,Q21,"GETPIVOTDATA(""WID"",'Pvt Dash Sul'!$N$6,""ZTE ZONE"",""MANADO"",""Ineom Passed"",2)",0,,False,Pvt Dash Sul,GETPIVOTDATA
Dashboard Sulawesi,D22,E20,86,,False,,
Dashboard Sulawesi,E22,"GETPIVOTDATA(""Count of HI Done"",'Pvt Dash Sul'!$B$21,""ZTE ZONE"",""MAKASSAR"")+GETPIVOTDATA(""Count of HI Done"",'Pvt Dash Sul'!$B$21,""ZTE ZONE"",""MANADO"")",85,,False,Pvt Dash Sul,GETPIVOTDATA
Dashboard Sulawesi,F22,D22-E22,1,,False,,
Dashboard Sulawesi,G22,E22/D22,0.98837209302325579,,False,,
Dashboard Sulawesi,N22,"GETPIVOTDATA(""WID"",'Pvt Dash Sul'!$B$6,""ZTE ZONE"",""MANADO"",""Monthly Assignment"",3)",10,,False,Pvt Dash Sul,GETPIVOTDATA
Dashboard Sulawesi,O22,"GETPIVOTDATA(""WID"",'Pvt Dash Sul'!$AI$6,""ZTE ZONE"",""MANADO"",""Connected Date"",3)",0,,False,Pvt Dash Sul,GETPIVOTDATA
Dashboard Sulawesi,P22,"GETPIVOTDATA(""WID"",'Pvt Dash Sul'!$H$6,""ZTE ZONE"",""MANADO"",""ATP Passed"",3)",0,,False,Pvt Dash Sul,GETPIVOTDATA
Dashboard Sulawesi,Q22,"GETPIVOTDATA(""WID"",'Pvt Dash Sul'!$N$6,""ZTE ZONE"",""MANADO"",""Ineom Passed"",3)",0,,False,Pvt Dash Sul,GETPIVOTDATA
Dashboard Sulawesi,D23,E20,86,,False,,
Dashboard Sulawesi,E23,"GETPIVOTDATA(""Count of Connected Date"",'Pvt Dash Sul'!$B$21,""ZTE ZONE"",""MAKASSAR"")+GETPIVOTDATA(""Count of Connected Date"",'Pvt Dash Sul'!$B$21,""ZTE ZONE"",""MANADO"")",82,,False,Pvt Dash Sul,GETPIVOTDATA
Dashboard Sulawesi,F23,D23-E23,4,,False,,
Dashboard Sulawesi,G23,E23/D23,0.95348837209302328,,False,,
Dashboard Sulawesi,N23,"GETPIVOTDATA(""WID"",'Pvt Dash Sul'!$B$6,""ZTE ZONE"",""MANADO"",""Monthly Assignment"",4)",15,,False,Pvt Dash Sul,GETPIVOTDATA
Dashboard Sulawesi,O23,"GETPIVOTDATA(""WID"",'Pvt Dash Sul'!$AI$6,""ZTE ZONE"",""MANADO"",""Connected Date"",4)",19,,False,Pvt Dash Sul,GETPIVOTDATA
Dashboard Sulawesi,P23,"GETPIVOTDATA(""WID"",'Pvt Dash Sul'!$H$6,""ZTE ZONE"",""MANADO"",""ATP Passed"",4)",16,,False,Pvt Dash Sul,GETPIVOTDATA
Dashboard Sulawesi,Q23,"GETPIVOTDATA(""WID"",'Pvt Dash Sul'!$N$6,""ZTE ZONE"",""MANADO"",""Ineom Passed"",4)",12,,False,Pvt Dash Sul,GETPIVOTDATA
Dashboard Sulawesi,D24,E23,82,,False,,
Dashboard Sulawesi,E24,"GETPIVOTDATA(""WID"",'Pvt Dash Sul'!$B$39,""ZTE ZONE"",""MAKASSAR"",""SM ATP"",""passed"")+GETPIVOTDATA(""WID"",'Pvt Dash Sul'!$B$39,""ZTE ZONE"",""MANADO"",""SM ATP"",""passed"")",79,,False,Pvt Dash Sul,GETPIVOTDATA
Dashboard Sulawesi,F24,D24-E24,3,,False,,
Dashboard Sulawesi,G24,E24/D24,0.96341463414634143,,False,,
Dashboard Sulawesi,N24,"GETPIVOTDATA(""WID"",'Pvt Dash Sul'!$B$6,""ZTE ZONE"",""MANADO"",""Monthly Assignment"",5)",13,,False,Pvt Dash Sul,GETPIVOTDATA
Dashboard Sulawesi,O24,"GETPIVOTDATA(""WID"",'Pvt Dash Sul'!$AI$6,""ZTE ZONE"",""MANADO"",""Connected Date"",5)",12,,False,Pvt Dash Sul,GETPIVOTDATA
Dashboard Sulawesi,P24,"GETPIVOTDATA(""WID"",'Pvt Dash Sul'!$H$6,""ZTE ZONE"",""MANADO"",""ATP Passed"",5)",14,,False,Pvt Dash Sul,GETPIVOTDATA
Dashboard Sulawesi,Q24,"GETPIVOTDATA(""WID"",'Pvt Dash Sul'!$N$6,""ZTE ZONE"",""MANADO"",""Ineom Passed"",5)",9,,False,Pvt Dash Sul,GETPIVOTDATA
Dashboard Sulawesi,D25,"GETPIVOTDATA(""WID"",'Pvt Dash Sul'!$B$50,""ZTE ZONE"",""MAKASSAR"",""SM Dismantle"",""Passed"")+GETPIVOTDATA(""WID"",'Pvt Dash Sul'!$B$50,""ZTE ZONE"",""MANADO"",""SM Dismantle"",""Passed"")+GETPIVOTDATA(""WID"",'Pvt Dash Sul'!$B$50,""ZTE ZONE"",""MAKASSAR"",""SM Dismantle"",""Progress"")+GETPIVOTDATA(""WID"",'Pvt Dash Sul'!$B$50,""ZTE ZONE"",""MANADO"",""SM Dismantle"",""Progress"")",43,,False,Pvt Dash Sul,GETPIVOTDATA
Dashboard Sulawesi,E25,"GETPIVOTDATA(""WID"",'Pvt Dash Sul'!$B$50,""ZTE ZONE"",""MAKASSAR"",""SM Dismantle"",""Passed"")+GETPIVOTDATA(""WID"",'Pvt Dash Sul'!$B$50,""ZTE ZONE"",""MANADO"",""SM Dismantle"",""Passed"")",42,,False,Pvt Dash Sul,GETPIVOTDATA
Dashboard Sulawesi,F25,D25-E25,1,,False,,
Dashboard Sulawesi,G25,E25/D25,0.97674418604651159,,False,,
Dashboard Sulawesi,O25,"GETPIVOTDATA(""WID"",'Pvt Dash Sul'!$AI$6,""ZTE ZONE"",""MANADO"",""Connected Date"",6)",0,,False,Pvt Dash Sul,GETPIVOTDATA
Dashboard Sulawesi,P25,"GETPIVOTDATA(""WID"",'Pvt Dash Sul'!$H$6,""ZTE ZONE"",""MANADO"",""ATP Passed"",6)",1,,False,Pvt Dash Sul,GETPIVOTDATA
Dashboard Sulawesi,Q25,"GETPIVOTDATA(""WID"",'Pvt Dash Sul'!$N$6,""ZTE ZONE"",""MANADO"",""Ineom Passed"",6)",9,,False,Pvt Dash Sul,GETPIVOTDATA
Dashboard Sulawesi,D26,D25,43,,False,,
Dashboard Sulawesi,E26,"GETPIVOTDATA(""WID"",'Pvt Dash Sul'!$B$61,""ZTE ZONE"",""MAKASSAR"",""Remark INBOUND"",""Inbound"")",22,,False,Pvt Dash Sul,GETPIVOTDATA
Dashboard Sulawesi,F26,D26-E26,21,,False,,
Dashboard Sulawesi,G26,E26/D26,0.51162790697674421,,False,,
Dashboard Sulawesi,N26,"GETPIVOTDATA(""WID"",'Pvt Dash Sul'!$B$6,""ZTE ZONE"",""MANADO"",""Monthly Assignment"",7)",2,,False,Pvt Dash Sul,GETPIVOTDATA
Dashboard Sulawesi,O26,"GETPIVOTDATA(""WID"",'Pvt Dash Sul'!$AI$6,""ZTE ZONE"",""MANADO"",""Connected Date"",7)",2,,False,Pvt Dash Sul,GETPIVOTDATA
Dashboard Sulawesi,P26,"GETPIVOTDATA(""WID"",'Pvt Dash Sul'!$H$6,""ZTE ZONE"",""MANADO"",""ATP Passed"",7)",3,,False,Pvt Dash Sul,GETPIVOTDATA
Dashboard Sulawesi,Q26,"GETPIVOTDATA(""WID"",'Pvt Dash Sul'!$N$6,""ZTE ZONE"",""MANADO"",""Ineom Passed"",7)",3,,False,Pvt Dash Sul,GETPIVOTDATA
Dashboard Sulawesi,D27,D24,82,,False,,
Dashboard Sulawesi,E27,"GETPIVOTDATA(""WID"",'Pvt Dash Sul'!$B$71,""ZTE ZONE"",""MAKASSAR"",""FI Ineom"",""Done Tagging"")+GETPIVOTDATA(""WID"",'Pvt Dash Sul'!$B$71,""ZTE ZONE"",""MANADO"",""FI Ineom"",""Done Tagging"")",78,,False,Pvt Dash Sul,GETPIVOTDATA
Dashboard Sulawesi,F27,D27-E27,4,,False,,
Dashboard Sulawesi,G27,E27/D27,0.95121951219512191,,False,,
Dashboard Sulawesi,O27,"GETPIVOTDATA(""WID"",'Pvt Dash Sul'!$AI$6,""ZTE ZONE"",""MANADO"",""Connected Date"",8)",3,,False,Pvt Dash Sul,GETPIVOTDATA
Dashboard Sulawesi,P27,"GETPIVOTDATA(""WID"",'Pvt Dash Sul'!$H$6,""ZTE ZONE"",""MANADO"",""ATP Passed"",8)",3,,False,Pvt Dash Sul,GETPIVOTDATA
Dashboard Sulawesi,Q27,"GETPIVOTDATA(""WID"",'Pvt Dash Sul'!$N$6,""ZTE ZONE"",""MANADO"",""Ineom Passed"",8)",3,,False,Pvt Dash Sul,GETPIVOTDATA
Dashboard Sulawesi,D28,E23,82,,False,,
Dashboard Sulawesi,E28,"GETPIVOTDATA(""WID"",'Pvt Dash Sul'!$B$82,""ZTE ZONE"",""MAKASSAR"",""eATP Status"",""00-eATP Approved Tsel"")",9,,False,Pvt Dash Sul,GETPIVOTDATA
Dashboard Sulawesi,F28,D28-E28,73,,False,,
Dashboard Sulawesi,G28,E28/D28,0.10975609756097561,,False,,
Dashboard Sulawesi,D29,E23,82,,False,,
Dashboard Sulawesi,F29,D29-E29,82,,False,,
Dashboard Sulawesi,G29,E29/D29,0,,False,,
Dashboard Sulawesi,N30,SUM(N32:N37),247,,False,,SUM
Dashboard Sulawesi,O30,SUM(O32:O37),205,,False,,SUM
Dashboard Sulawesi,P30,SUM(P32:P37),178,,False,,SUM
Dashboard Sulawesi,Q30,SUM(Q32:Q37),171,,False,,SUM
Dashboard Sulawesi,W30,SUM(W32:W36),0,,False,,SUM
Dashboard Sulawesi,N32,"GETPIVOTDATA(""WID"",'Pvt Dash Sul'!$B$6,""ZTE ZONE"",""TERNATE"",""Monthly Assignment"",1)",67,,False,Pvt Dash Sul,GETPIVOTDATA
Dashboard Sulawesi,O32,"GETPIVOTDATA(""WID"",'Pvt Dash Sul'!$AI$6,""ZTE ZONE"",""TERNATE"",""Connected Date"",1)",50,,False,Pvt Dash Sul,GETPIVOTDATA
Dashboard Sulawesi,P32,"GETPIVOTDATA(""WID"",'Pvt Dash Sul'!$H$6,""ZTE ZONE"",""TERNATE"",""ATP Passed"",1)",37,,False,Pvt Dash Sul,GETPIVOTDATA
Dashboard Sulawesi,Q32,"GETPIVOTDATA(""WID"",'Pvt Dash Sul'!$N$6,""ZTE ZONE"",""TERNATE"",""Ineom Passed"",1)",37,,False,Pvt Dash Sul,GETPIVOTDATA
Dashboard Sulawesi,R32,"GETPIVOTDATA(""WID"",'Pvt Dash Sul'!$B$82,""ZTE ZONE"",""TERNATE"",""eATP Status"",""00-eATP Approved Tsel"")",103,,False,Pvt Dash Sul,GETPIVOTDATA
Dashboard Sulawesi,S32,"GETPIVOTDATA(""WID"",'Pvt Dash Sul'!$T$6,""ZTE ZONE"",""TERNATE"",""SM ATP"",""No Need"")",15,,False,Pvt Dash Sul,GETPIVOTDATA
Dashboard Sulawesi,T32,"GETPIVOTDATA(""WID"",'Pvt Dash Sul'!$T$6,""ZTE ZONE"",""TERNATE"",""SM ATP"",""Progress"")",26,,False,Pvt Dash Sul,GETPIVOTDATA
Dashboard Sulawesi,N33,"GETPIVOTDATA(""WID"",'Pvt Dash Sul'!$B$6,""ZTE ZONE"",""TERNATE"",""Monthly Assignment"",2)",37,,False,Pvt Dash Sul,GETPIVOTDATA
Dashboard Sulawesi,O33,"GETPIVOTDATA(""WID"",'Pvt Dash Sul'!$AI$6,""ZTE ZONE"",""TERNATE"",""Connected Date"",2)",37,,False,Pvt Dash Sul,GETPIVOTDATA
Dashboard Sulawesi,P33,"GETPIVOTDATA(""WID"",'Pvt Dash Sul'!$H$6,""ZTE ZONE"",""TERNATE"",""ATP Passed"",2)",30,,False,Pvt Dash Sul,GETPIVOTDATA
Dashboard Sulawesi,Q33,"GETPIVOTDATA(""WID"",'Pvt Dash Sul'!$N$6,""ZTE ZONE"",""TERNATE"",""Ineom Passed"",2)",30,,False,Pvt Dash Sul,GETPIVOTDATA
Dashboard Sulawesi,C34,"GETPIVOTDATA(""WID"",'Pvt Dash Sul'!$B$6,""ZTE ZONE"",""TERNATE"")",288,,False,Pvt Dash Sul,GETPIVOTDATA
Dashboard Sulawesi,D34,C34,288,,False,,
Dashboard Sulawesi,E34,"GETPIVOTDATA(""Count of MOS"",'Pvt Dash Sul'!$B$21,""ZTE ZONE"",""TERNATE"")",250,,False,Pvt Dash Sul,GETPIVOTDATA
Dashboard Sulawesi,F34,D34-E34,38,,False,,
Dashboard Sulawesi,G34,E34/D34,0.86805555555555558,,False,,
Dashboard Sulawesi,N34,"GETPIVOTDATA(""WID"",'Pvt Dash Sul'!$B$6,""ZTE ZONE"",""TERNATE"",""Monthly Assignment"",3)",31,,False,Pvt Dash Sul,GETPIVOTDATA
Dashboard Sulawesi,O34,"GETPIVOTDATA(""WID"",'Pvt Dash Sul'!$AI$6,""ZTE ZONE"",""TERNATE"",""Connected Date"",3)",18,,False,Pvt Dash Sul,GETPIVOTDATA
Dashboard Sulawesi,P34,"GETPIVOTDATA(""WID"",'Pvt Dash Sul'!$H$6,""ZTE ZONE"",""TERNATE"",""ATP Passed"",3)",10,,False,Pvt Dash Sul,GETPIVOTDATA
Dashboard Sulawesi,Q34,"GETPIVOTDATA(""WID"",'Pvt Dash Sul'!$N$6,""ZTE ZONE"",""TERNATE"",""Ineom Passed"",3)",10,,False,Pvt Dash Sul,GETPIVOTDATA
Dashboard Sulawesi,D35,E34,250,,False,,
Dashboard Sulawesi,E35,"GETPIVOTDATA(""WID"",'Pvt Dash Sul'!$B$28,""ZTE ZONE"",""TERNATE"",""SM Kitting, PTW & EHS"",""01-Passed"")",201,,False,Pvt Dash Sul,GETPIVOTDATA
Dashboard Sulawesi,F35,D35-E35,49,,False,,
Dashboard Sulawesi,G35,E35/D35,0.80400000000000005,,False,,
Dashboard Sulawesi,N35,"GETPIVOTDATA(""WID"",'Pvt Dash Sul'!$B$6,""ZTE ZONE"",""TERNATE"",""Monthly Assignment"",4)",45,,False,Pvt Dash Sul,GETPIVOTDATA
Dashboard Sulawesi,O35,"GETPIVOTDATA(""WID"",'Pvt Dash Sul'!$AI$6,""ZTE ZONE"",""TERNATE"",""Connected Date"",4)",36,,False,Pvt Dash Sul,GETPIVOTDATA
Dashboard Sulawesi,P35,"GETPIVOTDATA(""WID"",'Pvt Dash Sul'!$H$6,""ZTE ZONE"",""TERNATE"",""ATP Passed"",4)",36,,False,Pvt Dash Sul,GETPIVOTDATA
Dashboard Sulawesi,Q35,"GETPIVOTDATA(""WID"",'Pvt Dash Sul'!$N$6,""ZTE ZONE"",""TERNATE"",""Ineom Passed"",4)",30,,False,Pvt Dash Sul,GETPIVOTDATA
Dashboard Sulawesi,D36,E34,250,,False,,
Dashboard Sulawesi,E36,"GETPIVOTDATA(""Count of HI Done"",'Pvt Dash Sul'!$B$21,""ZTE ZONE"",""TERNATE"")",246,,False,Pvt Dash Sul,GETPIVOTDATA
Dashboard Sulawesi,F36,D36-E36,4,,False,,
Dashboard Sulawesi,G36,E36/D36,0.98399999999999999,,False,,
Dashboard Sulawesi,N36,"GETPIVOTDATA(""WID"",'Pvt Dash Sul'!$B$6,""ZTE ZONE"",""TERNATE"",""Monthly Assignment"",5)",26,,False,Pvt Dash Sul,GETPIVOTDATA
Dashboard Sulawesi,O36,"GETPIVOTDATA(""WID"",'Pvt Dash Sul'!$AI$6,""ZTE ZONE"",""TERNATE"",""Connected Date"",5)",26,,False,Pvt Dash Sul,GETPIVOTDATA
Dashboard Sulawesi,P36,"GETPIVOTDATA(""WID"",'Pvt Dash Sul'!$H$6,""ZTE ZONE"",""TERNATE"",""ATP Passed"",5)",28,,False,Pvt Dash Sul,GETPIVOTDATA
Dashboard Sulawesi,Q36,"GETPIVOTDATA(""WID"",'Pvt Dash Sul'!$N$6,""ZTE ZONE"",""TERNATE"",""Ineom Passed"",5)",18,,False,Pvt Dash Sul,GETPIVOTDATA
Dashboard Sulawesi,D37,E34,250,,False,,
Dashboard Sulawesi,E37,"GETPIVOTDATA(""Count of Connected Date"",'Pvt Dash Sul'!$B$21,""ZTE ZONE"",""TERNATE"")",246,,False,Pvt Dash Sul,GETPIVOTDATA
Dashboard Sulawesi,F37,D37-E37,4,,False,,
Dashboard Sulawesi,G37,E37/D37,0.98399999999999999,,False,,
Dashboard Sulawesi,N37,"GETPIVOTDATA(""WID"",'Pvt Dash Sul'!$B$6,""ZTE ZONE"",""TERNATE"",""Monthly Assignment"",6)",41,,False,Pvt Dash Sul,GETPIVOTDATA
Dashboard Sulawesi,O37,"GETPIVOTDATA(""WID"",'Pvt Dash Sul'!$AI$6,""ZTE ZONE"",""TERNATE"",""Connected Date"",6)",38,,False,Pvt Dash Sul,GETPIVOTDATA
Dashboard Sulawesi,P37,"GETPIVOTDATA(""WID"",'Pvt Dash Sul'!$H$6,""ZTE ZONE"",""TERNATE"",""ATP Passed"",6)",37,,False,Pvt Dash Sul,GETPIVOTDATA
Dashboard Sulawesi,Q37,"GETPIVOTDATA(""WID"",'Pvt Dash Sul'!$N$6,""ZTE ZONE"",""TERNATE"",""Ineom Passed"",6)",46,,False,Pvt Dash Sul,GETPIVOTDATA
Dashboard Sulawesi,D38,E37,246,,False,,
Dashboard Sulawesi,E38,"GETPIVOTDATA(""WID"",'Pvt Dash Sul'!$B$39,""ZTE ZONE"",""TERNATE"",""SM ATP"",""passed"")",209,,False,Pvt Dash Sul,GETPIVOTDATA
Dashboard Sulawesi,F38,D38-E38,37,,False,,
Dashboard Sulawesi,G38,E38/D38,0.84959349593495936,,False,,
Dashboard Sulawesi,N38,"GETPIVOTDATA(""WID"",'Pvt Dash Sul'!$B$6,""ZTE ZONE"",""TERNATE"",""Monthly Assignment"",7)",41,,False,Pvt Dash Sul,GETPIVOTDATA
Dashboard Sulawesi,O38,"GETPIVOTDATA(""WID"",'Pvt Dash Sul'!$AI$6,""ZTE ZONE"",""TERNATE"",""Connected Date"",7)",22,,False,Pvt Dash Sul,GETPIVOTDATA
Dashboard Sulawesi,P38,"GETPIVOTDATA(""WID"",'Pvt Dash Sul'!$H$6,""ZTE ZONE"",""TERNATE"",""ATP Passed"",7)",35,,False,Pvt Dash Sul,GETPIVOTDATA
Dashboard Sulawesi,Q38,"GETPIVOTDATA(""WID"",'Pvt Dash Sul'!$N$6,""ZTE ZONE"",""TERNATE"",""Ineom Passed"",7)",36,,False,Pvt Dash Sul,GETPIVOTDATA
Dashboard Sulawesi,D39,"GETPIVOTDATA(""WID"",'Pvt Dash Sul'!$B$50,""ZTE ZONE"",""TERNATE"",""SM Dismantle"",""Passed"")+GETPIVOTDATA(""WID"",'Pvt Dash Sul'!$B$50,""ZTE ZONE"",""TERNATE"",""SM Dismantle"",""Progress"")",104,,False,Pvt Dash Sul,GETPIVOTDATA
Dashboard Sulawesi,E39,"GETPIVOTDATA(""WID"",'Pvt Dash Sul'!$B$50,""ZTE ZONE"",""TERNATE"",""SM Dismantle"",""Passed"")",93,,False,Pvt Dash Sul,GETPIVOTDATA
Dashboard Sulawesi,F39,D39-E39,11,,False,,
Dashboard Sulawesi,G39,E39/D39,0.89423076923076927,,False,,
Dashboard Sulawesi,O39,"GETPIVOTDATA(""WID"",'Pvt Dash Sul'!$AI$6,""ZTE ZONE"",""TERNATE"",""Connected Date"",8)",19,,False,Pvt Dash Sul,GETPIVOTDATA
Dashboard Sulawesi,P39,"GETPIVOTDATA(""WID"",'Pvt Dash Sul'!$H$6,""ZTE ZONE"",""TERNATE"",""ATP Passed"",8)",15,,False,Pvt Dash Sul,GETPIVOTDATA
Dashboard Sulawesi,Q39,"GETPIVOTDATA(""WID"",'Pvt Dash Sul'!$N$6,""ZTE ZONE"",""TERNATE"",""Ineom Passed"",8)",14,,False,Pvt Dash Sul,GETPIVOTDATA
Dashboard Sulawesi,D40,D39,104,,False,,
Dashboard Sulawesi,E40,"GETPIVOTDATA(""WID"",'Pvt Dash Sul'!$B$61,""ZTE ZONE"",""TERNATE"",""Remark INBOUND"",""Inbound"")",90,,False,Pvt Dash Sul,GETPIVOTDATA
Dashboard Sulawesi,F40,D40-E40,14,,False,,
Dashboard Sulawesi,G40,E40/D40,0.86538461538461542,,False,,
Dashboard Sulawesi,D41,D38,246,,False,,
Dashboard Sulawesi,E41,"GETPIVOTDATA(""WID"",'Pvt Dash Sul'!$B$71,""ZTE ZONE"",""TERNATE"",""FI Ineom"",""Done Tagging"")",203,,False,Pvt Dash Sul,GETPIVOTDATA
Dashboard Sulawesi,F41,D41-E41,43,,False,,
Dashboard Sulawesi,G41,E41/D41,0.82520325203252032,,False,,
Dashboard Sulawesi,D42,E37,246,,False,,
Dashboard Sulawesi,E42,"GETPIVOTDATA(""WID"",'Pvt Dash Sul'!$B$82,""ZTE ZONE"",""TERNATE"",""eATP Status"",""00-eATP Approved Tsel"")",103,,False,Pvt Dash Sul,GETPIVOTDATA
Dashboard Sulawesi,F42,D42-E42,143,,False,,
Dashboard Sulawesi,G42,E42/D42,0.41869918699186992,,False,,
Dashboard Sulawesi,D43,E37,246,,False,,
Dashboard Sulawesi,F43,D43-E43,246,,False,,
Dashboard Sulawesi,G43,E43/D43,0,,False,,
Site_KAL,AC2,"IF(Z2="""",""Permit NY Requested"",IF(AA2="""",""Permit NY Release"",IF(AB2-TODAY()<1,""Expired Need Extend"",""Permit Ready"")))",Expired Need Extend,,False,,IF; TODAY
Site_KAL,BV2,"IF(BU2=""APPROVED"",""eATP"",""Task Progress Pending"")",eATP,,False,,IF
Site_KAL,CB2,"IF(BX2=""eATP Approved Tsel"",""BAST"",""IN PROGRESS"")",IN PROGRESS,,False,,IF
Site_KAL,AC3,"IF(Z3="""",""Permit NY Requested"",IF(AA3="""",""Permit NY Release"",IF(AB3-TODAY()<1,""Expired Need Extend"",""Permit Ready"")))",Expired Need Extend,,False,,IF; TODAY
Site_KAL,BV3,"IF(BU3=""APPROVED"",""eATP"",""Task Progress Pending"")",eATP,,False,,IF
Site_KAL,CB3,"IF(BX3=""eATP Approved Tsel"",""BAST"",""IN PROGRESS"")",IN PROGRESS,,False,,IF
Site_KAL,AC4,"IF(Z4="""",""Permit NY Requested"",IF(AA4="""",""Permit NY Release"",IF(AB4-TODAY()<1,""Expired Need Extend"",""Permit Ready"")))",Expired Need Extend,,False,,IF; TODAY
Site_KAL,BV4,"IF(BU4=""APPROVED"",""eATP"",""Task Progress Pending"")",eATP,,False,,IF
Site_KAL,CB4,"IF(BX4=""eATP Approved Tsel"",""BAST"",""IN PROGRESS"")",IN PROGRESS,,False,,IF
Site_KAL,AC5,"IF(Z5="""",""Permit NY Requested"",IF(AA5="""",""Permit NY Release"",IF(AB5-TODAY()<1,""Expired Need Extend"",""Permit Ready"")))",Expired Need Extend,,False,,IF; TODAY
Site_KAL,BV5,"IF(BU5=""APPROVED"",""eATP"",""Task Progress Pending"")",eATP,,False,,IF
Site_KAL,CB5,"IF(BX5=""eATP Approved Tsel"",""BAST"",""IN PROGRESS"")",IN PROGRESS,,False,,IF
Site_KAL,AC6,"IF(Z6="""",""Permit NY Requested"",IF(AA6="""",""Permit NY Release"",IF(AB6-TODAY()<1,""Expired Need Extend"",""Permit Ready"")))",Expired Need Extend,,False,,IF; TODAY
Site_KAL,BV6,"IF(BU6=""APPROVED"",""eATP"",""Task Progress Pending"")",eATP,,False,,IF
Site_KAL,CB6,"IF(BX6=""eATP Approved Tsel"",""BAST"",""IN PROGRESS"")",IN PROGRESS,,False,,IF
Site_KAL,AC7,"IF(Z7="""",""Permit NY Requested"",IF(AA7="""",""Permit NY Release"",IF(AB7-TODAY()<1,""Expired Need Extend"",""Permit Ready"")))",Expired Need Extend,,False,,IF; TODAY
Site_KAL,BV7,"IF(BU7=""APPROVED"",""eATP"",""Task Progress Pending"")",eATP,,False,,IF
Site_KAL,CB7,"IF(BX7=""eATP Approved Tsel"",""BAST"",""IN PROGRESS"")",IN PROGRESS,,False,,IF
Site_KAL,AC8,"IF(Z8="""",""Permit NY Requested"",IF(AA8="""",""Permit NY Release"",IF(AB8-TODAY()<1,""Expired Need Extend"",""Permit Ready"")))",Expired Need Extend,,False,,IF; TODAY
Site_KAL,BV8,"IF(BU8=""APPROVED"",""eATP"",""Task Progress Pending"")",eATP,,False,,IF
Site_KAL,CB8,"IF(BX8=""eATP Approved Tsel"",""BAST"",""IN PROGRESS"")",IN PROGRESS,,False,,IF
Site_KAL,AC9,"IF(Z9="""",""Permit NY Requested"",IF(AA9="""",""Permit NY Release"",IF(AB9-TODAY()<1,""Expired Need Extend"",""Permit Ready"")))",Expired Need Extend,,False,,IF; TODAY
Site_KAL,BV9,"IF(BU9=""APPROVED"",""eATP"",""Task Progress Pending"")",eATP,,False,,IF
Site_KAL,CB9,"IF(BX9=""eATP Approved Tsel"",""BAST"",""IN PROGRESS"")",IN PROGRESS,,False,,IF
Site_KAL,AC10,"IF(Z10="""",""Permit NY Requested"",IF(AA10="""",""Permit NY Release"",IF(AB10-TODAY()<1,""Expired Need Extend"",""Permit Ready"")))",Expired Need Extend,,False,,IF; TODAY
Site_KAL,BV10,"IF(BU10=""APPROVED"",""eATP"",""Task Progress Pending"")",eATP,,False,,IF
Site_KAL,CB10,"IF(BX10=""eATP Approved Tsel"",""BAST"",""IN PROGRESS"")",IN PROGRESS,,False,,IF
Site_KAL,AC11,"IF(Z11="""",""Permit NY Requested"",IF(AA11="""",""Permit NY Release"",IF(AB11-TODAY()<1,""Expired Need Extend"",""Permit Ready"")))",Expired Need Extend,,False,,IF; TODAY
Site_KAL,BV11,"IF(BU11=""APPROVED"",""eATP"",""Task Progress Pending"")",eATP,,False,,IF
Site_KAL,CB11,"IF(BX11=""eATP Approved Tsel"",""BAST"",""IN PROGRESS"")",IN PROGRESS,,False,,IF
Site_KAL,AC12,"IF(Z12="""",""Permit NY Requested"",IF(AA12="""",""Permit NY Release"",IF(AB12-TODAY()<1,""Expired Need Extend"",""Permit Ready"")))",Expired Need Extend,,False,,IF; TODAY
Site_KAL,BV12,"IF(BU12=""APPROVED"",""eATP"",""Task Progress Pending"")",eATP,,False,,IF
Site_KAL,CB12,"IF(BX12=""eATP Approved Tsel"",""BAST"",""IN PROGRESS"")",IN PROGRESS,,False,,IF
Site_KAL,AC13,"IF(Z13="""",""Permit NY Requested"",IF(AA13="""",""Permit NY Release"",IF(AB13-TODAY()<1,""Expired Need Extend"",""Permit Ready"")))",Expired Need Extend,,False,,IF; TODAY
Site_KAL,BV13,"IF(BU13=""APPROVED"",""eATP"",""Task Progress Pending"")",eATP,,False,,IF
Site_KAL,CB13,"IF(BX13=""eATP Approved Tsel"",""BAST"",""IN PROGRESS"")",IN PROGRESS,,False,,IF
Site_KAL,AC14,"IF(Z14="""",""Permit NY Requested"",IF(AA14="""",""Permit NY Release"",IF(AB14-TODAY()<1,""Expired Need Extend"",""Permit Ready"")))",Expired Need Extend,,False,,IF; TODAY
Site_KAL,BV14,"IF(BU14=""APPROVED"",""eATP"",""Task Progress Pending"")",eATP,,False,,IF
Site_KAL,CB14,"IF(BX14=""eATP Approved Tsel"",""BAST"",""IN PROGRESS"")",IN PROGRESS,,False,,IF
Site_KAL,AC15,"IF(Z15="""",""Permit NY Requested"",IF(AA15="""",""Permit NY Release"",IF(AB15-TODAY()<1,""Expired Need Extend"",""Permit Ready"")))",Expired Need Extend,,False,,IF; TODAY
Site_KAL,BV15,"IF(BU15=""APPROVED"",""eATP"",""Task Progress Pending"")",eATP,,False,,IF
Site_KAL,CB15,"IF(BX15=""eATP Approved Tsel"",""BAST"",""IN PROGRESS"")",IN PROGRESS,,False,,IF
Site_KAL,AC16,"IF(Z16="""",""Permit NY Requested"",IF(AA16="""",""Permit NY Release"",IF(AB16-TODAY()<1,""Expired Need Extend"",""Permit Ready"")))",Expired Need Extend,,False,,IF; TODAY
Site_KAL,BV16,"IF(BU16=""APPROVED"",""eATP"",""Task Progress Pending"")",eATP,,False,,IF
Site_KAL,CB16,"IF(BX16=""eATP Approved Tsel"",""BAST"",""IN PROGRESS"")",IN PROGRESS,,False,,IF
Site_KAL,AC17,"IF(Z17="""",""Permit NY Requested"",IF(AA17="""",""Permit NY Release"",IF(AB17-TODAY()<1,""Expired Need Extend"",""Permit Ready"")))",Expired Need Extend,,False,,IF; TODAY
Site_KAL,BV17,"IF(BU17=""APPROVED"",""eATP"",""Task Progress Pending"")",eATP,,False,,IF
Site_KAL,CB17,"IF(BX17=""eATP Approved Tsel"",""BAST"",""IN PROGRESS"")",IN PROGRESS,,False,,IF
Site_KAL,AC18,"IF(Z18="""",""Permit NY Requested"",IF(AA18="""",""Permit NY Release"",IF(AB18-TODAY()<1,""Expired Need Extend"",""Permit Ready"")))",Expired Need Extend,,False,,IF; TODAY
Site_KAL,BV18,"IF(BU18=""APPROVED"",""eATP"",""Task Progress Pending"")",eATP,,False,,IF
Site_KAL,CB18,"IF(BX18=""eATP Approved Tsel"",""BAST"",""IN PROGRESS"")",IN PROGRESS,,False,,IF
Site_KAL,AC19,"IF(Z19="""",""Permit NY Requested"",IF(AA19="""",""Permit NY Release"",IF(AB19-TODAY()<1,""Expired Need Extend"",""Permit Ready"")))",Expired Need Extend,,False,,IF; TODAY
Site_KAL,BV19,"IF(BU19=""APPROVED"",""eATP"",""Task Progress Pending"")",eATP,,False,,IF
Site_KAL,CB19,"IF(BX19=""eATP Approved Tsel"",""BAST"",""IN PROGRESS"")",IN PROGRESS,,False,,IF
Site_KAL,AC20,"IF(Z20="""",""Permit NY Requested"",IF(AA20="""",""Permit NY Release"",IF(AB20-TODAY()<1,""Expired Need Extend"",""Permit Ready"")))",Expired Need Extend,,False,,IF; TODAY
Site_KAL,BR20,BQ20-AU20,24,,False,,
Site_KAL,BV20,"IF(BU20=""APPROVED"",""eATP"",""Task Progress Pending"")",Task Progress Pending,,False,,IF
Site_KAL,CB20,"IF(BX20=""eATP Approved Tsel"",""BAST"",""IN PROGRESS"")",IN PROGRESS,,False,,IF
Site_KAL,AC21,"IF(Z21="""",""Permit NY Requested"",IF(AA21="""",""Permit NY Release"",IF(AB21-TODAY()<1,""Expired Need Extend"",""Permit Ready"")))",Expired Need Extend,,False,,IF; TODAY
Site_KAL,BR21,BQ21-AU21,24,,False,,
Site_KAL,BV21,"IF(BU21=""APPROVED"",""eATP"",""Task Progress Pending"")",Task Progress Pending,,False,,IF
Site_KAL,CB21,"IF(BX21=""eATP Approved Tsel"",""BAST"",""IN PROGRESS"")",IN PROGRESS,,False,,IF
Site_KAL,AC22,"IF(Z22="""",""Permit NY Requested"",IF(AA22="""",""Permit NY Release"",IF(AB22-TODAY()<1,""Expired Need Extend"",""Permit Ready"")))",Expired Need Extend,,False,,IF; TODAY
Site_KAL,BR22,BQ22-AU22,6,,False,,
Site_KAL,BV22,"IF(BU22=""APPROVED"",""eATP"",""Task Progress Pending"")",Task Progress Pending,,False,,IF
Site_KAL,CB22,"IF(BX22=""eATP Approved Tsel"",""BAST"",""IN PROGRESS"")",IN PROGRESS,,False,,IF
Site_KAL,AC23,"IF(Z23="""",""Permit NY Requested"",IF(AA23="""",""Permit NY Release"",IF(AB23-TODAY()<1,""Expired Need Extend"",""Permit Ready"")))",#VALUE!,#VALUE!,False,,IF; TODAY
Site_KAL,AC24,"IF(Z24="""",""Permit NY Requested"",IF(AA24="""",""Permit NY Release"",IF(AB24-TODAY()<1,""Expired Need Extend"",""Permit Ready"")))",Expired Need Extend,,False,,IF; TODAY
Site_KAL,BV24,"IF(BU24=""APPROVED"",""eATP"",""Task Progress Pending"")",Task Progress Pending,,False,,IF
Site_KAL,CB24,"IF(BX24=""eATP Approved Tsel"",""BAST"",""IN PROGRESS"")",IN PROGRESS,,False,,IF
Site_KAL,AC25,"IF(Z25="""",""Permit NY Requested"",IF(AA25="""",""Permit NY Release"",IF(AB25-TODAY()<1,""Expired Need Extend"",""Permit Ready"")))",Expired Need Extend,,False,,IF; TODAY
Site_KAL,BV25,"IF(BU25=""APPROVED"",""eATP"",""Task Progress Pending"")",Task Progress Pending,,False,,IF
Site_KAL,CB25,"IF(BX25=""eATP Approved Tsel"",""BAST"",""IN PROGRESS"")",IN PROGRESS,,False,,IF
Site_KAL,AC26,"IF(Z26="""",""Permit NY Requested"",IF(AA26="""",""Permit NY Release"",IF(AB26-TODAY()<1,""Expired Need Extend"",""Permit Ready"")))",Expired Need Extend,,False,,IF; TODAY
Site_KAL,BV26,"IF(BU26=""APPROVED"",""eATP"",""Task Progress Pending"")",Task Progress Pending,,False,,IF
Site_KAL,CB26,"IF(BX26=""eATP Approved Tsel"",""BAST"",""IN PROGRESS"")",IN PROGRESS,,False,,IF
Site_KAL,AC27,"IF(Z27="""",""Permit NY Requested"",IF(AA27="""",""Permit NY Release"",IF(AB27-TODAY()<1,""Expired Need Extend"",""Permit Ready"")))",Expired Need Extend,,False,,IF; TODAY
Site_KAL,BV27,"IF(BU27=""APPROVED"",""eATP"",""Task Progress Pending"")",eATP,,False,,IF
Site_KAL,CB27,"IF(BX27=""eATP Approved Tsel"",""BAST"",""IN PROGRESS"")",IN PROGRESS,,False,,IF
Site_KAL,AC28,"IF(Z28="""",""Permit NY Requested"",IF(AA28="""",""Permit NY Release"",IF(AB28-TODAY()<1,""Expired Need Extend"",""Permit Ready"")))",Expired Need Extend,,False,,IF; TODAY
Site_KAL,BV28,"IF(BU28=""APPROVED"",""eATP"",""Task Progress Pending"")",Task Progress Pending,,False,,IF
Site_KAL,CB28,"IF(BX28=""eATP Approved Tsel"",""BAST"",""IN PROGRESS"")",IN PROGRESS,,False,,IF
Site_KAL,AC29,"IF(Z29="""",""Permit NY Requested"",IF(AA29="""",""Permit NY Release"",IF(AB29-TODAY()<1,""Expired Need Extend"",""Permit Ready"")))",Expired Need Extend,,False,,IF; TODAY
Site_KAL,BV29,"IF(BU29=""APPROVED"",""eATP"",""Task Progress Pending"")",Task Progress Pending,,False,,IF
Site_KAL,CB29,"IF(BX29=""eATP Approved Tsel"",""BAST"",""IN PROGRESS"")",IN PROGRESS,,False,,IF
Site_KAL,AC30,"IF(Z30="""",""Permit NY Requested"",IF(AA30="""",""Permit NY Release"",IF(AB30-TODAY()<1,""Expired Need Extend"",""Permit Ready"")))",Expired Need Extend,,False,,IF; TODAY
Site_KAL,AP30,"IF(AO30=""APPROVED"",""DOP Finish"",""NY VALIDATION"")",NY VALIDATION,,False,,IF
Site_KAL,BV30,"IF(BU30=""APPROVED"",""eATP"",""Task Progress Pending"")",Task Progress Pending,,False,,IF
Site_KAL,CB30,"IF(BX30=""eATP Approved Tsel"",""BAST"",""IN PROGRESS"")",IN PROGRESS,,False,,IF
Site_KAL,AC31,"IF(Z31="""",""Permit NY Requested"",IF(AA31="""",""Permit NY Release"",IF(AB31-TODAY()<1,""Expired Need Extend"",""Permit Ready"")))",Expired Need Extend,,False,,IF; TODAY
Site_KAL,AP31,"IF(AO31=""APPROVED"",""DOP Finish"",""NY VALIDATION"")",NY VALIDATION,,False,,IF
Site_KAL,BV31,"IF(BU31=""APPROVED"",""eATP"",""Task Progress Pending"")",Task Progress Pending,,False,,IF
Site_KAL,CB31,"IF(BX31=""eATP Approved Tsel"",""BAST"",""IN PROGRESS"")",IN PROGRESS,,False,,IF
Site_KAL,AC32,"IF(Z32="""",""Permit NY Requested"",IF(AA32="""",""Permit NY Release"",IF(AB32-TODAY()<1,""Expired Need Extend"",""Permit Ready"")))",Expired Need Extend,,False,,IF; TODAY
Site_KAL,AP32,"IF(AO32=""APPROVED"",""DOP Finish"",""NY VALIDATION"")",NY VALIDATION,,False,,IF
Site_KAL,BV32,"IF(BU32=""APPROVED"",""eATP"",""Task Progress Pending"")",Task Progress Pending,,False,,IF
Site_KAL,CB32,"IF(BX32=""eATP Approved Tsel"",""BAST"",""IN PROGRESS"")",IN PROGRESS,,False,,IF
Site_KAL,AC33,"IF(Z33="""",""Permit NY Requested"",IF(AA33="""",""Permit NY Release"",IF(AB33-TODAY()<1,""Expired Need Extend"",""Permit Ready"")))",Expired Need Extend,,False,,IF; TODAY
Site_KAL,BV33,"IF(BU33=""APPROVED"",""eATP"",""Task Progress Pending"")",Task Progress Pending,,False,,IF
Site_KAL,CB33,"IF(BX33=""eATP Approved Tsel"",""BAST"",""IN PROGRESS"")",IN PROGRESS,,False,,IF
Site_KAL,AC34,"IF(Z34="""",""Permit NY Requested"",IF(AA34="""",""Permit NY Release"",IF(AB34-TODAY()<1,""Expired Need Extend"",""Permit Ready"")))",Expired Need Extend,,False,,IF; TODAY
Site_KAL,AP34,"IF(AO34=""APPROVED"",""DOP Finish"",""NY VALIDATION"")",NY VALIDATION,,False,,IF
Site_KAL,BR34,BQ34-AU34,1,,False,,
Site_KAL,BV34,"IF(BU34=""APPROVED"",""eATP"",""Task Progress Pending"")",Task Progress Pending,,False,,IF
Site_KAL,CB34,"IF(BX34=""eATP Approved Tsel"",""BAST"",""IN PROGRESS"")",IN PROGRESS,,False,,IF
Site_KAL,CH34,"IF(CG34=""APPROVED"",""PROPOSE INVOICE"",""NY APPROVED"")",NY APPROVED,,False,,IF
Site_KAL,AC35,"IF(Z35="""",""Permit NY Requested"",IF(AA35="""",""Permit NY Release"",IF(AB35-TODAY()<1,""Expired Need Extend"",""Permit Ready"")))",Expired Need Extend,,False,,IF; TODAY
Site_KAL,AP35,"IF(AO35=""APPROVED"",""DOP Finish"",""NY VALIDATION"")",NY VALIDATION,,False,,IF
Site_KAL,BR35,BQ35-AU35,1,,False,,
Site_KAL,BV35,"IF(BU35=""APPROVED"",""eATP"",""Task Progress Pending"")",Task Progress Pending,,False,,IF
Site_KAL,CB35,"IF(BX35=""eATP Approved Tsel"",""BAST"",""IN PROGRESS"")",IN PROGRESS,,False,,IF
Site_KAL,CH35,"IF(CG35=""APPROVED"",""PROPOSE INVOICE"",""NY APPROVED"")",NY APPROVED,,False,,IF
Site_KAL,AC36,"IF(Z36="""",""Permit NY Requested"",IF(AA36="""",""Permit NY Release"",IF(AB36-TODAY()<1,""Expired Need Extend"",""Permit Ready"")))",Expired Need Extend,,False,,IF; TODAY
Site_KAL,AP36,"IF(AO36=""APPROVED"",""DOP Finish"",""NY VALIDATION"")",NY VALIDATION,,False,,IF
Site_KAL,BR36,BQ36-AU36,0,,False,,
Site_KAL,BV36,"IF(BU36=""APPROVED"",""eATP"",""Task Progress Pending"")",Task Progress Pending,,False,,IF
Site_KAL,CB36,"IF(BX36=""eATP Approved Tsel"",""BAST"",""IN PROGRESS"")",IN PROGRESS,,False,,IF
Site_KAL,CH36,"IF(CG36=""APPROVED"",""PROPOSE INVOICE"",""NY APPROVED"")",NY APPROVED,,False,,IF
Site_KAL,AC37,"IF(Z37="""",""Permit NY Requested"",IF(AA37="""",""Permit NY Release"",IF(AB37-TODAY()<1,""Expired Need Extend"",""Permit Ready"")))",Expired Need Extend,,False,,IF; TODAY
Site_KAL,AP37,"IF(AO37=""APPROVED"",""DOP Finish"",""NY VALIDATION"")",NY VALIDATION,,False,,IF
Site_KAL,BR37,BQ37-AU37,1,,False,,
Site_KAL,BV37,"IF(BU37=""APPROVED"",""eATP"",""Task Progress Pending"")",Task Progress Pending,,False,,IF
Site_KAL,CB37,"IF(BX37=""eATP Approved Tsel"",""BAST"",""IN PROGRESS"")",IN PROGRESS,,False,,IF
Site_KAL,CH37,"IF(CG37=""APPROVED"",""PROPOSE INVOICE"",""NY APPROVED"")",NY APPROVED,,False,,IF
Site_KAL,AC38,"IF(Z38="""",""Permit NY Requested"",IF(AA38="""",""Permit NY Release"",IF(AB38-TODAY()<1,""Expired Need Extend"",""Permit Ready"")))",Expired Need Extend,,False,,IF; TODAY
Site_KAL,AP38,"IF(AO38=""APPROVED"",""DOP Finish"",""NY VALIDATION"")",NY VALIDATION,,False,,IF
Site_KAL,BR38,BQ38-AU38,1,,False,,
Site_KAL,BV38,"IF(BU38=""APPROVED"",""eATP"",""Task Progress Pending"")",Task Progress Pending,,False,,IF
Site_KAL,CB38,"IF(BX38=""eATP Approved Tsel"",""BAST"",""IN PROGRESS"")",IN PROGRESS,,False,,IF
Site_KAL,CH38,"IF(CG38=""APPROVED"",""PROPOSE INVOICE"",""NY APPROVED"")",NY APPROVED,,False,,IF
Site_KAL,AC39,"IF(Z39="""",""Permit NY Requested"",IF(AA39="""",""Permit NY Release"",IF(AB39-TODAY()<1,""Expired Need Extend"",""Permit Ready"")))",Expired Need Extend,,False,,IF; TODAY
Site_KAL,AP39,"IF(AO39=""APPROVED"",""DOP Finish"",""NY VALIDATION"")",NY VALIDATION,,False,,IF
Site_KAL,BV39,"IF(BU39=""APPROVED"",""eATP"",""Task Progress Pending"")",eATP,,False,,IF
Site_KAL,CB39,"IF(BX39=""eATP Approved Tsel"",""BAST"",""IN PROGRESS"")",IN PROGRESS,,False,,IF
Site_KAL,CH39,"IF(CG39=""APPROVED"",""PROPOSE INVOICE"",""NY APPROVED"")",NY APPROVED,,False,,IF
Site_KAL,AC40,"IF(Z40="""",""Permit NY Requested"",IF(AA40="""",""Permit NY Release"",IF(AB40-TODAY()<1,""Expired Need Extend"",""Permit Ready"")))",Expired Need Extend,,False,,IF; TODAY
Site_KAL,AP40,"IF(AO40=""APPROVED"",""DOP Finish"",""NY VALIDATION"")",NY VALIDATION,,False,,IF
Site_KAL,BR40,BQ40-AS40,0,,False,,
Site_KAL,BV40,"IF(BU40=""APPROVED"",""eATP"",""Task Progress Pending"")",eATP,,False,,IF
Site_KAL,CB40,"IF(BX40=""eATP Approved Tsel"",""BAST"",""IN PROGRESS"")",IN PROGRESS,,False,,IF
Site_KAL,CH40,"IF(CG40=""APPROVED"",""PROPOSE INVOICE"",""NY APPROVED"")",NY APPROVED,,False,,IF
Site_KAL,AC41,"IF(Z41="""",""Permit NY Requested"",IF(AA41="""",""Permit NY Release"",IF(AB41-TODAY()<1,""Expired Need Extend"",""Permit Ready"")))",Expired Need Extend,,False,,IF; TODAY
Site_KAL,AP41,"IF(AO41=""APPROVED"",""DOP Finish"",""NY VALIDATION"")",NY VALIDATION,,False,,IF
Site_KAL,BR41,BQ41-AS41,0,,False,,
Site_KAL,BV41,"IF(BU41=""APPROVED"",""eATP"",""Task Progress Pending"")",eATP,,False,,IF
Site_KAL,CB41,"IF(BX41=""eATP Approved Tsel"",""BAST"",""IN PROGRESS"")",IN PROGRESS,,False,,IF
Site_KAL,CH41,"IF(CG41=""APPROVED"",""PROPOSE INVOICE"",""NY APPROVED"")",NY APPROVED,,False,,IF
Site_KAL,AC42,"IF(Z42="""",""Permit NY Requested"",IF(AA42="""",""Permit NY Release"",IF(AB42-TODAY()<1,""Expired Need Extend"",""Permit Ready"")))",Expired Need Extend,,False,,IF; TODAY
Site_KAL,AP42,"IF(AO42=""APPROVED"",""DOP Finish"",""NY VALIDATION"")",NY VALIDATION,,False,,IF
Site_KAL,BR42,BQ42-AS42,1,,False,,
Site_KAL,BV42,"IF(BU42=""APPROVED"",""eATP"",""Task Progress Pending"")",eATP,,False,,IF
Site_KAL,CB42,"IF(BX42=""eATP Approved Tsel"",""BAST"",""IN PROGRESS"")",IN PROGRESS,,False,,IF
Site_KAL,CH42,"IF(CG42=""APPROVED"",""PROPOSE INVOICE"",""NY APPROVED"")",NY APPROVED,,False,,IF
Site_KAL,AC43,"IF(Z43="""",""Permit NY Requested"",IF(AA43="""",""Permit NY Release"",IF(AB43-TODAY()<1,""Expired Need Extend"",""Permit Ready"")))",Expired Need Extend,,False,,IF; TODAY
Site_KAL,AP43,"IF(AO43=""APPROVED"",""DOP Finish"",""NY VALIDATION"")",NY VALIDATION,,False,,IF
Site_KAL,BR43,BQ43-AS43,0,,False,,
Site_KAL,BV43,"IF(BU43=""APPROVED"",""eATP"",""Task Progress Pending"")",eATP,,False,,IF
Site_KAL,CB43,"IF(BX43=""eATP Approved Tsel"",""BAST"",""IN PROGRESS"")",IN PROGRESS,,False,,IF
Site_KAL,CH43,"IF(CG43=""APPROVED"",""PROPOSE INVOICE"",""NY APPROVED"")",NY APPROVED,,False,,IF
Site_KAL,AC44,"IF(Z44="""",""Permit NY Requested"",IF(AA44="""",""Permit NY Release"",IF(AB44-TODAY()<1,""Expired Need Extend"",""Permit Ready"")))",Expired Need Extend,,False,,IF; TODAY
Site_KAL,AP44,"IF(AO44=""APPROVED"",""DOP Finish"",""NY VALIDATION"")",NY VALIDATION,,False,,IF
Site_KAL,BR44,BQ44-AS44,40,,False,,
Site_KAL,BV44,"IF(BU44=""APPROVED"",""eATP"",""Task Progress Pending"")",eATP,,False,,IF
Site_KAL,CB44,"IF(BX44=""eATP Approved Tsel"",""BAST"",""IN PROGRESS"")",IN PROGRESS,,False,,IF
Site_KAL,CH44,"IF(CG44=""APPROVED"",""PROPOSE INVOICE"",""NY APPROVED"")",NY APPROVED,,False,,IF
Site_KAL,G45,"VLOOKUP(C45,[1]sitelist!$G:$J,4,0)",SHR032MT1,,True,,VLOOKUP
Site_KAL,AC45,"IF(Z45="""",""Permit NY Requested"",IF(AA45="""",""Permit NY Release"",IF(AB45-TODAY()<1,""Expired Need Extend"",""Permit Ready"")))",Expired Need Extend,,False,,IF; TODAY
Site_KAL,AP45,"IF(AO45=""APPROVED"",""DOP Finish"",""NY VALIDATION"")",NY VALIDATION,,False,,IF
Site_KAL,BR45,BQ45-AS45,40,,False,,
Site_KAL,BV45,"IF(BU45=""APPROVED"",""eATP"",""Task Progress Pending"")",eATP,,False,,IF
Site_KAL,CB45,"IF(BX45=""eATP Approved Tsel"",""BAST"",""IN PROGRESS"")",IN PROGRESS,,False,,IF
Site_KAL,CH45,"IF(CG45=""APPROVED"",""PROPOSE INVOICE"",""NY APPROVED"")",NY APPROVED,,False,,IF
Site_KAL,AC46,"IF(Z46="""",""Permit NY Requested"",IF(AA46="""",""Permit NY Release"",IF(AB46-TODAY()<1,""Expired Need Extend"",""Permit Ready"")))",Expired Need Extend,,False,,IF; TODAY
Site_KAL,AP46,"IF(AO46=""APPROVED"",""DOP Finish"",""NY VALIDATION"")",NY VALIDATION,,False,,IF
Site_KAL,BR46,BQ46-AS46,14,,False,,
Site_KAL,BV46,"IF(BU46=""APPROVED"",""eATP"",""Task Progress Pending"")",eATP,,False,,IF
Site_KAL,CB46,"IF(BX46=""eATP Approved Tsel"",""BAST"",""IN PROGRESS"")",IN PROGRESS,,False,,IF
Site_KAL,CH46,"IF(CG46=""APPROVED"",""PROPOSE INVOICE"",""NY APPROVED"")",NY APPROVED,,False,,IF
Site_KAL,AC47,"IF(Z47="""",""Permit NY Requested"",IF(AA47="""",""Permit NY Release"",IF(AB47-TODAY()<1,""Expired Need Extend"",""Permit Ready"")))",Expired Need Extend,,False,,IF; TODAY
Site_KAL,AP47,"IF(AO47=""APPROVED"",""DOP Finish"",""NY VALIDATION"")",NY VALIDATION,,False,,IF
Site_KAL,BR47,BQ47-AS47,0,,False,,
Site_KAL,BV47,"IF(BU47=""APPROVED"",""eATP"",""Task Progress Pending"")",eATP,,False,,IF
Site_KAL,CB47,"IF(BX47=""eATP Approved Tsel"",""BAST"",""IN PROGRESS"")",IN PROGRESS,,False,,IF
Site_KAL,CH47,"IF(CG47=""APPROVED"",""PROPOSE INVOICE"",""NY APPROVED"")",NY APPROVED,,False,,IF
Site_KAL,BR48,BQ48-AS48,5,,False,,
Site_KAL,BV48,"IF(BU48=""APPROVED"",""eATP"",""Task Progress Pending"")",eATP,,False,,IF
Site_KAL,CB48,"IF(BX48=""eATP Approved Tsel"",""BAST"",""IN PROGRESS"")",IN PROGRESS,,False,,IF
Site_KAL,CH48,"IF(CG48=""APPROVED"",""PROPOSE INVOICE"",""NY APPROVED"")",NY APPROVED,,False,,IF
Site_KAL,AC49,"IF(Z49="""",""Permit NY Requested"",IF(AA49="""",""Permit NY Release"",IF(AB49-TODAY()<1,""Expired Need Extend"",""Permit Ready"")))",Expired Need Extend,,False,,IF; TODAY
Site_KAL,BR49,BQ49-AS49,35,,False,,
Site_KAL,BV49,"IF(BU49=""APPROVED"",""eATP"",""Task Progress Pending"")",eATP,,False,,IF
Site_KAL,CB49,"IF(BX49=""eATP Approved Tsel"",""BAST"",""IN PROGRESS"")",IN PROGRESS,,False,,IF
Site_KAL,CH49,"IF(CG49=""APPROVED"",""PROPOSE INVOICE"",""NY APPROVED"")",NY APPROVED,,False,,IF
Site_KAL,AC50,"IF(Z50="""",""Permit NY Requested"",IF(AA50="""",""Permit NY Release"",IF(AB50-TODAY()<1,""Expired Need Extend"",""Permit Ready"")))",Expired Need Extend,,False,,IF; TODAY
Site_KAL,AP50,"IF(AO50=""APPROVED"",""DOP Finish"",""NY VALIDATION"")",NY VALIDATION,,False,,IF
Site_KAL,BR50,BQ50-AS50,5,,False,,
Site_KAL,BV50,"IF(BU50=""APPROVED"",""eATP"",""Task Progress Pending"")",eATP,,False,,IF
Site_KAL,CB50,"IF(BX50=""eATP Approved Tsel"",""BAST"",""IN PROGRESS"")",IN PROGRESS,,False,,IF
Site_KAL,CH50,"IF(CG50=""APPROVED"",""PROPOSE INVOICE"",""NY APPROVED"")",NY APPROVED,,False,,IF
Site_KAL,AC51,"IF(Z51="""",""Permit NY Requested"",IF(AA51="""",""Permit NY Release"",IF(AB51-TODAY()<1,""Expired Need Extend"",""Permit Ready"")))",Expired Need Extend,,False,,IF; TODAY
Site_KAL,AP51,"IF(AO51=""APPROVED"",""DOP Finish"",""NY VALIDATION"")",NY VALIDATION,,False,,IF
Site_KAL,BR51,BQ51-AS51,17,,False,,
Site_KAL,BV51,"IF(BU51=""APPROVED"",""eATP"",""Task Progress Pending"")",eATP,,False,,IF
Site_KAL,CB51,"IF(BX51=""eATP Approved Tsel"",""BAST"",""IN PROGRESS"")",IN PROGRESS,,False,,IF
Site_KAL,CH51,"IF(CG51=""APPROVED"",""PROPOSE INVOICE"",""NY APPROVED"")",NY APPROVED,,False,,IF
Site_KAL,AC52,"IF(Z52="""",""Permit NY Requested"",IF(AA52="""",""Permit NY Release"",IF(AB52-TODAY()<1,""Expired Need Extend"",""Permit Ready"")))",Expired Need Extend,,False,,IF; TODAY
Site_KAL,AP52,"IF(AO52=""APPROVED"",""DOP Finish"",""NY VALIDATION"")",NY VALIDATION,,False,,IF
Site_KAL,BR52,BQ52-AS52,5,,False,,
Site_KAL,BV52,"IF(BU52=""APPROVED"",""eATP"",""Task Progress Pending"")",eATP,,False,,IF
Site_KAL,CB52,"IF(BX52=""eATP Approved Tsel"",""BAST"",""IN PROGRESS"")",IN PROGRESS,,False,,IF
Site_KAL,CH52,"IF(CG52=""APPROVED"",""PROPOSE INVOICE"",""NY APPROVED"")",NY APPROVED,,False,,IF
Site_KAL,AC53,"IF(Z53="""",""Permit NY Requested"",IF(AA53="""",""Permit NY Release"",IF(AB53-TODAY()<1,""Expired Need Extend"",""Permit Ready"")))",Expired Need Extend,,False,,IF; TODAY
Site_KAL,AP53,"IF(AO53=""APPROVED"",""DOP Finish"",""NY VALIDATION"")",NY VALIDATION,,False,,IF
Site_KAL,BR53,BQ53-AS53,30,,False,,
Site_KAL,BV53,"IF(BU53=""APPROVED"",""eATP"",""Task Progress Pending"")",Task Progress Pending,,False,,IF
Site_KAL,CB53,"IF(BX53=""eATP Approved Tsel"",""BAST"",""IN PROGRESS"")",IN PROGRESS,,False,,IF
Site_KAL,CH53,"IF(CG53=""APPROVED"",""PROPOSE INVOICE"",""NY APPROVED"")",NY APPROVED,,False,,IF
Site_KAL,AC54,"IF(Z54="""",""Permit NY Requested"",IF(AA54="""",""Permit NY Release"",IF(AB54-TODAY()<1,""Expired Need Extend"",""Permit Ready"")))",Expired Need Extend,,False,,IF; TODAY
Site_KAL,AP54,"IF(AO54=""APPROVED"",""DOP Finish"",""NY VALIDATION"")",NY VALIDATION,,False,,IF
Site_KAL,BR54,BQ54-AS54,16,,False,,
Site_KAL,BV54,"IF(BU54=""APPROVED"",""eATP"",""Task Progress Pending"")",Task Progress Pending,,False,,IF
Site_KAL,CB54,"IF(BX54=""eATP Approved Tsel"",""BAST"",""IN PROGRESS"")",IN PROGRESS,,False,,IF
Site_KAL,CH54,"IF(CG54=""APPROVED"",""PROPOSE INVOICE"",""NY APPROVED"")",NY APPROVED,,False,,IF
Site_KAL,AC55,"IF(Z55="""",""Permit NY Requested"",IF(AA55="""",""Permit NY Release"",IF(AB55-TODAY()<1,""Expired Need Extend"",""Permit Ready"")))",Expired Need Extend,,False,,IF; TODAY
Site_KAL,AP55,"IF(AO55=""APPROVED"",""DOP Finish"",""NY VALIDATION"")",NY VALIDATION,,False,,IF
Site_KAL,BR55,BQ55-AS55,17,,False,,
Site_KAL,BV55,"IF(BU55=""APPROVED"",""eATP"",""Task Progress Pending"")",Task Progress Pending,,False,,IF
Site_KAL,CB55,"IF(BX55=""eATP Approved Tsel"",""BAST"",""IN PROGRESS"")",IN PROGRESS,,False,,IF
Site_KAL,CH55,"IF(CG55=""APPROVED"",""PROPOSE INVOICE"",""NY APPROVED"")",NY APPROVED,,False,,IF
Site_KAL,AC56,"IF(Z56="""",""Permit NY Requested"",IF(AA56="""",""Permit NY Release"",IF(AB56-TODAY()<1,""Expired Need Extend"",""Permit Ready"")))",Expired Need Extend,,False,,IF; TODAY
Site_KAL,AP56,"IF(AO56=""APPROVED"",""DOP Finish"",""NY VALIDATION"")",NY VALIDATION,,False,,IF
Site_KAL,BR56,BQ56-AS56,16,,False,,
Site_KAL,BV56,"IF(BU56=""APPROVED"",""eATP"",""Task Progress Pending"")",Task Progress Pending,,False,,IF
Site_KAL,CB56,"IF(BX56=""eATP Approved Tsel"",""BAST"",""IN PROGRESS"")",IN PROGRESS,,False,,IF
Site_KAL,CH56,"IF(CG56=""APPROVED"",""PROPOSE INVOICE"",""NY APPROVED"")",NY APPROVED,,False,,IF
Site_KAL,AC57,"IF(Z57="""",""Permit NY Requested"",IF(AA57="""",""Permit NY Release"",IF(AB57-TODAY()<1,""Expired Need Extend"",""Permit Ready"")))",Expired Need Extend,,False,,IF; TODAY
Site_KAL,AP57,"IF(AO57=""APPROVED"",""DOP Finish"",""NY VALIDATION"")",NY VALIDATION,,False,,IF
Site_KAL,BR57,BQ57-AS57,16,,False,,
Site_KAL,BV57,"IF(BU57=""APPROVED"",""eATP"",""Task Progress Pending"")",Task Progress Pending,,False,,IF
Site_KAL,CB57,"IF(BX57=""eATP Approved Tsel"",""BAST"",""IN PROGRESS"")",IN PROGRESS,,False,,IF
Site_KAL,CH57,"IF(CG57=""APPROVED"",""PROPOSE INVOICE"",""NY APPROVED"")",NY APPROVED,,False,,IF
Site_KAL,AC58,"IF(Z58="""",""Permit NY Requested"",IF(AA58="""",""Permit NY Release"",IF(AB58-TODAY()<1,""Expired Need Extend"",""Permit Ready"")))",Expired Need Extend,,False,,IF; TODAY
Site_KAL,AP58,"IF(AO58=""APPROVED"",""DOP Finish"",""NY VALIDATION"")",NY VALIDATION,,False,,IF
Site_KAL,BR58,BQ58-AS58,2,,False,,
Site_KAL,BV58,"IF(BU58=""APPROVED"",""eATP"",""Task Progress Pending"")",eATP,,False,,IF
Site_KAL,CB58,"IF(BX58=""eATP Approved Tsel"",""BAST"",""IN PROGRESS"")",IN PROGRESS,,False,,IF
Site_KAL,CH58,"IF(CG58=""APPROVED"",""PROPOSE INVOICE"",""NY APPROVED"")",NY APPROVED,,False,,IF
Site_KAL,AC59,"IF(Z59="""",""Permit NY Requested"",IF(AA59="""",""Permit NY Release"",IF(AB59-TODAY()<1,""Expired Need Extend"",""Permit Ready"")))",Expired Need Extend,,False,,IF; TODAY
Site_KAL,AP59,"IF(AO59=""APPROVED"",""DOP Finish"",""NY VALIDATION"")",NY VALIDATION,,False,,IF
Site_KAL,BR59,BQ59-AS59,2,,False,,
Site_KAL,BV59,"IF(BU59=""APPROVED"",""eATP"",""Task Progress Pending"")",eATP,,False,,IF
Site_KAL,CB59,"IF(BX59=""eATP Approved Tsel"",""BAST"",""IN PROGRESS"")",IN PROGRESS,,False,,IF
Site_KAL,CH59,"IF(CG59=""APPROVED"",""PROPOSE INVOICE"",""NY APPROVED"")",NY APPROVED,,False,,IF
Site_KAL,AC60,"IF(Z60="""",""Permit NY Requested"",IF(AA60="""",""Permit NY Release"",IF(AB60-TODAY()<1,""Expired Need Extend"",""Permit Ready"")))",Expired Need Extend,,False,,IF; TODAY
Site_KAL,AP60,"IF(AO60=""APPROVED"",""DOP Finish"",""NY VALIDATION"")",NY VALIDATION,,False,,IF
Site_KAL,BR60,BQ60-AS60,1,,False,,
Site_KAL,BV60,"IF(BU60=""APPROVED"",""eATP"",""Task Progress Pending"")",eATP,,False,,IF
Site_KAL,AC61,"IF(Z61="""",""Permit NY Requested"",IF(AA61="""",""Permit NY Release"",IF(AB61-TODAY()<1,""Expired Need Extend"",""Permit Ready"")))",Expired Need Extend,,False,,IF; TODAY
Site_KAL,AP61,"IF(AO61=""APPROVED"",""DOP Finish"",""NY VALIDATION"")",NY VALIDATION,,False,,IF
Site_KAL,BR61,BQ61-AS61,9,,False,,
Site_KAL,BV61,"IF(BU61=""APPROVED"",""eATP"",""Task Progress Pending"")",Task Progress Pending,,False,,IF
Site_KAL,CB61,"IF(BX61=""eATP Approved Tsel"",""BAST"",""IN PROGRESS"")",IN PROGRESS,,False,,IF
Site_KAL,CH61,"IF(CG61=""APPROVED"",""PROPOSE INVOICE"",""NY APPROVED"")",NY APPROVED,,False,,IF
Site_KAL,AC62,"IF(Z62="""",""Permit NY Requested"",IF(AA62="""",""Permit NY Release"",IF(AB62-TODAY()<1,""Expired Need Extend"",""Permit Ready"")))",Expired Need Extend,,False,,IF; TODAY
Site_KAL,AP62,"IF(AO62=""APPROVED"",""DOP Finish"",""NY VALIDATION"")",NY VALIDATION,,False,,IF
Site_KAL,BR62,BQ62-AS62,0,,False,,
Site_KAL,BV62,"IF(BU62=""APPROVED"",""eATP"",""Task Progress Pending"")",Task Progress Pending,,False,,IF
Site_KAL,CB62,"IF(BX62=""eATP Approved Tsel"",""BAST"",""IN PROGRESS"")",IN PROGRESS,,False,,IF
Site_KAL,CH62,"IF(CG62=""APPROVED"",""PROPOSE INVOICE"",""NY APPROVED"")",NY APPROVED,,False,,IF
Site_KAL,AC63,"IF(Z63="""",""Permit NY Requested"",IF(AA63="""",""Permit NY Release"",IF(AB63-TODAY()<1,""Expired Need Extend"",""Permit Ready"")))",Expired Need Extend,,False,,IF; TODAY
Site_KAL,AP63,"IF(AO63=""APPROVED"",""DOP Finish"",""NY VALIDATION"")",NY VALIDATION,,False,,IF
Site_KAL,BR63,BQ63-AS63,11,,False,,
Site_KAL,BV63,"IF(BU63=""APPROVED"",""eATP"",""Task Progress Pending"")",Task Progress Pending,,False,,IF
Site_KAL,CB63,"IF(BX63=""eATP Approved Tsel"",""BAST"",""IN PROGRESS"")",IN PROGRESS,,False,,IF
Site_KAL,CH63,"IF(CG63=""APPROVED"",""PROPOSE INVOICE"",""NY APPROVED"")",NY APPROVED,,False,,IF
Site_KAL,AC64,"IF(Z64="""",""Permit NY Requested"",IF(AA64="""",""Permit NY Release"",IF(AB64-TODAY()<1,""Expired Need Extend"",""Permit Ready"")))",Expired Need Extend,,False,,IF; TODAY
Site_KAL,AP64,"IF(AO64=""APPROVED"",""DOP Finish"",""NY VALIDATION"")",NY VALIDATION,,False,,IF
Site_KAL,BR64,BQ64-AS64,11,,False,,
Site_KAL,BV64,"IF(BU64=""APPROVED"",""eATP"",""Task Progress Pending"")",Task Progress Pending,,False,,IF
Site_KAL,CB64,"IF(BX64=""eATP Approved Tsel"",""BAST"",""IN PROGRESS"")",IN PROGRESS,,False,,IF
Site_KAL,CH64,"IF(CG64=""APPROVED"",""PROPOSE INVOICE"",""NY APPROVED"")",NY APPROVED,,False,,IF
Site_KAL,AC65,"IF(Z65="""",""Permit NY Requested"",IF(AA65="""",""Permit NY Release"",IF(AB65-TODAY()<1,""Expired Need Extend"",""Permit Ready"")))",Expired Need Extend,,False,,IF; TODAY
Site_KAL,AP65,"IF(AO65=""APPROVED"",""DOP Finish"",""NY VALIDATION"")",NY VALIDATION,,False,,IF
Site_KAL,BR65,BQ65-AS65,1,,False,,
Site_KAL,BV65,"IF(BU65=""APPROVED"",""eATP"",""Task Progress Pending"")",Task Progress Pending,,False,,IF
Site_KAL,CB65,"IF(BX65=""eATP Approved Tsel"",""BAST"",""IN PROGRESS"")",IN PROGRESS,,False,,IF
Site_KAL,CH65,"IF(CG65=""APPROVED"",""PROPOSE INVOICE"",""NY APPROVED"")",NY APPROVED,,False,,IF
Site_KAL,AC66,"IF(Z66="""",""Permit NY Requested"",IF(AA66="""",""Permit NY Release"",IF(AB66-TODAY()<1,""Expired Need Extend"",""Permit Ready"")))",Expired Need Extend,,False,,IF; TODAY
Site_KAL,AP66,"IF(AO66=""APPROVED"",""DOP Finish"",""NY VALIDATION"")",NY VALIDATION,,False,,IF
Site_KAL,BR66,BQ66-AS66,1,,False,,
Site_KAL,BV66,"IF(BU66=""APPROVED"",""eATP"",""Task Progress Pending"")",Task Progress Pending,,False,,IF
Site_KAL,CB66,"IF(BX66=""eATP Approved Tsel"",""BAST"",""IN PROGRESS"")",IN PROGRESS,,False,,IF
Site_KAL,CH66,"IF(CG66=""APPROVED"",""PROPOSE INVOICE"",""NY APPROVED"")",NY APPROVED,,False,,IF
Site_KAL,AC67,"IF(Z67="""",""Permit NY Requested"",IF(AA67="""",""Permit NY Release"",IF(AB67-TODAY()<1,""Expired Need Extend"",""Permit Ready"")))",Expired Need Extend,,False,,IF; TODAY
Site_KAL,AP67,"IF(AO67=""APPROVED"",""DOP Finish"",""NY VALIDATION"")",NY VALIDATION,,False,,IF
Site_KAL,BR67,BQ67-AS67,3,,False,,
Site_KAL,BV67,"IF(BU67=""APPROVED"",""eATP"",""Task Progress Pending"")",eATP,,False,,IF
Site_KAL,CB67,"IF(BX67=""eATP Approved Tsel"",""BAST"",""IN PROGRESS"")",BAST,,False,,IF
Site_KAL,CH67,"IF(CG67=""APPROVED"",""PROPOSE INVOICE"",""NY APPROVED"")",PROPOSE INVOICE,,False,,IF
Site_KAL,AC68,"IF(Z68="""",""Permit NY Requested"",IF(AA68="""",""Permit NY Release"",IF(AB68-TODAY()<1,""Expired Need Extend"",""Permit Ready"")))",Expired Need Extend,,False,,IF; TODAY
Site_KAL,AP68,"IF(AO68=""APPROVED"",""DOP Finish"",""NY VALIDATION"")",NY VALIDATION,,False,,IF
Site_KAL,BR68,BQ68-AS68,27,,False,,
Site_KAL,BV68,"IF(BU68=""APPROVED"",""eATP"",""Task Progress Pending"")",eATP,,False,,IF
Site_KAL,CB68,"IF(BX68=""eATP Approved Tsel"",""BAST"",""IN PROGRESS"")",BAST,,False,,IF
Site_KAL,CH68,"IF(CG68=""APPROVED"",""PROPOSE INVOICE"",""NY APPROVED"")",PROPOSE INVOICE,,False,,IF
Site_KAL,AC69,"IF(Z69="""",""Permit NY Requested"",IF(AA69="""",""Permit NY Release"",IF(AB69-TODAY()<1,""Expired Need Extend"",""Permit Ready"")))",Expired Need Extend,,False,,IF; TODAY
Site_KAL,AP69,"IF(AO69=""APPROVED"",""DOP Finish"",""NY VALIDATION"")",NY VALIDATION,,False,,IF
Site_KAL,BR69,BQ69-AS69,1,,False,,
Site_KAL,BV69,"IF(BU69=""APPROVED"",""eATP"",""Task Progress Pending"")",eATP,,False,,IF
Site_KAL,CB69,"IF(BX69=""eATP Approved Tsel"",""BAST"",""IN PROGRESS"")",BAST,,False,,IF
Site_KAL,CH69,"IF(CG69=""APPROVED"",""PROPOSE INVOICE"",""NY APPROVED"")",PROPOSE INVOICE,,False,,IF
Site_KAL,AC70,"IF(Z70="""",""Permit NY Requested"",IF(AA70="""",""Permit NY Release"",IF(AB70-TODAY()<1,""Expired Need Extend"",""Permit Ready"")))",Expired Need Extend,,False,,IF; TODAY
Site_KAL,AP70,"IF(AO70=""APPROVED"",""DOP Finish"",""NY VALIDATION"")",NY VALIDATION,,False,,IF
Site_KAL,BR70,BQ70-AS70,5,,False,,
Site_KAL,BV70,"IF(BU70=""APPROVED"",""eATP"",""Task Progress Pending"")",eATP,,False,,IF
Site_KAL,CB70,"IF(BX70=""eATP Approved Tsel"",""BAST"",""IN PROGRESS"")",BAST,,False,,IF
Site_KAL,CH70,"IF(CG70=""APPROVED"",""PROPOSE INVOICE"",""NY APPROVED"")",PROPOSE INVOICE,,False,,IF
Site_KAL,AC71,"IF(Z71="""",""Permit NY Requested"",IF(AA71="""",""Permit NY Release"",IF(AB71-TODAY()<1,""Expired Need Extend"",""Permit Ready"")))",Expired Need Extend,,False,,IF; TODAY
Site_KAL,AP71,"IF(AO71=""APPROVED"",""DOP Finish"",""NY VALIDATION"")",NY VALIDATION,,False,,IF
Site_KAL,BR71,BQ71-AS71,1,,False,,
Site_KAL,BV71,"IF(BU71=""APPROVED"",""eATP"",""Task Progress Pending"")",eATP,,False,,IF
Site_KAL,CB71,"IF(BX71=""eATP Approved Tsel"",""BAST"",""IN PROGRESS"")",BAST,,False,,IF
Site_KAL,CH71,"IF(CG71=""APPROVED"",""PROPOSE INVOICE"",""NY APPROVED"")",PROPOSE INVOICE,,False,,IF
Site_KAL,AC72,"IF(Z72="""",""Permit NY Requested"",IF(AA72="""",""Permit NY Release"",IF(AB72-TODAY()<1,""Expired Need Extend"",""Permit Ready"")))",Expired Need Extend,,False,,IF; TODAY
Site_KAL,AP72,"IF(AO72=""APPROVED"",""DOP Finish"",""NY VALIDATION"")",NY VALIDATION,,False,,IF
Site_KAL,BR72,BQ72-AS72,7,,False,,
Site_KAL,BV72,"IF(BU72=""APPROVED"",""eATP"",""Task Progress Pending"")",eATP,,False,,IF
Site_KAL,CB72,"IF(BX72=""eATP Approved Tsel"",""BAST"",""IN PROGRESS"")",BAST,,False,,IF
Site_KAL,CH72,"IF(CG72=""APPROVED"",""PROPOSE INVOICE"",""NY APPROVED"")",PROPOSE INVOICE,,False,,IF
Site_KAL,AC73,"IF(Z73="""",""Permit NY Requested"",IF(AA73="""",""Permit NY Release"",IF(AB73-TODAY()<1,""Expired Need Extend"",""Permit Ready"")))",Expired Need Extend,,False,,IF; TODAY
Site_KAL,AP73,"IF(AO73=""APPROVED"",""DOP Finish"",""NY VALIDATION"")",NY VALIDATION,,False,,IF
Site_KAL,BV73,"IF(BU73=""APPROVED"",""eATP"",""Task Progress Pending"")",eATP,,False,,IF
Site_KAL,CB73,"IF(BX73=""eATP Approved Tsel"",""BAST"",""IN PROGRESS"")",BAST,,False,,IF
Site_KAL,CH73,"IF(CG73=""APPROVED"",""PROPOSE INVOICE"",""NY APPROVED"")",PROPOSE INVOICE,,False,,IF
Site_KAL,AC74,"IF(Z74="""",""Permit NY Requested"",IF(AA74="""",""Permit NY Release"",IF(AB74-TODAY()<1,""Expired Need Extend"",""Permit Ready"")))",Expired Need Extend,,False,,IF; TODAY
Site_KAL,AP74,"IF(AO74=""APPROVED"",""DOP Finish"",""NY VALIDATION"")",NY VALIDATION,,False,,IF
Site_KAL,BR74,BQ74-AS74,2,,False,,
Site_KAL,BV74,"IF(BU74=""APPROVED"",""eATP"",""Task Progress Pending"")",eATP,,False,,IF
Site_KAL,CB74,"IF(BX74=""eATP Approved Tsel"",""BAST"",""IN PROGRESS"")",BAST,,False,,IF
Site_KAL,CH74,"IF(CG74=""APPROVED"",""PROPOSE INVOICE"",""NY APPROVED"")",PROPOSE INVOICE,,False,,IF
Site_KAL,AC75,"IF(Z75="""",""Permit NY Requested"",IF(AA75="""",""Permit NY Release"",IF(AB75-TODAY()<1,""Expired Need Extend"",""Permit Ready"")))",Expired Need Extend,,False,,IF; TODAY
Site_KAL,AP75,"IF(AO75=""APPROVED"",""DOP Finish"",""NY VALIDATION"")",NY VALIDATION,,False,,IF
Site_KAL,BR75,BQ75-AS75,2,,False,,
Site_KAL,BV75,"IF(BU75=""APPROVED"",""eATP"",""Task Progress Pending"")",eATP,,False,,IF
Site_KAL,CB75,"IF(BX75=""eATP Approved Tsel"",""BAST"",""IN PROGRESS"")",BAST,,False,,IF
Site_KAL,CH75,"IF(CG75=""APPROVED"",""PROPOSE INVOICE"",""NY APPROVED"")",PROPOSE INVOICE,,False,,IF
Site_KAL,AC76,"IF(Z76="""",""Permit NY Requested"",IF(AA76="""",""Permit NY Release"",IF(AB76-TODAY()<1,""Expired Need Extend"",""Permit Ready"")))",Expired Need Extend,,False,,IF; TODAY
Site_KAL,AP76,"IF(AO76=""APPROVED"",""DOP Finish"",""NY VALIDATION"")",NY VALIDATION,,False,,IF
Site_KAL,BM76,AK76,-,,False,,
Site_KAL,BR76,BQ76-AS76,30,,False,,
Site_KAL,BV76,"IF(BU76=""APPROVED"",""eATP"",""Task Progress Pending"")",eATP,,False,,IF
Site_KAL,CB76,"IF(BX76=""eATP Approved Tsel"",""BAST"",""IN PROGRESS"")",BAST,,False,,IF
Site_KAL,CH76,"IF(CG76=""APPROVED"",""PROPOSE INVOICE"",""NY APPROVED"")",PROPOSE INVOICE,,False,,IF
Site_KAL,AC77,"IF(Z77="""",""Permit NY Requested"",IF(AA77="""",""Permit NY Release"",IF(AB77-TODAY()<1,""Expired Need Extend"",""Permit Ready"")))",Expired Need Extend,,False,,IF; TODAY
Site_KAL,AP77,"IF(AO77=""APPROVED"",""DOP Finish"",""NY VALIDATION"")",DOP Finish,,False,,IF
Site_KAL,BM77,AK77,45932,,False,,
Site_KAL,BR77,BQ77-AS77,1,,False,,
Site_KAL,BV77,"IF(BU77=""APPROVED"",""eATP"",""Task Progress Pending"")",eATP,,False,,IF
Site_KAL,CB77,"IF(BX77=""eATP Approved Tsel"",""BAST"",""IN PROGRESS"")",BAST,,False,,IF
Site_KAL,CH77,"IF(CG77=""APPROVED"",""PROPOSE INVOICE"",""NY APPROVED"")",PROPOSE INVOICE,,False,,IF
Site_KAL,AC78,"IF(Z78="""",""Permit NY Requested"",IF(AA78="""",""Permit NY Release"",IF(AB78-TODAY()<1,""Expired Need Extend"",""Permit Ready"")))",Expired Need Extend,,False,,IF; TODAY
Site_KAL,AP78,"IF(AO78=""APPROVED"",""DOP Finish"",""NY VALIDATION"")",DOP Finish,,False,,IF
Site_KAL,BM78,AK78,-(NY Dismantle note: exsisting R8852E S9000 dan antena kathrein 2 port keep dari project),,False,,
Site_KAL,BR78,BQ78-AS78,2,,False,,
Site_KAL,BV78,"IF(BU78=""APPROVED"",""eATP"",""Task Progress Pending"")",eATP,,False,,IF
Site_KAL,CB78,"IF(BX78=""eATP Approved Tsel"",""BAST"",""IN PROGRESS"")",BAST,,False,,IF
Site_KAL,CH78,"IF(CG78=""APPROVED"",""PROPOSE INVOICE"",""NY APPROVED"")",PROPOSE INVOICE,,False,,IF
Site_KAL,AC79,"IF(Z79="""",""Permit NY Requested"",IF(AA79="""",""Permit NY Release"",IF(AB79-TODAY()<1,""Expired Need Extend"",""Permit Ready"")))",Expired Need Extend,,False,,IF; TODAY
Site_KAL,AP79,"IF(AO79=""APPROVED"",""DOP Finish"",""NY VALIDATION"")",DOP Finish,,False,,IF
Site_KAL,BM79,AK79,45938,,False,,
Site_KAL,BR79,BQ79-AS79,1,,False,,
Site_KAL,BV79,"IF(BU79=""APPROVED"",""eATP"",""Task Progress Pending"")",eATP,,False,,IF
Site_KAL,CB79,"IF(BX79=""eATP Approved Tsel"",""BAST"",""IN PROGRESS"")",BAST,,False,,IF
Site_KAL,CH79,"IF(CG79=""APPROVED"",""PROPOSE INVOICE"",""NY APPROVED"")",PROPOSE INVOICE,,False,,IF
Site_KAL,AC80,"IF(Z80="""",""Permit NY Requested"",IF(AA80="""",""Permit NY Release"",IF(AB80-TODAY()<1,""Expired Need Extend"",""Permit Ready"")))",Expired Need Extend,,False,,IF; TODAY
Site_KAL,AP80,"IF(AO80=""APPROVED"",""DOP Finish"",""NY VALIDATION"")",NY VALIDATION,,False,,IF
Site_KAL,AS80,AJ80,45943,,False,,
Site_KAL,AU80,AK80,45943,,False,,
Site_KAL,AV80,AK80,45943,,False,,
Site_KAL,BM80,AK80,45943,,False,,
Site_KAL,BR80,BQ80-AS80,0,,False,,
Site_KAL,BV80,"IF(BU80=""APPROVED"",""eATP"",""Task Progress Pending"")",eATP,,False,,IF
Site_KAL,CB80,"IF(BX80=""eATP Approved Tsel"",""BAST"",""IN PROGRESS"")",BAST,,False,,IF
Site_KAL,CH80,"IF(CG80=""APPROVED"",""PROPOSE INVOICE"",""NY APPROVED"")",PROPOSE INVOICE,,False,,IF
Site_KAL,AC81,"IF(Z81="""",""Permit NY Requested"",IF(AA81="""",""Permit NY Release"",IF(AB81-TODAY()<1,""Expired Need Extend"",""Permit Ready"")))",Expired Need Extend,,False,,IF; TODAY
Site_KAL,AP81,"IF(AO81=""APPROVED"",""DOP Finish"",""NY VALIDATION"")",NY VALIDATION,,False,,IF
Site_KAL,BR81,BQ81-AS81,-45946,,False,,
Site_KAL,AC82,"IF(Z82="""",""Permit NY Requested"",IF(AA82="""",""Permit NY Release"",IF(AB82-TODAY()<1,""Expired Need Extend"",""Permit Ready"")))",Expired Need Extend,,False,,IF; TODAY
Site_KAL,BR82,BQ82-AS82,4,,False,,
Site_KAL,AC83,"IF(Z83="""",""Permit NY Requested"",IF(AA83="""",""Permit NY Release"",IF(AB83-TODAY()<1,""Expired Need Extend"",""Permit Ready"")))",Expired Need Extend,,False,,IF; TODAY
Site_KAL,AP83,"IF(AO83=""APPROVED"",""DOP Finish"",""NY VALIDATION"")",NY VALIDATION,,False,,IF
Site_KAL,BR83,BQ83-AS83,1,,False,,
Site_KAL,AC84,"IF(Z84="""",""Permit NY Requested"",IF(AA84="""",""Permit NY Release"",IF(AB84-TODAY()<1,""Expired Need Extend"",""Permit Ready"")))",Expired Need Extend,,False,,IF; TODAY
Site_KAL,AP84,"IF(AO84=""APPROVED"",""DOP Finish"",""NY VALIDATION"")",NY VALIDATION,,False,,IF
Site_KAL,BR84,BQ84-AS84,1,,False,,
Site_KAL,BV84,"IF(BU84=""APPROVED"",""eATP"",""Task Progress Pending"")",eATP,,False,,IF
Site_KAL,CB84,"IF(BX84=""eATP Approved Tsel"",""BAST"",""IN PROGRESS"")",BAST,,False,,IF
Site_KAL,CH84,"IF(CG84=""APPROVED"",""PROPOSE INVOICE"",""NY APPROVED"")",PROPOSE INVOICE,,False,,IF
Site_KAL,AC85,"IF(Z85="""",""Permit NY Requested"",IF(AA85="""",""Permit NY Release"",IF(AB85-TODAY()<1,""Expired Need Extend"",""Permit Ready"")))",Expired Need Extend,,False,,IF; TODAY
Site_KAL,AP85,"IF(AO85=""APPROVED"",""DOP Finish"",""NY VALIDATION"")",NY VALIDATION,,False,,IF
Site_KAL,BR85,BQ85-AS85,-45951,,False,,
Site_KAL,BV85,"IF(BU85=""APPROVED"",""eATP"",""Task Progress Pending"")",eATP,,False,,IF
Site_KAL,CB85,"IF(BX85=""eATP Approved Tsel"",""BAST"",""IN PROGRESS"")",BAST,,False,,IF
Site_KAL,CH85,"IF(CG85=""APPROVED"",""PROPOSE INVOICE"",""NY APPROVED"")",PROPOSE INVOICE,,False,,IF
Site_KAL,AC86,"IF(Z86="""",""Permit NY Requested"",IF(AA86="""",""Permit NY Release"",IF(AB86-TODAY()<1,""Expired Need Extend"",""Permit Ready"")))",Expired Need Extend,,False,,IF; TODAY
Site_KAL,AP86,"IF(AO86=""APPROVED"",""DOP Finish"",""NY VALIDATION"")",NY VALIDATION,,False,,IF
Site_KAL,AC87,"IF(Z87="""",""Permit NY Requested"",IF(AA87="""",""Permit NY Release"",IF(AB87-TODAY()<1,""Expired Need Extend"",""Permit Ready"")))",Expired Need Extend,,False,,IF; TODAY
Site_KAL,AP87,"IF(AO87=""APPROVED"",""DOP Finish"",""NY VALIDATION"")",NY VALIDATION,,False,,IF
Site_KAL,BR87,BQ87-AS87,1,,False,,
Site_KAL,BV87,"IF(BU87=""APPROVED"",""eATP"",""Task Progress Pending"")",eATP,,False,,IF
Site_KAL,CB87,"IF(BX87=""eATP Approved Tsel"",""BAST"",""IN PROGRESS"")",BAST,,False,,IF
Site_KAL,CH87,"IF(CG87=""APPROVED"",""PROPOSE INVOICE"",""NY APPROVED"")",PROPOSE INVOICE,,False,,IF
Site_KAL,AC88,"IF(Z88="""",""Permit NY Requested"",IF(AA88="""",""Permit NY Release"",IF(AB88-TODAY()<1,""Expired Need Extend"",""Permit Ready"")))",Expired Need Extend,,False,,IF; TODAY
Site_KAL,AP88,"IF(AO88=""APPROVED"",""DOP Finish"",""NY VALIDATION"")",NY VALIDATION,,False,,IF
Site_KAL,BR88,BQ88-AS88,-45951,,False,,
Site_KAL,BV88,"IF(BU88=""APPROVED"",""eATP"",""Task Progress Pending"")",eATP,,False,,IF
Site_KAL,CB88,"IF(BX88=""eATP Approved Tsel"",""BAST"",""IN PROGRESS"")",BAST,,False,,IF
Site_KAL,CH88,"IF(CG88=""APPROVED"",""PROPOSE INVOICE"",""NY APPROVED"")",PROPOSE INVOICE,,False,,IF
Site_KAL,AC89,"IF(Z89="""",""Permit NY Requested"",IF(AA89="""",""Permit NY Release"",IF(AB89-TODAY()<1,""Expired Need Extend"",""Permit Ready"")))",Expired Need Extend,,False,,IF; TODAY
Site_KAL,AP89,"IF(AO89=""APPROVED"",""DOP Finish"",""NY VALIDATION"")",NY VALIDATION,,False,,IF
Site_KAL,BR89,BQ89-AS89,1,,False,,
Site_KAL,BV89,"IF(BU89=""APPROVED"",""eATP"",""Task Progress Pending"")",eATP,,False,,IF
Site_KAL,CB89,"IF(BX89=""eATP Approved Tsel"",""BAST"",""IN PROGRESS"")",BAST,,False,,IF
Site_KAL,CH89,"IF(CG89=""APPROVED"",""PROPOSE INVOICE"",""NY APPROVED"")",PROPOSE INVOICE,,False,,IF
Site_KAL,AC90,"IF(Z90="""",""Permit NY Requested"",IF(AA90="""",""Permit NY Release"",IF(AB90-TODAY()<1,""Expired Need Extend"",""Permit Ready"")))",Expired Need Extend,,False,,IF; TODAY
Site_KAL,AP90,"IF(AO90=""APPROVED"",""DOP Finish"",""NY VALIDATION"")",NY VALIDATION,,False,,IF
Site_KAL,BR90,BQ90-AS90,39,,False,,
Site_KAL,BV90,"IF(BU90=""APPROVED"",""eATP"",""Task Progress Pending"")",eATP,,False,,IF
Site_KAL,CB90,"IF(BX90=""eATP Approved Tsel"",""BAST"",""IN PROGRESS"")",BAST,,False,,IF
Site_KAL,CH90,"IF(CG90=""APPROVED"",""PROPOSE INVOICE"",""NY APPROVED"")",PROPOSE INVOICE,,False,,IF
Site_KAL,AC91,"IF(Z91="""",""Permit NY Requested"",IF(AA91="""",""Permit NY Release"",IF(AB91-TODAY()<1,""Expired Need Extend"",""Permit Ready"")))",Expired Need Extend,,False,,IF; TODAY
Site_KAL,AP91,"IF(AO91=""APPROVED"",""DOP Finish"",""NY VALIDATION"")",NY VALIDATION,,False,,IF
Site_KAL,BR91,BQ91-AS91,1,,False,,
Site_KAL,BV91,"IF(BU91=""APPROVED"",""eATP"",""Task Progress Pending"")",eATP,,False,,IF
Site_KAL,CB91,"IF(BX91=""eATP Approved Tsel"",""BAST"",""IN PROGRESS"")",BAST,,False,,IF
Site_KAL,CH91,"IF(CG91=""APPROVED"",""PROPOSE INVOICE"",""NY APPROVED"")",PROPOSE INVOICE,,False,,IF
Site_KAL,AC92,"IF(Z92="""",""Permit NY Requested"",IF(AA92="""",""Permit NY Release"",IF(AB92-TODAY()<1,""Expired Need Extend"",""Permit Ready"")))",Expired Need Extend,,False,,IF; TODAY
Site_KAL,AP92,"IF(AO92=""APPROVED"",""DOP Finish"",""NY VALIDATION"")",NY VALIDATION,,False,,IF
Site_KAL,BR92,BQ92-AS92,32,,False,,
Site_KAL,BV92,"IF(BU92=""APPROVED"",""eATP"",""Task Progress Pending"")",eATP,,False,,IF
Site_KAL,CB92,"IF(BX92=""eATP Approved Tsel"",""BAST"",""IN PROGRESS"")",BAST,,False,,IF
Site_KAL,CH92,"IF(CG92=""APPROVED"",""PROPOSE INVOICE"",""NY APPROVED"")",PROPOSE INVOICE,,False,,IF
Site_KAL,AC93,"IF(Z93="""",""Permit NY Requested"",IF(AA93="""",""Permit NY Release"",IF(AB93-TODAY()<1,""Expired Need Extend"",""Permit Ready"")))",Expired Need Extend,,False,,IF; TODAY
Site_KAL,AP93,"IF(AO93=""APPROVED"",""DOP Finish"",""NY VALIDATION"")",NY VALIDATION,,False,,IF
Site_KAL,BR93,BQ93-AS93,-45961,,False,,
Site_KAL,AC94,"IF(Z94="""",""Permit NY Requested"",IF(AA94="""",""Permit NY Release"",IF(AB94-TODAY()<1,""Expired Need Extend"",""Permit Ready"")))",Expired Need Extend,,False,,IF; TODAY
Site_KAL,AP94,"IF(AO94=""APPROVED"",""DOP Finish"",""NY VALIDATION"")",NY VALIDATION,,False,,IF
Site_KAL,BR94,BQ94-AS94,32,,False,,
Site_KAL,BV94,"IF(BU94=""APPROVED"",""eATP"",""Task Progress Pending"")",eATP,,False,,IF
Site_KAL,CB94,"IF(BX94=""eATP Approved Tsel"",""BAST"",""IN PROGRESS"")",BAST,,False,,IF
Site_KAL,CH94,"IF(CG94=""APPROVED"",""PROPOSE INVOICE"",""NY APPROVED"")",PROPOSE INVOICE,,False,,IF
Site_KAL,AC95,"IF(Z95="""",""Permit NY Requested"",IF(AA95="""",""Permit NY Release"",IF(AB95-TODAY()<1,""Expired Need Extend"",""Permit Ready"")))",Permit NY Requested,,False,,IF; TODAY
Site_KAL,AP95,"IF(AO95=""APPROVED"",""DOP Finish"",""NY VALIDATION"")",NY VALIDATION,,False,,IF
Site_KAL,BR95,BQ95-AS95,18,,False,,
Site_KAL,BV95,"IF(BU95=""APPROVED"",""eATP"",""Task Progress Pending"")",eATP,,False,,IF
Site_KAL,CB95,"IF(BX95=""eATP Approved Tsel"",""BAST"",""IN PROGRESS"")",BAST,,False,,IF
Site_KAL,CH95,"IF(CG95=""APPROVED"",""PROPOSE INVOICE"",""NY APPROVED"")",PROPOSE INVOICE,,False,,IF
Site_KAL,AC96,"IF(Z96="""",""Permit NY Requested"",IF(AA96="""",""Permit NY Release"",IF(AB96-TODAY()<1,""Expired Need Extend"",""Permit Ready"")))",Permit NY Requested,,False,,IF; TODAY
Site_KAL,AP96,"IF(AO96=""APPROVED"",""DOP Finish"",""NY VALIDATION"")",NY VALIDATION,,False,,IF
Site_KAL,BR96,BQ96-AS96,25,,False,,
Site_KAL,BV96,"IF(BU96=""APPROVED"",""eATP"",""Task Progress Pending"")",eATP,,False,,IF
Site_KAL,CB96,"IF(BX96=""eATP Approved Tsel"",""BAST"",""IN PROGRESS"")",BAST,,False,,IF
Site_KAL,CH96,"IF(CG96=""APPROVED"",""PROPOSE INVOICE"",""NY APPROVED"")",PROPOSE INVOICE,,False,,IF
Site_KAL,AC97,"IF(Z97="""",""Permit NY Requested"",IF(AA97="""",""Permit NY Release"",IF(AB97-TODAY()<1,""Expired Need Extend"",""Permit Ready"")))",Permit NY Requested,,False,,IF; TODAY
Site_KAL,AP97,"IF(AO97=""APPROVED"",""DOP Finish"",""NY VALIDATION"")",NY VALIDATION,,False,,IF
Site_KAL,BR97,BQ97-AS97,25,,False,,
Site_KAL,BV97,"IF(BU97=""APPROVED"",""eATP"",""Task Progress Pending"")",eATP,,False,,IF
Site_KAL,CB97,"IF(BX97=""eATP Approved Tsel"",""BAST"",""IN PROGRESS"")",BAST,,False,,IF
Site_KAL,CH97,"IF(CG97=""APPROVED"",""PROPOSE INVOICE"",""NY APPROVED"")",PROPOSE INVOICE,,False,,IF
Site_KAL,AC98,"IF(Z98="""",""Permit NY Requested"",IF(AA98="""",""Permit NY Release"",IF(AB98-TODAY()<1,""Expired Need Extend"",""Permit Ready"")))",Expired Need Extend,,False,,IF; TODAY
Site_KAL,AP98,"IF(AO98=""APPROVED"",""DOP Finish"",""NY VALIDATION"")",NY VALIDATION,,False,,IF
Site_KAL,BR98,BQ98-AS98,1,,False,,
Site_KAL,AC99,"IF(Z99="""",""Permit NY Requested"",IF(AA99="""",""Permit NY Release"",IF(AB99-TODAY()<1,""Expired Need Extend"",""Permit Ready"")))",Expired Need Extend,,False,,IF; TODAY
Site_KAL,AP99,"IF(AO99=""APPROVED"",""DOP Finish"",""NY VALIDATION"")",NY VALIDATION,,False,,IF
Site_KAL,BR99,BQ99-AS99,1,,False,,
Site_KAL,BV99,"IF(BU99=""APPROVED"",""eATP"",""Task Progress Pending"")",eATP,,False,,IF
Site_KAL,CB99,"IF(BX99=""eATP Approved Tsel"",""BAST"",""IN PROGRESS"")",BAST,,False,,IF
Site_KAL,CH99,"IF(CG99=""APPROVED"",""PROPOSE INVOICE"",""NY APPROVED"")",PROPOSE INVOICE,,False,,IF
Site_KAL,AC100,"IF(Z100="""",""Permit NY Requested"",IF(AA100="""",""Permit NY Release"",IF(AB100-TODAY()<1,""Expired Need Extend"",""Permit Ready"")))",Expired Need Extend,,False,,IF; TODAY
Site_KAL,AP100,"IF(AO100=""APPROVED"",""DOP Finish"",""NY VALIDATION"")",NY VALIDATION,,False,,IF
Site_KAL,BR100,BQ100-AS100,1,,False,,
Site_KAL,BV100,"IF(BU100=""APPROVED"",""eATP"",""Task Progress Pending"")",eATP,,False,,IF
Site_KAL,CB100,"IF(BX100=""eATP Approved Tsel"",""BAST"",""IN PROGRESS"")",BAST,,False,,IF
Site_KAL,CH100,"IF(CG100=""APPROVED"",""PROPOSE INVOICE"",""NY APPROVED"")",PROPOSE INVOICE,,False,,IF
Site_KAL,AC101,"IF(Z101="""",""Permit NY Requested"",IF(AA101="""",""Permit NY Release"",IF(AB101-TODAY()<1,""Expired Need Extend"",""Permit Ready"")))",Expired Need Extend,,False,,IF; TODAY
Site_KAL,AP101,"IF(AO101=""APPROVED"",""DOP Finish"",""NY VALIDATION"")",NY VALIDATION,,False,,IF
Site_KAL,BR101,BQ101-AS101,3,,False,,
Site_KAL,BV101,"IF(BU101=""APPROVED"",""eATP"",""Task Progress Pending"")",eATP,,False,,IF
Site_KAL,CB101,"IF(BX101=""eATP Approved Tsel"",""BAST"",""IN PROGRESS"")",BAST,,False,,IF
Site_KAL,CH101,"IF(CG101=""APPROVED"",""PROPOSE INVOICE"",""NY APPROVED"")",PROPOSE INVOICE,,False,,IF
Site_KAL,AC102,"IF(Z102="""",""Permit NY Requested"",IF(AA102="""",""Permit NY Release"",IF(AB102-TODAY()<1,""Expired Need Extend"",""Permit Ready"")))",Permit NY Requested,,False,,IF; TODAY
Site_KAL,AP102,"IF(AO102=""APPROVED"",""DOP Finish"",""NY VALIDATION"")",NY VALIDATION,,False,,IF
Site_KAL,BR102,BQ102-AS102,4,,False,,
Site_KAL,BV102,"IF(BU102=""APPROVED"",""eATP"",""Task Progress Pending"")",eATP,,False,,IF
Site_KAL,CB102,"IF(BX102=""eATP Approved Tsel"",""BAST"",""IN PROGRESS"")",BAST,,False,,IF
Site_KAL,CH102,"IF(CG102=""APPROVED"",""PROPOSE INVOICE"",""NY APPROVED"")",PROPOSE INVOICE,,False,,IF
Site_KAL,AP103,"IF(AO103=""APPROVED"",""DOP Finish"",""NY VALIDATION"")",NY VALIDATION,,False,,IF
Site_KAL,BR103,BQ103-AS103,2,,False,,
Site_KAL,BV103,"IF(BU103=""APPROVED"",""eATP"",""Task Progress Pending"")",eATP,,False,,IF
Site_KAL,CB103,"IF(BX103=""eATP Approved Tsel"",""BAST"",""IN PROGRESS"")",BAST,,False,,IF
Site_KAL,CH103,"IF(CG103=""APPROVED"",""PROPOSE INVOICE"",""NY APPROVED"")",PROPOSE INVOICE,,False,,IF
Site_KAL,AP104,"IF(AO104=""APPROVED"",""DOP Finish"",""NY VALIDATION"")",NY VALIDATION,,False,,IF
Site_KAL,BR104,BQ104-AS104,3,,False,,
Site_KAL,BV104,"IF(BU104=""APPROVED"",""eATP"",""Task Progress Pending"")",eATP,,False,,IF
Site_KAL,CB104,"IF(BX104=""eATP Approved Tsel"",""BAST"",""IN PROGRESS"")",BAST,,False,,IF
Site_KAL,CH104,"IF(CG104=""APPROVED"",""PROPOSE INVOICE"",""NY APPROVED"")",PROPOSE INVOICE,,False,,IF
Site_KAL,AP105,"IF(AO105=""APPROVED"",""DOP Finish"",""NY VALIDATION"")",NY VALIDATION,,False,,IF
Site_KAL,BR105,BQ105-AS105,0,,False,,
Site_KAL,BV105,"IF(BU105=""APPROVED"",""eATP"",""Task Progress Pending"")",eATP,,False,,IF
Site_KAL,CB105,"IF(BX105=""eATP Approved Tsel"",""BAST"",""IN PROGRESS"")",BAST,,False,,IF
Site_KAL,CH105,"IF(CG105=""APPROVED"",""PROPOSE INVOICE"",""NY APPROVED"")",PROPOSE INVOICE,,False,,IF
Site_KAL,AP106,"IF(AO106=""APPROVED"",""DOP Finish"",""NY VALIDATION"")",NY VALIDATION,,False,,IF
Site_KAL,BV106,"IF(BU106=""APPROVED"",""eATP"",""Task Progress Pending"")",eATP,,False,,IF
Site_KAL,CB106,"IF(BX106=""eATP Approved Tsel"",""BAST"",""IN PROGRESS"")",BAST,,False,,IF
Site_KAL,CH106,"IF(CG106=""APPROVED"",""PROPOSE INVOICE"",""NY APPROVED"")",PROPOSE INVOICE,,False,,IF
Site_KAL,G107,"VLOOKUP(C107,[1]sitelist!$G:$J,4,0)",BLC336VR1,,True,,VLOOKUP
Site_KAL,AP107,"IF(AO107=""APPROVED"",""DOP Finish"",""NY VALIDATION"")",NY VALIDATION,,False,,IF
Site_KAL,G108,"VLOOKUP(C108,[1]sitelist!$G:$J,4,0)",BLC336VL1,,True,,VLOOKUP
Site_KAL,AP108,"IF(AO108=""APPROVED"",""DOP Finish"",""NY VALIDATION"")",NY VALIDATION,,False,,IF
Site_KAL,G109,"VLOOKUP(C109,[1]sitelist!$G:$J,4,0)",BLC336ER1,,True,,VLOOKUP
Site_KAL,AP109,"IF(AO109=""APPROVED"",""DOP Finish"",""NY VALIDATION"")",NY VALIDATION,,False,,IF
Site_KAL,AP110,"IF(AO110=""APPROVED"",""DOP Finish"",""NY VALIDATION"")",NY VALIDATION,,False,,IF
Site_KAL,BV110,"IF(BU110=""APPROVED"",""eATP"",""Task Progress Pending"")",eATP,,False,,IF
Site_KAL,CB110,"IF(BX110=""eATP Approved Tsel"",""BAST"",""IN PROGRESS"")",BAST,,False,,IF
Site_KAL,CH110,"IF(CG110=""APPROVED"",""PROPOSE INVOICE"",""NY APPROVED"")",PROPOSE INVOICE,,False,,IF
Site_KAL,G111,"VLOOKUP(C111,[1]sitelist!$G:$J,4,0)",BLC277VR1,,True,,VLOOKUP
Site_KAL,AP111,"IF(AO111=""APPROVED"",""DOP Finish"",""NY VALIDATION"")",NY VALIDATION,,False,,IF
Site_KAL,BV111,"IF(BU111=""APPROVED"",""eATP"",""Task Progress Pending"")",eATP,,False,,IF
Site_KAL,CB111,"IF(BX111=""eATP Approved Tsel"",""BAST"",""IN PROGRESS"")",BAST,,False,,IF
Site_KAL,CH111,"IF(CG111=""APPROVED"",""PROPOSE INVOICE"",""NY APPROVED"")",PROPOSE INVOICE,,False,,IF
Site_KAL,G112,"VLOOKUP(C112,[1]sitelist!$G:$J,4,0)",BLC277VR1,,True,,VLOOKUP
Site_KAL,AP112,"IF(AO112=""APPROVED"",""DOP Finish"",""NY VALIDATION"")",NY VALIDATION,,False,,IF
Site_KAL,BV112,"IF(BU112=""APPROVED"",""eATP"",""Task Progress Pending"")",eATP,,False,,IF
Site_KAL,CB112,"IF(BX112=""eATP Approved Tsel"",""BAST"",""IN PROGRESS"")",BAST,,False,,IF
Site_KAL,CH112,"IF(CG112=""APPROVED"",""PROPOSE INVOICE"",""NY APPROVED"")",PROPOSE INVOICE,,False,,IF
Site_KAL,G113,"VLOOKUP(C113,[1]sitelist!$G:$J,4,0)",BLC277VL1,,True,,VLOOKUP
Site_KAL,AP113,"IF(AO113=""APPROVED"",""DOP Finish"",""NY VALIDATION"")",NY VALIDATION,,False,,IF
Site_KAL,BV113,"IF(BU113=""APPROVED"",""eATP"",""Task Progress Pending"")",eATP,,False,,IF
Site_KAL,CB113,"IF(BX113=""eATP Approved Tsel"",""BAST"",""IN PROGRESS"")",BAST,,False,,IF
Site_KAL,CH113,"IF(CG113=""APPROVED"",""PROPOSE INVOICE"",""NY APPROVED"")",PROPOSE INVOICE,,False,,IF
Site_KAL,AP114,"IF(AO114=""APPROVED"",""DOP Finish"",""NY VALIDATION"")",NY VALIDATION,,False,,IF
Site_KAL,BV114,"IF(BU114=""APPROVED"",""eATP"",""Task Progress Pending"")",eATP,,False,,IF
Site_KAL,CB114,"IF(BX114=""eATP Approved Tsel"",""BAST"",""IN PROGRESS"")",BAST,,False,,IF
Site_KAL,CH114,"IF(CG114=""APPROVED"",""PROPOSE INVOICE"",""NY APPROVED"")",PROPOSE INVOICE,,False,,IF
Site_KAL,AP115,"IF(AO115=""APPROVED"",""DOP Finish"",""NY VALIDATION"")",NY VALIDATION,,False,,IF
Site_KAL,BV115,"IF(BU115=""APPROVED"",""eATP"",""Task Progress Pending"")",eATP,,False,,IF
Site_KAL,CB115,"IF(BX115=""eATP Approved Tsel"",""BAST"",""IN PROGRESS"")",BAST,,False,,IF
Site_KAL,CH115,"IF(CG115=""APPROVED"",""PROPOSE INVOICE"",""NY APPROVED"")",PROPOSE INVOICE,,False,,IF
Site_KAL,AP116,"IF(AO116=""APPROVED"",""DOP Finish"",""NY VALIDATION"")",NY VALIDATION,,False,,IF
Site_KAL,BV116,"IF(BU116=""APPROVED"",""eATP"",""Task Progress Pending"")",eATP,,False,,IF
Site_KAL,CB116,"IF(BX116=""eATP Approved Tsel"",""BAST"",""IN PROGRESS"")",BAST,,False,,IF
Site_KAL,CH116,"IF(CG116=""APPROVED"",""PROPOSE INVOICE"",""NY APPROVED"")",PROPOSE INVOICE,,False,,IF
Site_KAL,AP117,"IF(AO117=""APPROVED"",""DOP Finish"",""NY VALIDATION"")",NY VALIDATION,,False,,IF
Site_KAL,BV117,"IF(BU117=""APPROVED"",""eATP"",""Task Progress Pending"")",eATP,,False,,IF
Site_KAL,CB117,"IF(BX117=""eATP Approved Tsel"",""BAST"",""IN PROGRESS"")",BAST,,False,,IF
Site_KAL,CH117,"IF(CG117=""APPROVED"",""PROPOSE INVOICE"",""NY APPROVED"")",PROPOSE INVOICE,,False,,IF
Site_KAL,AP118,"IF(AO118=""APPROVED"",""DOP Finish"",""NY VALIDATION"")",NY VALIDATION,,False,,IF
Site_KAL,BV118,"IF(BU118=""APPROVED"",""eATP"",""Task Progress Pending"")",eATP,,False,,IF
Site_KAL,CB118,"IF(BX118=""eATP Approved Tsel"",""BAST"",""IN PROGRESS"")",BAST,,False,,IF
Site_KAL,CH118,"IF(CG118=""APPROVED"",""PROPOSE INVOICE"",""NY APPROVED"")",PROPOSE INVOICE,,False,,IF
Site_KAL,AP119,"IF(AO119=""APPROVED"",""DOP Finish"",""NY VALIDATION"")",NY VALIDATION,,False,,IF
Site_KAL,BV119,"IF(BU119=""APPROVED"",""eATP"",""Task Progress Pending"")",eATP,,False,,IF
Site_KAL,CB119,"IF(BX119=""eATP Approved Tsel"",""BAST"",""IN PROGRESS"")",BAST,,False,,IF
Site_KAL,CH119,"IF(CG119=""APPROVED"",""PROPOSE INVOICE"",""NY APPROVED"")",PROPOSE INVOICE,,False,,IF
Site_KAL,I120,"VLOOKUP(C120,[1]sitelist!$G:$L,6,0)",B2B Market BIB,,True,,VLOOKUP
Site_KAL,AC120,"IF(Z120="""",""Permit NY Requested"",IF(AA120="""",""Permit NY Release"",IF(AB120-TODAY()<1,""Expired Need Extend"",""Permit Ready"")))",Permit NY Requested,,False,,IF; TODAY
Site_KAL,AP120,"IF(AO120=""APPROVED"",""DOP Finish"",""NY VALIDATION"")",NY VALIDATION,,False,,IF
Site_KAL,AC121,"IF(Z121="""",""Permit NY Requested"",IF(AA121="""",""Permit NY Release"",IF(AB121-TODAY()<1,""Expired Need Extend"",""Permit Ready"")))",Permit NY Requested,,False,,IF; TODAY
Site_KAL,AP121,"IF(AO121=""APPROVED"",""DOP Finish"",""NY VALIDATION"")",NY VALIDATION,,False,,IF
Site_KAL,AC122,"IF(Z122="""",""Permit NY Requested"",IF(AA122="""",""Permit NY Release"",IF(AB122-TODAY()<1,""Expired Need Extend"",""Permit Ready"")))",Permit NY Requested,,False,,IF; TODAY
Site_KAL,AP122,"IF(AO122=""APPROVED"",""DOP Finish"",""NY VALIDATION"")",NY VALIDATION,,False,,IF
Site_KAL,I123,"VLOOKUP(C123,[1]sitelist!$G:$L,6,0)",MIHILCON,,True,,VLOOKUP
Site_KAL,AC123,"IF(Z123="""",""Permit NY Requested"",IF(AA123="""",""Permit NY Release"",IF(AB123-TODAY()<1,""Expired Need Extend"",""Permit Ready"")))",Permit NY Requested,,False,,IF; TODAY
Site_KAL,AP123,"IF(AO123=""APPROVED"",""DOP Finish"",""NY VALIDATION"")",NY VALIDATION,,False,,IF
Site_KAL,I124,"VLOOKUP(C124,[1]sitelist!$G:$L,6,0)",HOTEL_PALM_BANJARMASIN,,True,,VLOOKUP
Site_KAL,AC124,"IF(Z124="""",""Permit NY Requested"",IF(AA124="""",""Permit NY Release"",IF(AB124-TODAY()<1,""Expired Need Extend"",""Permit Ready"")))",Permit NY Requested,,False,,IF; TODAY
Site_KAL,AP124,"IF(AO124=""APPROVED"",""DOP Finish"",""NY VALIDATION"")",NY VALIDATION,,False,,IF
Site_KAL,G125,"VLOOKUP(C125,[1]sitelist!$G:$J,4,0)",STA035MV1,,True,,VLOOKUP
Site_KAL,I125,"VLOOKUP(C125,[1]sitelist!$G:$L,6,0)",JERORA,,True,,VLOOKUP
Site_KAL,AC125,"IF(Z125="""",""Permit NY Requested"",IF(AA125="""",""Permit NY Release"",IF(AB125-TODAY()<1,""Expired Need Extend"",""Permit Ready"")))",Permit NY Requested,,False,,IF; TODAY
Site_KAL,AP125,"IF(AO125=""APPROVED"",""DOP Finish"",""NY VALIDATION"")",NY VALIDATION,,False,,IF
Site_KAL,G126,"VLOOKUP(C126,[1]sitelist!$G:$J,4,0)",PTK354VP1,,True,,VLOOKUP
Site_KAL,I126,"VLOOKUP(C126,[1]sitelist!$G:$L,6,0)",MC_HOSCOKROAMINOTO,,True,,VLOOKUP
Site_KAL,AC126,"IF(Z126="""",""Permit NY Requested"",IF(AA126="""",""Permit NY Release"",IF(AB126-TODAY()<1,""Expired Need Extend"",""Permit Ready"")))",Permit NY Requested,,False,,IF; TODAY
Site_KAL,AP126,"IF(AO126=""APPROVED"",""DOP Finish"",""NY VALIDATION"")",NY VALIDATION,,False,,IF
Site_KAL,G127,"VLOOKUP(C127,[1]sitelist!$G:$J,4,0)",PTK021VP1,,True,,VLOOKUP
Site_KAL,I127,"VLOOKUP(C127,[1]sitelist!$G:$L,6,0)",SUTOYO,,True,,VLOOKUP
Site_KAL,AC127,"IF(Z127="""",""Permit NY Requested"",IF(AA127="""",""Permit NY Release"",IF(AB127-TODAY()<1,""Expired Need Extend"",""Permit Ready"")))",Permit NY Requested,,False,,IF; TODAY
Site_KAL,AP127,"IF(AO127=""APPROVED"",""DOP Finish"",""NY VALIDATION"")",NY VALIDATION,,False,,IF
Site_KAL,AP128,"IF(AO128=""APPROVED"",""DOP Finish"",""NY VALIDATION"")",NY VALIDATION,,False,,IF
Site_KAL,G129,"VLOOKUP(C129,[1]sitelist!$G:$J,4,0)",TJL105VV1,,True,,VLOOKUP
Site_KAL,I129,"VLOOKUP(C129,[1]sitelist!$G:$L,6,0)",PT_MABUUNTENGAH,,True,,VLOOKUP
Site_KAL,AC136,"IF(Z136="""",""Permit NY Requested"",IF(AA136="""",""Permit NY Release"",IF(AB136-TODAY()<1,""Expired Need Extend"",""Permit Ready"")))",Expired Need Extend,,False,,IF; TODAY
Site_KAL,AC137,"IF(Z137="""",""Permit NY Requested"",IF(AA137="""",""Permit NY Release"",IF(AB137-TODAY()<1,""Expired Need Extend"",""Permit Ready"")))",Expired Need Extend,,False,,IF; TODAY
Site_KAL,AC138,"IF(Z138="""",""Permit NY Requested"",IF(AA138="""",""Permit NY Release"",IF(AB138-TODAY()<1,""Expired Need Extend"",""Permit Ready"")))",Expired Need Extend,,False,,IF; TODAY
Site_KAL,G139,"VLOOKUP(C139,[1]sitelist!$G:$J,4,0)",BJM341VP1,,True,,VLOOKUP
Site_KAL,I139,"VLOOKUP(C139,[1]sitelist!$G:$L,6,0)",MT_KINIBALU,,True,,VLOOKUP
Site_KAL,I147,"VLOOKUP(C147,[1]sitelist!$G:$L,6,0)",IMACRO_EPQ057_PONTIANAK,,True,,VLOOKUP
Site_KAL,I148,"VLOOKUP(C148,'[2]TRACKER YPTT'!$B:$H,7,0)",DutamallBanjarmasin,,True,,VLOOKUP
Site_KAL,AD148,"VLOOKUP(C148,'[2]TRACKER YPTT'!$B:$AO,28,0)",DOEID26020753,,True,,VLOOKUP
Site_KAL,AE148,"VLOOKUP($C$145,'[2]TRACKER YPTT'!$B:$AO,29,0)",NO NEED,,True,,VLOOKUP
Site_KAL,AF148,"VLOOKUP($C$145,'[2]TRACKER YPTT'!$B:$AO,30,0)",NO NEED,,True,,VLOOKUP
Site_KAL,AJ148,"VLOOKUP(C148,'[2]TRACKER YPTT'!$B:$AO,34,0)",46064,,True,,VLOOKUP
Site_SUL,A2,ROW()-ROW($A$1),1,,False,,ROW
Site_SUL,A3,ROW()-ROW($A$1),2,,False,,ROW
Site_SUL,Q3,YEAR(N3),2023,,False,,YEAR
Site_SUL,A4,ROW()-ROW($A$1),3,,False,,ROW
Site_SUL,Q4,YEAR(N4),2023,,False,,YEAR
Site_SUL,A5,ROW()-ROW($A$1),4,,False,,ROW
Site_SUL,Q5,YEAR(N5),2023,,False,,YEAR
Site_SUL,A6,ROW()-ROW($A$1),5,,False,,ROW
Site_SUL,Q6,YEAR(N6),2024,,False,,YEAR
Site_SUL,A7,ROW()-ROW($A$1),6,,False,,ROW
Site_SUL,Q7,YEAR(N7),2023,,False,,YEAR
Site_SUL,A8,ROW()-ROW($A$1),7,,False,,ROW
Site_SUL,Q8,YEAR(N8),2023,,False,,YEAR
Site_SUL,A9,ROW()-ROW($A$1),8,,False,,ROW
Site_SUL,Q9,YEAR(N9),2023,,False,,YEAR
Site_SUL,A10,ROW()-ROW($A$1),9,,False,,ROW
Site_SUL,Q10,YEAR(N10),2024,,False,,YEAR
Site_SUL,A11,ROW()-ROW($A$1),10,,False,,ROW
Site_SUL,Q11,YEAR(N11),2023,,False,,YEAR
Site_SUL,A12,ROW()-ROW($A$1),11,,False,,ROW
Site_SUL,Q12,YEAR(N12),2023,,False,,YEAR
Site_SUL,A13,ROW()-ROW($A$1),12,,False,,ROW
Site_SUL,Q13,YEAR(N13),2024,,False,,YEAR
Site_SUL,A14,ROW()-ROW($A$1),13,,False,,ROW
Site_SUL,Q14,YEAR(N14),2024,,False,,YEAR
Site_SUL,A15,ROW()-ROW($A$1),14,,False,,ROW
Site_SUL,Q15,YEAR(N15),2024,,False,,YEAR
Site_SUL,A16,ROW()-ROW($A$1),15,,False,,ROW
Site_SUL,Q16,YEAR(N16),2024,,False,,YEAR
Site_SUL,A17,ROW()-ROW($A$1),16,,False,,ROW
Site_SUL,Q17,YEAR(N17),2024,,False,,YEAR
Site_SUL,A18,ROW()-ROW($A$1),17,,False,,ROW
Site_SUL,Q18,YEAR(N18),2024,,False,,YEAR
Site_SUL,A19,ROW()-ROW($A$1),18,,False,,ROW
Site_SUL,Q19,YEAR(N19),2024,,False,,YEAR
Site_SUL,A20,ROW()-ROW($A$1),19,,False,,ROW
Site_SUL,Q20,YEAR(N20),2024,,False,,YEAR
Site_SUL,A21,ROW()-ROW($A$1),20,,False,,ROW
Site_SUL,Q21,YEAR(N21),2024,,False,,YEAR
Site_SUL,A22,ROW()-ROW($A$1),21,,False,,ROW
Site_SUL,Q22,YEAR(N22),2024,,False,,YEAR
Site_SUL,A23,ROW()-ROW($A$1),22,,False,,ROW
Site_SUL,Q23,YEAR(N23),2024,,False,,YEAR
Site_SUL,A24,ROW()-ROW($A$1),23,,False,,ROW
Site_SUL,Q24,YEAR(N24),2024,,False,,YEAR
Site_SUL,A25,ROW()-ROW($A$1),24,,False,,ROW
Site_SUL,Q25,YEAR(N25),2024,,False,,YEAR
Site_SUL,A26,ROW()-ROW($A$1),25,,False,,ROW
Site_SUL,Q26,YEAR(N26),2024,,False,,YEAR
Site_SUL,A27,ROW()-ROW($A$1),26,,False,,ROW
Site_SUL,Q27,YEAR(N27),2024,,False,,YEAR
Site_SUL,A28,ROW()-ROW($A$1),27,,False,,ROW
Site_SUL,Q28,YEAR(N28),2024,,False,,YEAR
Site_SUL,A29,ROW()-ROW($A$1),28,,False,,ROW
Site_SUL,Q29,YEAR(N29),2024,,False,,YEAR
Site_SUL,A30,ROW()-ROW($A$1),29,,False,,ROW
Site_SUL,Q30,YEAR(N30),2024,,False,,YEAR
Site_SUL,A31,ROW()-ROW($A$1),30,,False,,ROW
Site_SUL,Q31,YEAR(N31),2024,,False,,YEAR
Site_SUL,A32,ROW()-ROW($A$1),31,,False,,ROW
Site_SUL,Q32,YEAR(N32),2024,,False,,YEAR
Site_SUL,A33,ROW()-ROW($A$1),32,,False,,ROW
Site_SUL,Q33,YEAR(N33),2024,,False,,YEAR
Site_SUL,A34,ROW()-ROW($A$1),33,,False,,ROW
Site_SUL,Q34,YEAR(N34),2024,,False,,YEAR
Site_SUL,A35,ROW()-ROW($A$1),34,,False,,ROW
Site_SUL,Q35,YEAR(N35),2023,,False,,YEAR
Site_SUL,A36,ROW()-ROW($A$1),35,,False,,ROW
Site_SUL,Q36,YEAR(N36),2023,,False,,YEAR
Site_SUL,A37,ROW()-ROW($A$1),36,,False,,ROW
Site_SUL,Q37,YEAR(N37),2023,,False,,YEAR
Site_SUL,A38,ROW()-ROW($A$1),37,,False,,ROW
Site_SUL,Q38,YEAR(N38),2023,,False,,YEAR
Site_SUL,A39,ROW()-ROW($A$1),38,,False,,ROW
Site_SUL,Q39,YEAR(N39),2023,,False,,YEAR
Site_SUL,A40,ROW()-ROW($A$1),39,,False,,ROW
Site_SUL,Q40,YEAR(N40),2023,,False,,YEAR
Site_SUL,A41,ROW()-ROW($A$1),40,,False,,ROW
Site_SUL,Q41,YEAR(N41),2023,,False,,YEAR
Site_SUL,A42,ROW()-ROW($A$1),41,,False,,ROW
Site_SUL,Q42,YEAR(N42),2023,,False,,YEAR
Site_SUL,A43,ROW()-ROW($A$1),42,,False,,ROW
Site_SUL,Q43,YEAR(N43),2023,,False,,YEAR
Site_SUL,A44,ROW()-ROW($A$1),43,,False,,ROW
Site_SUL,Q44,YEAR(N44),2023,,False,,YEAR
Site_SUL,A45,ROW()-ROW($A$1),44,,False,,ROW
Site_SUL,Q45,YEAR(N45),2023,,False,,YEAR
Site_SUL,A46,ROW()-ROW($A$1),45,,False,,ROW
Site_SUL,Q46,YEAR(N46),2023,,False,,YEAR
Site_SUL,A47,ROW()-ROW($A$1),46,,False,,ROW
Site_SUL,Q47,YEAR(N47),2023,,False,,YEAR
Site_SUL,A48,ROW()-ROW($A$1),47,,False,,ROW
Site_SUL,Q48,YEAR(N48),2023,,False,,YEAR
Site_SUL,A49,ROW()-ROW($A$1),48,,False,,ROW
Site_SUL,Q49,YEAR(N49),2023,,False,,YEAR
Site_SUL,A50,ROW()-ROW($A$1),49,,False,,ROW
Site_SUL,Q50,YEAR(N50),2023,,False,,YEAR
Site_SUL,A51,ROW()-ROW($A$1),50,,False,,ROW
Site_SUL,Q51,YEAR(N51),2023,,False,,YEAR
Site_SUL,A52,ROW()-ROW($A$1),51,,False,,ROW
Site_SUL,Q52,YEAR(N52),2023,,False,,YEAR
Site_SUL,A53,ROW()-ROW($A$1),52,,False,,ROW
Site_SUL,Q53,YEAR(N53),2023,,False,,YEAR
Site_SUL,A54,ROW()-ROW($A$1),53,,False,,ROW
Site_SUL,Q54,YEAR(N54),2023,,False,,YEAR
Site_SUL,A55,ROW()-ROW($A$1),54,,False,,ROW
Site_SUL,Q55,YEAR(N55),2023,,False,,YEAR
Site_SUL,A56,ROW()-ROW($A$1),55,,False,,ROW
Site_SUL,Q56,YEAR(N56),2023,,False,,YEAR
Site_SUL,A57,ROW()-ROW($A$1),56,,False,,ROW
Site_SUL,Q57,YEAR(N57),2023,,False,,YEAR
Site_SUL,A58,ROW()-ROW($A$1),57,,False,,ROW
Site_SUL,Q58,YEAR(N58),2023,,False,,YEAR
Site_SUL,A59,ROW()-ROW($A$1),58,,False,,ROW
Site_SUL,Q59,YEAR(N59),2023,,False,,YEAR
Site_SUL,A60,ROW()-ROW($A$1),59,,False,,ROW
Site_SUL,Q60,YEAR(N60),2023,,False,,YEAR
Site_SUL,A61,ROW()-ROW($A$1),60,,False,,ROW
Site_SUL,Q61,YEAR(N61),2023,,False,,YEAR
Site_SUL,A62,ROW()-ROW($A$1),61,,False,,ROW
Site_SUL,Q62,YEAR(N62),2023,,False,,YEAR
Site_SUL,A63,ROW()-ROW($A$1),62,,False,,ROW
Site_SUL,Q63,YEAR(N63),2023,,False,,YEAR
Site_SUL,A64,ROW()-ROW($A$1),63,,False,,ROW
Site_SUL,Q64,YEAR(N64),2023,,False,,YEAR
Site_SUL,A65,ROW()-ROW($A$1),64,,False,,ROW
Site_SUL,Q65,YEAR(N65),2023,,False,,YEAR
Site_SUL,A66,ROW()-ROW($A$1),65,,False,,ROW
Site_SUL,Q66,YEAR(N66),2023,,False,,YEAR
Site_SUL,A67,ROW()-ROW($A$1),66,,False,,ROW
Site_SUL,Q67,YEAR(N67),2023,,False,,YEAR
Site_SUL,A68,ROW()-ROW($A$1),67,,False,,ROW
Site_SUL,Q68,YEAR(N68),2023,,False,,YEAR
Site_SUL,A69,ROW()-ROW($A$1),68,,False,,ROW
Site_SUL,Q69,YEAR(N69),2023,,False,,YEAR
Site_SUL,A70,ROW()-ROW($A$1),69,,False,,ROW
Site_SUL,Q70,YEAR(N70),2023,,False,,YEAR
Site_SUL,A71,ROW()-ROW($A$1),70,,False,,ROW
Site_SUL,Q71,YEAR(N71),2023,,False,,YEAR
Site_SUL,A72,ROW()-ROW($A$1),71,,False,,ROW
Site_SUL,Q72,YEAR(N72),2023,,False,,YEAR
Site_SUL,A73,ROW()-ROW($A$1),72,,False,,ROW
Site_SUL,Q73,YEAR(N73),2023,,False,,YEAR
Site_SUL,A74,ROW()-ROW($A$1),73,,False,,ROW
Site_SUL,Q74,YEAR(N74),2023,,False,,YEAR
Site_SUL,A75,ROW()-ROW($A$1),74,,False,,ROW
Site_SUL,Q75,YEAR(N75),2023,,False,,YEAR
Site_SUL,A76,ROW()-ROW($A$1),75,,False,,ROW
Site_SUL,Q76,YEAR(N76),2023,,False,,YEAR
Site_SUL,A77,ROW()-ROW($A$1),76,,False,,ROW
Site_SUL,Q77,YEAR(N77),2023,,False,,YEAR
Site_SUL,A78,ROW()-ROW($A$1),77,,False,,ROW
Site_SUL,Q78,YEAR(N78),2023,,False,,YEAR
Site_SUL,A79,ROW()-ROW($A$1),78,,False,,ROW
Site_SUL,Q79,YEAR(N79),2023,,False,,YEAR
Site_SUL,A80,ROW()-ROW($A$1),79,,False,,ROW
Site_SUL,Q80,YEAR(N80),2023,,False,,YEAR
Site_SUL,A81,ROW()-ROW($A$1),80,,False,,ROW
Site_SUL,Q81,YEAR(N81),2023,,False,,YEAR
Site_SUL,A82,ROW()-ROW($A$1),81,,False,,ROW
Site_SUL,Q82,YEAR(N82),2023,,False,,YEAR
Site_SUL,A83,ROW()-ROW($A$1),82,,False,,ROW
Site_SUL,Q83,YEAR(N83),2023,,False,,YEAR
Site_SUL,A84,ROW()-ROW($A$1),83,,False,,ROW
Site_SUL,Q84,YEAR(N84),2023,,False,,YEAR
Site_SUL,A85,ROW()-ROW($A$1),84,,False,,ROW
Site_SUL,Q85,YEAR(N85),2023,,False,,YEAR
Site_SUL,A86,ROW()-ROW($A$1),85,,False,,ROW
Site_SUL,Q86,YEAR(N86),2023,,False,,YEAR
Site_SUL,A87,ROW()-ROW($A$1),86,,False,,ROW
Site_SUL,Q87,YEAR(N87),2023,,False,,YEAR
Site_SUL,A88,ROW()-ROW($A$1),87,,False,,ROW
Site_SUL,Q88,YEAR(N88),2023,,False,,YEAR
Site_SUL,A89,ROW()-ROW($A$1),88,,False,,ROW
Site_SUL,Q89,YEAR(N89),2023,,False,,YEAR
Site_SUL,A90,ROW()-ROW($A$1),89,,False,,ROW
Site_SUL,Q90,YEAR(N90),2023,,False,,YEAR
Site_SUL,A91,ROW()-ROW($A$1),90,,False,,ROW
Site_SUL,Q91,YEAR(N91),2023,,False,,YEAR
Site_SUL,A92,ROW()-ROW($A$1),91,,False,,ROW
Site_SUL,Q92,YEAR(N92),2023,,False,,YEAR
Site_SUL,A93,ROW()-ROW($A$1),92,,False,,ROW
Site_SUL,Q93,YEAR(N93),2023,,False,,YEAR
Site_SUL,A94,ROW()-ROW($A$1),93,,False,,ROW
Site_SUL,Q94,YEAR(N94),2023,,False,,YEAR
Site_SUL,A95,ROW()-ROW($A$1),94,,False,,ROW
Site_SUL,Q95,YEAR(N95),2023,,False,,YEAR
Site_SUL,A96,ROW()-ROW($A$1),95,,False,,ROW
Site_SUL,Q96,YEAR(N96),2024,,False,,YEAR
Site_SUL,A97,ROW()-ROW($A$1),96,,False,,ROW
Site_SUL,Q97,YEAR(N97),2023,,False,,YEAR
Site_SUL,A98,ROW()-ROW($A$1),97,,False,,ROW
Site_SUL,Q98,YEAR(N98),2024,,False,,YEAR
Site_SUL,A99,ROW()-ROW($A$1),98,,False,,ROW
Site_SUL,Q99,YEAR(N99),2023,,False,,YEAR
Site_SUL,A100,ROW()-ROW($A$1),99,,False,,ROW
Site_SUL,Q100,YEAR(N100),2023,,False,,YEAR
Site_SUL,A101,ROW()-ROW($A$1),100,,False,,ROW
Site_SUL,Q101,YEAR(N101),2023,,False,,YEAR
Site_SUL,A102,ROW()-ROW($A$1),101,,False,,ROW
Site_SUL,Q102,YEAR(N102),2023,,False,,YEAR
Site_SUL,A103,ROW()-ROW($A$1),102,,False,,ROW
Site_SUL,Q103,YEAR(N103),2023,,False,,YEAR
Site_SUL,A104,ROW()-ROW($A$1),103,,False,,ROW
Site_SUL,Q104,YEAR(N104),2023,,False,,YEAR
Site_SUL,A105,ROW()-ROW($A$1),104,,False,,ROW
Site_SUL,Q105,YEAR(N105),2023,,False,,YEAR
Site_SUL,A106,ROW()-ROW($A$1),105,,False,,ROW
Site_SUL,Q106,YEAR(N106),2023,,False,,YEAR
Site_SUL,A107,ROW()-ROW($A$1),106,,False,,ROW
Site_SUL,Q107,YEAR(N107),2023,,False,,YEAR
Site_SUL,A108,ROW()-ROW($A$1),107,,False,,ROW
Site_SUL,Q108,YEAR(N108),2023,,False,,YEAR
Site_SUL,A109,ROW()-ROW($A$1),108,,False,,ROW
Site_SUL,Q109,YEAR(N109),2023,,False,,YEAR
Site_SUL,A110,ROW()-ROW($A$1),109,,False,,ROW
Site_SUL,Q110,YEAR(N110),2023,,False,,YEAR
Site_SUL,A111,ROW()-ROW($A$1),110,,False,,ROW
Site_SUL,Q111,YEAR(N111),2023,,False,,YEAR
Site_SUL,A112,ROW()-ROW($A$1),111,,False,,ROW
Site_SUL,Q112,YEAR(N112),2023,,False,,YEAR
Site_SUL,A113,ROW()-ROW($A$1),112,,False,,ROW
Site_SUL,Q113,YEAR(N113),2023,,False,,YEAR
Site_SUL,A114,ROW()-ROW($A$1),113,,False,,ROW
Site_SUL,Q114,YEAR(N114),2023,,False,,YEAR
Site_SUL,A115,ROW()-ROW($A$1),114,,False,,ROW
Site_SUL,Q115,YEAR(N115),2023,,False,,YEAR
Site_SUL,A116,ROW()-ROW($A$1),115,,False,,ROW
Site_SUL,Q116,YEAR(N116),2023,,False,,YEAR
Site_SUL,A117,ROW()-ROW($A$1),116,,False,,ROW
Site_SUL,Q117,YEAR(N117),2025,,False,,YEAR
Site_SUL,A118,ROW()-ROW($A$1),117,,False,,ROW
Site_SUL,Q118,YEAR(N118),2023,,False,,YEAR
Site_SUL,A119,ROW()-ROW($A$1),118,,False,,ROW
Site_SUL,Q119,YEAR(N119),2023,,False,,YEAR
Site_SUL,A120,ROW()-ROW($A$1),119,,False,,ROW
Site_SUL,Q120,YEAR(N120),2023,,False,,YEAR
Site_SUL,A121,ROW()-ROW($A$1),120,,False,,ROW
Site_SUL,Q121,YEAR(N121),2023,,False,,YEAR
Site_SUL,A122,ROW()-ROW($A$1),121,,False,,ROW
Site_SUL,Q122,YEAR(N122),2023,,False,,YEAR
Site_SUL,A123,ROW()-ROW($A$1),122,,False,,ROW
Site_SUL,Q123,YEAR(N123),2023,,False,,YEAR
Site_SUL,A124,ROW()-ROW($A$1),123,,False,,ROW
Site_SUL,Q124,YEAR(N124),2023,,False,,YEAR
Site_SUL,A125,ROW()-ROW($A$1),124,,False,,ROW
Site_SUL,Q125,YEAR(N125),2023,,False,,YEAR
Site_SUL,A126,ROW()-ROW($A$1),125,,False,,ROW
Site_SUL,Q126,YEAR(N126),2023,,False,,YEAR
Site_SUL,A127,ROW()-ROW($A$1),126,,False,,ROW
Site_SUL,Q127,YEAR(N127),2023,,False,,YEAR
Site_SUL,A128,ROW()-ROW($A$1),127,,False,,ROW
Site_SUL,Q128,YEAR(N128),2024,,False,,YEAR
Site_SUL,A129,ROW()-ROW($A$1),128,,False,,ROW
Site_SUL,Q129,YEAR(N129),2023,,False,,YEAR
Site_SUL,A130,ROW()-ROW($A$1),129,,False,,ROW
Site_SUL,Q130,YEAR(N130),2024,,False,,YEAR
Site_SUL,A131,ROW()-ROW($A$1),130,,False,,ROW
Site_SUL,Q131,YEAR(N131),2023,,False,,YEAR
Site_SUL,A132,ROW()-ROW($A$1),131,,False,,ROW
Site_SUL,Q132,YEAR(N132),2024,,False,,YEAR
Site_SUL,A133,ROW()-ROW($A$1),132,,False,,ROW
Site_SUL,Q133,YEAR(N133),2024,,False,,YEAR
Site_SUL,A134,ROW()-ROW($A$1),133,,False,,ROW
Site_SUL,Q134,YEAR(N134),2024,,False,,YEAR
Site_SUL,A135,ROW()-ROW($A$1),134,,False,,ROW
Site_SUL,Q135,YEAR(N135),2024,,False,,YEAR
Site_SUL,A136,ROW()-ROW($A$1),135,,False,,ROW
Site_SUL,Q136,YEAR(N136),2024,,False,,YEAR
Site_SUL,A137,ROW()-ROW($A$1),136,,False,,ROW
Site_SUL,Q137,YEAR(N137),2023,,False,,YEAR
Site_SUL,A138,ROW()-ROW($A$1),137,,False,,ROW
Site_SUL,Q138,YEAR(N138),2024,,False,,YEAR
Site_SUL,A139,ROW()-ROW($A$1),138,,False,,ROW
Site_SUL,Q139,YEAR(N139),2024,,False,,YEAR
Site_SUL,A140,ROW()-ROW($A$1),139,,False,,ROW
Site_SUL,Q140,YEAR(N140),2024,,False,,YEAR
Site_SUL,A141,ROW()-ROW($A$1),140,,False,,ROW
Site_SUL,Q141,YEAR(N141),2024,,False,,YEAR
Site_SUL,A142,ROW()-ROW($A$1),141,,False,,ROW
Site_SUL,Q142,YEAR(N142),2024,,False,,YEAR
Site_SUL,A143,ROW()-ROW($A$1),142,,False,,ROW
Site_SUL,Q143,YEAR(N143),2024,,False,,YEAR
Site_SUL,A144,ROW()-ROW($A$1),143,,False,,ROW
Site_SUL,Q144,YEAR(N144),2024,,False,,YEAR
Site_SUL,A145,ROW()-ROW($A$1),144,,False,,ROW
Site_SUL,Q145,YEAR(N145),2023,,False,,YEAR
Site_SUL,A146,ROW()-ROW($A$1),145,,False,,ROW
Site_SUL,Q146,YEAR(N146),2024,,False,,YEAR
Site_SUL,A147,ROW()-ROW($A$1),146,,False,,ROW
Site_SUL,Q147,YEAR(N147),2024,,False,,YEAR
Site_SUL,A148,ROW()-ROW($A$1),147,,False,,ROW
Site_SUL,Q148,YEAR(N148),2024,,False,,YEAR
Site_SUL,A149,ROW()-ROW($A$1),148,,False,,ROW
Site_SUL,Q149,YEAR(N149),2024,,False,,YEAR
Site_SUL,A150,ROW()-ROW($A$1),149,,False,,ROW
Site_SUL,Q150,YEAR(N150),2024,,False,,YEAR
Site_SUL,A151,ROW()-ROW($A$1),150,,False,,ROW
Site_SUL,Q151,YEAR(N151),2024,,False,,YEAR
Site_SUL,A152,ROW()-ROW($A$1),151,,False,,ROW
Site_SUL,Q152,YEAR(N152),2024,,False,,YEAR
Site_SUL,A153,ROW()-ROW($A$1),152,,False,,ROW
Site_SUL,Q153,YEAR(N153),2024,,False,,YEAR
Site_SUL,A154,ROW()-ROW($A$1),153,,False,,ROW
Site_SUL,Q154,YEAR(N154),2024,,False,,YEAR
Site_SUL,A155,ROW()-ROW($A$1),154,,False,,ROW
Site_SUL,Q155,YEAR(N155),2024,,False,,YEAR
Site_SUL,A156,ROW()-ROW($A$1),155,,False,,ROW
Site_SUL,Q156,YEAR(N156),2024,,False,,YEAR
Site_SUL,A157,ROW()-ROW($A$1),156,,False,,ROW
Site_SUL,Q157,YEAR(N157),2024,,False,,YEAR
Site_SUL,A158,ROW()-ROW($A$1),157,,False,,ROW
Site_SUL,Q158,YEAR(N158),2024,,False,,YEAR
Site_SUL,A159,ROW()-ROW($A$1),158,,False,,ROW
Site_SUL,Q159,YEAR(N159),2024,,False,,YEAR
Site_SUL,A160,ROW()-ROW($A$1),159,,False,,ROW
Site_SUL,Q160,YEAR(N160),2024,,False,,YEAR
Site_SUL,A161,ROW()-ROW($A$1),160,,False,,ROW
Site_SUL,Q161,YEAR(N161),2024,,False,,YEAR
Site_SUL,A162,ROW()-ROW($A$1),161,,False,,ROW
Site_SUL,Q162,YEAR(N162),2024,,False,,YEAR
Site_SUL,A163,ROW()-ROW($A$1),162,,False,,ROW
Site_SUL,Q163,YEAR(N163),2024,,False,,YEAR
Site_SUL,A164,ROW()-ROW($A$1),163,,False,,ROW
Site_SUL,Q164,YEAR(N164),2024,,False,,YEAR
Site_SUL,A165,ROW()-ROW($A$1),164,,False,,ROW
Site_SUL,Q165,YEAR(N165),2024,,False,,YEAR
Site_SUL,A166,ROW()-ROW($A$1),165,,False,,ROW
Site_SUL,Q166,YEAR(N166),2023,,False,,YEAR
Site_SUL,A167,ROW()-ROW($A$1),166,,False,,ROW
Site_SUL,Q167,YEAR(N167),2023,,False,,YEAR
Site_SUL,A168,ROW()-ROW($A$1),167,,False,,ROW
Site_SUL,Q168,YEAR(N168),2023,,False,,YEAR
Site_SUL,A169,ROW()-ROW($A$1),168,,False,,ROW
Site_SUL,Q169,YEAR(N169),2023,,False,,YEAR
Site_SUL,A170,ROW()-ROW($A$1),169,,False,,ROW
Site_SUL,Q170,YEAR(N170),2023,,False,,YEAR
Site_SUL,A171,ROW()-ROW($A$1),170,,False,,ROW
Site_SUL,Q171,YEAR(N171),2023,,False,,YEAR
Site_SUL,A172,ROW()-ROW($A$1),171,,False,,ROW
Site_SUL,Q172,YEAR(N172),2023,,False,,YEAR
Site_SUL,A173,ROW()-ROW($A$1),172,,False,,ROW
Site_SUL,Q173,YEAR(N173),2024,,False,,YEAR
Site_SUL,A174,ROW()-ROW($A$1),173,,False,,ROW
Site_SUL,Q174,YEAR(N174),2023,,False,,YEAR
Site_SUL,A175,ROW()-ROW($A$1),174,,False,,ROW
Site_SUL,Q175,YEAR(N175),2023,,False,,YEAR
Site_SUL,A176,ROW()-ROW($A$1),175,,False,,ROW
Site_SUL,Q176,YEAR(N176),2023,,False,,YEAR
Site_SUL,A177,ROW()-ROW($A$1),176,,False,,ROW
Site_SUL,Q177,YEAR(N177),2023,,False,,YEAR
Site_SUL,A178,ROW()-ROW($A$1),177,,False,,ROW
Site_SUL,Q178,YEAR(N178),2023,,False,,YEAR
Site_SUL,A179,ROW()-ROW($A$1),178,,False,,ROW
Site_SUL,Q179,YEAR(N179),2023,,False,,YEAR
Site_SUL,A180,ROW()-ROW($A$1),179,,False,,ROW
Site_SUL,Q180,YEAR(N180),2023,,False,,YEAR
Site_SUL,A181,ROW()-ROW($A$1),180,,False,,ROW
Site_SUL,Q181,YEAR(N181),2023,,False,,YEAR
Site_SUL,A182,ROW()-ROW($A$1),181,,False,,ROW
Site_SUL,Q182,YEAR(N182),2023,,False,,YEAR
Site_SUL,A183,ROW()-ROW($A$1),182,,False,,ROW
Site_SUL,Q183,YEAR(N183),2023,,False,,YEAR
Site_SUL,A184,ROW()-ROW($A$1),183,,False,,ROW
Site_SUL,Q184,YEAR(N184),2023,,False,,YEAR
Site_SUL,A185,ROW()-ROW($A$1),184,,False,,ROW
Site_SUL,Q185,YEAR(N185),2023,,False,,YEAR
Site_SUL,A186,ROW()-ROW($A$1),185,,False,,ROW
Site_SUL,Q186,YEAR(N186),2023,,False,,YEAR
Site_SUL,A187,ROW()-ROW($A$1),186,,False,,ROW
Site_SUL,Q187,YEAR(N187),2025,,False,,YEAR
Site_SUL,A188,ROW()-ROW($A$1),187,,False,,ROW
Site_SUL,Q188,YEAR(N188),2023,,False,,YEAR
Site_SUL,A189,ROW()-ROW($A$1),188,,False,,ROW
Site_SUL,Q189,YEAR(N189),2023,,False,,YEAR
Site_SUL,A190,ROW()-ROW($A$1),189,,False,,ROW
Site_SUL,Q190,YEAR(N190),2023,,False,,YEAR
Site_SUL,A191,ROW()-ROW($A$1),190,,False,,ROW
Site_SUL,Q191,YEAR(N191),2023,,False,,YEAR
Site_SUL,A192,ROW()-ROW($A$1),191,,False,,ROW
Site_SUL,Q192,YEAR(N192),2023,,False,,YEAR
Site_SUL,A193,ROW()-ROW($A$1),192,,False,,ROW
Site_SUL,Q193,YEAR(N193),2023,,False,,YEAR
Site_SUL,A194,ROW()-ROW($A$1),193,,False,,ROW
Site_SUL,Q194,YEAR(N194),2023,,False,,YEAR
Site_SUL,A195,ROW()-ROW($A$1),194,,False,,ROW
Site_SUL,Q195,YEAR(N195),2023,,False,,YEAR
Site_SUL,A196,ROW()-ROW($A$1),195,,False,,ROW
Site_SUL,Q196,YEAR(N196),2023,,False,,YEAR
Site_SUL,A197,ROW()-ROW($A$1),196,,False,,ROW
Site_SUL,Q197,YEAR(N197),2023,,False,,YEAR
Site_SUL,A198,ROW()-ROW($A$1),197,,False,,ROW
Site_SUL,Q198,YEAR(N198),2023,,False,,YEAR
Site_SUL,A199,ROW()-ROW($A$1),198,,False,,ROW
Site_SUL,Q199,YEAR(N199),2023,,False,,YEAR
Site_SUL,A200,ROW()-ROW($A$1),199,,False,,ROW
Site_SUL,Q200,YEAR(N200),2023,,False,,YEAR
Site_SUL,A201,ROW()-ROW($A$1),200,,False,,ROW
Site_SUL,Q201,YEAR(N201),2023,,False,,YEAR
Site_SUL,A202,ROW()-ROW($A$1),201,,False,,ROW
Site_SUL,Q202,YEAR(N202),2023,,False,,YEAR
Site_SUL,A203,ROW()-ROW($A$1),202,,False,,ROW
Site_SUL,Q203,YEAR(N203),2023,,False,,YEAR
Site_SUL,A204,ROW()-ROW($A$1),203,,False,,ROW
Site_SUL,Q204,YEAR(N204),2023,,False,,YEAR
Site_SUL,A205,ROW()-ROW($A$1),204,,False,,ROW
Site_SUL,Q205,YEAR(N205),2023,,False,,YEAR
Site_SUL,A206,ROW()-ROW($A$1),205,,False,,ROW
Site_SUL,Q206,YEAR(N206),2023,,False,,YEAR
Site_SUL,A207,ROW()-ROW($A$1),206,,False,,ROW
Site_SUL,Q207,YEAR(N207),2024,,False,,YEAR
Site_SUL,A208,ROW()-ROW($A$1),207,,False,,ROW
Site_SUL,Q208,YEAR(N208),2024,,False,,YEAR
Site_SUL,A209,ROW()-ROW($A$1),208,,False,,ROW
Site_SUL,Q209,YEAR(N209),2025,,False,,YEAR
Site_SUL,A210,ROW()-ROW($A$1),209,,False,,ROW
Site_SUL,Q210,YEAR(N210),2024,,False,,YEAR
Site_SUL,A211,ROW()-ROW($A$1),210,,False,,ROW
Site_SUL,Q211,YEAR(N211),2023,,False,,YEAR
Site_SUL,A212,ROW()-ROW($A$1),211,,False,,ROW
Site_SUL,Q212,YEAR(N212),2024,,False,,YEAR
Site_SUL,A213,ROW()-ROW($A$1),212,,False,,ROW
Site_SUL,Q213,YEAR(N213),2024,,False,,YEAR
Site_SUL,A214,ROW()-ROW($A$1),213,,False,,ROW
Site_SUL,Q214,YEAR(N214),2024,,False,,YEAR
Site_SUL,A215,ROW()-ROW($A$1),214,,False,,ROW
Site_SUL,Q215,YEAR(N215),2024,,False,,YEAR
Site_SUL,A216,ROW()-ROW($A$1),215,,False,,ROW
Site_SUL,Q216,YEAR(N216),2023,,False,,YEAR
Site_SUL,A217,ROW()-ROW($A$1),216,,False,,ROW
Site_SUL,Q217,YEAR(N217),2024,,False,,YEAR
Site_SUL,A218,ROW()-ROW($A$1),217,,False,,ROW
Site_SUL,Q218,YEAR(N218),2023,,False,,YEAR
Site_SUL,A219,ROW()-ROW($A$1),218,,False,,ROW
Site_SUL,Q219,YEAR(N219),2023,,False,,YEAR
Site_SUL,A220,ROW()-ROW($A$1),219,,False,,ROW
Site_SUL,Q220,YEAR(N220),2023,,False,,YEAR
Site_SUL,A221,ROW()-ROW($A$1),220,,False,,ROW
Site_SUL,Q221,YEAR(N221),2023,,False,,YEAR
Site_SUL,A222,ROW()-ROW($A$1),221,,False,,ROW
Site_SUL,Q222,YEAR(N222),2023,,False,,YEAR
Site_SUL,A223,ROW()-ROW($A$1),222,,False,,ROW
Site_SUL,Q223,YEAR(N223),2023,,False,,YEAR
Site_SUL,A224,ROW()-ROW($A$1),223,,False,,ROW
Site_SUL,Q224,YEAR(N224),2023,,False,,YEAR
Site_SUL,A225,ROW()-ROW($A$1),224,,False,,ROW
Site_SUL,Q225,YEAR(N225),2024,,False,,YEAR
Site_SUL,A226,ROW()-ROW($A$1),225,,False,,ROW
Site_SUL,Q226,YEAR(N226),2023,,False,,YEAR
Site_SUL,A227,ROW()-ROW($A$1),226,,False,,ROW
Site_SUL,Q227,YEAR(N227),2023,,False,,YEAR
Site_SUL,A228,ROW()-ROW($A$1),227,,False,,ROW
Site_SUL,Q228,YEAR(N228),2024,,False,,YEAR
Site_SUL,A229,ROW()-ROW($A$1),228,,False,,ROW
Site_SUL,Q229,YEAR(N229),2023,,False,,YEAR
Site_SUL,A230,ROW()-ROW($A$1),229,,False,,ROW
Site_SUL,Q230,YEAR(N230),2023,,False,,YEAR
Site_SUL,A231,ROW()-ROW($A$1),230,,False,,ROW
Site_SUL,Q231,YEAR(N231),2023,,False,,YEAR
Site_SUL,A232,ROW()-ROW($A$1),231,,False,,ROW
Site_SUL,Q232,YEAR(N232),2023,,False,,YEAR
Site_SUL,A233,ROW()-ROW($A$1),232,,False,,ROW
Site_SUL,Q233,YEAR(N233),2023,,False,,YEAR
Site_SUL,A234,ROW()-ROW($A$1),233,,False,,ROW
Site_SUL,Q234,YEAR(N234),2023,,False,,YEAR
Site_SUL,A235,ROW()-ROW($A$1),234,,False,,ROW
Site_SUL,Q235,YEAR(N235),2023,,False,,YEAR
Site_SUL,A236,ROW()-ROW($A$1),235,,False,,ROW
Site_SUL,Q236,YEAR(N236),2023,,False,,YEAR
Site_SUL,A237,ROW()-ROW($A$1),236,,False,,ROW
Site_SUL,Q237,YEAR(N237),2023,,False,,YEAR
Site_SUL,A238,ROW()-ROW($A$1),237,,False,,ROW
Site_SUL,Q238,YEAR(N238),2024,,False,,YEAR
Site_SUL,A239,ROW()-ROW($A$1),238,,False,,ROW
Site_SUL,Q239,YEAR(N239),2024,,False,,YEAR
Site_SUL,A240,ROW()-ROW($A$1),239,,False,,ROW
Site_SUL,Q240,YEAR(N240),2023,,False,,YEAR
Site_SUL,A241,ROW()-ROW($A$1),240,,False,,ROW
Site_SUL,Q241,YEAR(N241),2023,,False,,YEAR
Site_SUL,A242,ROW()-ROW($A$1),241,,False,,ROW
Site_SUL,Q242,YEAR(N242),2023,,False,,YEAR
Site_SUL,A243,ROW()-ROW($A$1),242,,False,,ROW
Site_SUL,Q243,YEAR(N243),2023,,False,,YEAR
Site_SUL,A244,ROW()-ROW($A$1),243,,False,,ROW
Site_SUL,Q244,YEAR(N244),2023,,False,,YEAR
Site_SUL,A245,ROW()-ROW($A$1),244,,False,,ROW
Site_SUL,Q245,YEAR(N245),2024,,False,,YEAR
Site_SUL,A246,ROW()-ROW($A$1),245,,False,,ROW
Site_SUL,Q246,YEAR(N246),2024,,False,,YEAR
Site_SUL,A247,ROW()-ROW($A$1),246,,False,,ROW
Site_SUL,Q247,YEAR(N247),2024,,False,,YEAR
Site_SUL,A248,ROW()-ROW($A$1),247,,False,,ROW
Site_SUL,Q248,YEAR(N248),2024,,False,,YEAR
Site_SUL,A249,ROW()-ROW($A$1),248,,False,,ROW
Site_SUL,Q249,YEAR(N249),2023,,False,,YEAR
Site_SUL,A250,ROW()-ROW($A$1),249,,False,,ROW
Site_SUL,Q250,YEAR(N250),2023,,False,,YEAR
Site_SUL,A251,ROW()-ROW($A$1),250,,False,,ROW
Site_SUL,Q251,YEAR(N251),2024,,False,,YEAR
Site_SUL,A252,ROW()-ROW($A$1),251,,False,,ROW
Site_SUL,Q252,YEAR(N252),2024,,False,,YEAR
Site_SUL,A253,ROW()-ROW($A$1),252,,False,,ROW
Site_SUL,Q253,YEAR(N253),2024,,False,,YEAR
Site_SUL,A254,ROW()-ROW($A$1),253,,False,,ROW
Site_SUL,Q254,YEAR(N254),2024,,False,,YEAR
Site_SUL,A255,ROW()-ROW($A$1),254,,False,,ROW
Site_SUL,Q255,YEAR(N255),2023,,False,,YEAR
Site_SUL,A256,ROW()-ROW($A$1),255,,False,,ROW
Site_SUL,Q256,YEAR(N256),2023,,False,,YEAR
Site_SUL,A257,ROW()-ROW($A$1),256,,False,,ROW
Site_SUL,Q257,YEAR(N257),2023,,False,,YEAR
Site_SUL,A258,ROW()-ROW($A$1),257,,False,,ROW
Site_SUL,Q258,YEAR(N258),2023,,False,,YEAR
Site_SUL,A259,ROW()-ROW($A$1),258,,False,,ROW
Site_SUL,Q259,YEAR(N259),2023,,False,,YEAR
Site_SUL,A260,ROW()-ROW($A$1),259,,False,,ROW
Site_SUL,Q260,YEAR(N260),2023,,False,,YEAR
Site_SUL,A261,ROW()-ROW($A$1),260,,False,,ROW
Site_SUL,Q261,YEAR(N261),2023,,False,,YEAR
Site_SUL,A262,ROW()-ROW($A$1),261,,False,,ROW
Site_SUL,Q262,YEAR(N262),2023,,False,,YEAR
Site_SUL,A263,ROW()-ROW($A$1),262,,False,,ROW
Site_SUL,Q263,YEAR(N263),2024,,False,,YEAR
Site_SUL,A264,ROW()-ROW($A$1),263,,False,,ROW
Site_SUL,Q264,YEAR(N264),2024,,False,,YEAR
Site_SUL,A265,ROW()-ROW($A$1),264,,False,,ROW
Site_SUL,Q265,YEAR(N265),2024,,False,,YEAR
Site_SUL,A266,ROW()-ROW($A$1),265,,False,,ROW
Site_SUL,Q266,YEAR(N266),2023,,False,,YEAR
Site_SUL,A267,ROW()-ROW($A$1),266,,False,,ROW
Site_SUL,Q267,YEAR(N267),2023,,False,,YEAR
Site_SUL,A268,ROW()-ROW($A$1),267,,False,,ROW
Site_SUL,Q268,YEAR(N268),2024,,False,,YEAR
Site_SUL,A269,ROW()-ROW($A$1),268,,False,,ROW
Site_SUL,Q269,YEAR(N269),2024,,False,,YEAR
Site_SUL,A270,ROW()-ROW($A$1),269,,False,,ROW
Site_SUL,Q270,YEAR(N270),2024,,False,,YEAR
Site_SUL,A271,ROW()-ROW($A$1),270,,False,,ROW
Site_SUL,Q271,YEAR(N271),2024,,False,,YEAR
Site_SUL,A272,ROW()-ROW($A$1),271,,False,,ROW
Site_SUL,Q272,YEAR(N272),2024,,False,,YEAR
Site_SUL,A273,ROW()-ROW($A$1),272,,False,,ROW
Site_SUL,Q273,YEAR(N273),2024,,False,,YEAR
Site_SUL,A274,ROW()-ROW($A$1),273,,False,,ROW
Site_SUL,Q274,YEAR(N274),2024,,False,,YEAR
Site_SUL,A275,ROW()-ROW($A$1),274,,False,,ROW
Site_SUL,Q275,YEAR(N275),2023,,False,,YEAR
Site_SUL,A276,ROW()-ROW($A$1),275,,False,,ROW
Site_SUL,Q276,YEAR(N276),2023,,False,,YEAR
Site_SUL,A277,ROW()-ROW($A$1),276,,False,,ROW
Site_SUL,Q277,YEAR(N277),2024,,False,,YEAR
Site_SUL,A278,ROW()-ROW($A$1),277,,False,,ROW
Site_SUL,Q278,YEAR(N278),2023,,False,,YEAR
Site_SUL,A279,ROW()-ROW($A$1),278,,False,,ROW
Site_SUL,Q279,YEAR(N279),2023,,False,,YEAR
Site_SUL,A280,ROW()-ROW($A$1),279,,False,,ROW
Site_SUL,Q280,YEAR(N280),2023,,False,,YEAR
Site_SUL,A281,ROW()-ROW($A$1),280,,False,,ROW
Site_SUL,Q281,YEAR(N281),2023,,False,,YEAR
Site_SUL,A282,ROW()-ROW($A$1),281,,False,,ROW
Site_SUL,Q282,YEAR(N282),2023,,False,,YEAR
Site_SUL,A283,ROW()-ROW($A$1),282,,False,,ROW
Site_SUL,Q283,YEAR(N283),2023,,False,,YEAR
Site_SUL,A284,ROW()-ROW($A$1),283,,False,,ROW
Site_SUL,Q284,YEAR(N284),2023,,False,,YEAR
Site_SUL,A285,ROW()-ROW($A$1),284,,False,,ROW
Site_SUL,Q285,YEAR(N285),2023,,False,,YEAR
Site_SUL,A286,ROW()-ROW($A$1),285,,False,,ROW
Site_SUL,Q286,YEAR(N286),2023,,False,,YEAR
Site_SUL,A287,ROW()-ROW($A$1),286,,False,,ROW
Site_SUL,Q287,YEAR(N287),2024,,False,,YEAR
Site_SUL,A288,ROW()-ROW($A$1),287,,False,,ROW
Site_SUL,Q288,YEAR(N288),2024,,False,,YEAR
Site_SUL,A289,ROW()-ROW($A$1),288,,False,,ROW
Site_SUL,Q289,YEAR(N289),2023,,False,,YEAR
Site_SUL,A290,ROW()-ROW($A$1),289,,False,,ROW
Site_SUL,Q290,YEAR(N290),2023,,False,,YEAR
Site_SUL,A291,ROW()-ROW($A$1),290,,False,,ROW
Site_SUL,Q291,YEAR(N291),2024,,False,,YEAR
Site_SUL,A292,ROW()-ROW($A$1),291,,False,,ROW
Site_SUL,Q292,YEAR(N292),2023,,False,,YEAR
Site_SUL,A293,ROW()-ROW($A$1),292,,False,,ROW
Site_SUL,Q293,YEAR(N293),2025,,False,,YEAR
Site_SUL,A294,ROW()-ROW($A$1),293,,False,,ROW
Site_SUL,Q294,YEAR(N294),2023,,False,,YEAR
Site_SUL,A295,ROW()-ROW($A$1),294,,False,,ROW
Site_SUL,Q295,YEAR(N295),2023,,False,,YEAR
Site_SUL,A296,ROW()-ROW($A$1),295,,False,,ROW
Site_SUL,Q296,YEAR(N296),2023,,False,,YEAR
Site_SUL,A297,ROW()-ROW($A$1),296,,False,,ROW
Site_SUL,Q297,YEAR(N297),2024,,False,,YEAR
Site_SUL,A298,ROW()-ROW($A$1),297,,False,,ROW
Site_SUL,Q298,YEAR(N298),2023,,False,,YEAR
Site_SUL,A299,ROW()-ROW($A$1),298,,False,,ROW
Site_SUL,Q299,YEAR(N299),2024,,False,,YEAR
Site_SUL,A300,ROW()-ROW($A$1),299,,False,,ROW
Site_SUL,Q300,YEAR(N300),2024,,False,,YEAR
Site_SUL,A301,ROW()-ROW($A$1),300,,False,,ROW
Site_SUL,Q301,YEAR(N301),2024,,False,,YEAR
Site_SUL,A302,ROW()-ROW($A$1),301,,False,,ROW
Site_SUL,Q302,YEAR(N302),2023,,False,,YEAR
Site_SUL,A303,ROW()-ROW($A$1),302,,False,,ROW
Site_SUL,Q303,YEAR(N303),2024,,False,,YEAR
Site_SUL,A304,ROW()-ROW($A$1),303,,False,,ROW
Site_SUL,Q304,YEAR(N304),2024,,False,,YEAR
Site_SUL,A305,ROW()-ROW($A$1),304,,False,,ROW
Site_SUL,Q305,YEAR(N305),2023,,False,,YEAR
Site_SUL,A306,ROW()-ROW($A$1),305,,False,,ROW
Site_SUL,Q306,YEAR(N306),2023,,False,,YEAR
Site_SUL,A307,ROW()-ROW($A$1),306,,False,,ROW
Site_SUL,Q307,YEAR(N307),2023,,False,,YEAR
Site_SUL,A308,ROW()-ROW($A$1),307,,False,,ROW
Site_SUL,Q308,YEAR(N308),2023,,False,,YEAR
Site_SUL,A309,ROW()-ROW($A$1),308,,False,,ROW
Site_SUL,Q309,YEAR(N309),2023,,False,,YEAR
Site_SUL,A310,ROW()-ROW($A$1),309,,False,,ROW
Site_SUL,Q310,YEAR(N310),2023,,False,,YEAR
Site_SUL,A311,ROW()-ROW($A$1),310,,False,,ROW
Site_SUL,Q311,YEAR(N311),2024,,False,,YEAR
Site_SUL,A312,ROW()-ROW($A$1),311,,False,,ROW
Site_SUL,Q312,YEAR(N312),2023,,False,,YEAR
Site_SUL,A313,ROW()-ROW($A$1),312,,False,,ROW
Site_SUL,Q313,YEAR(N313),2024,,False,,YEAR
Site_SUL,A314,ROW()-ROW($A$1),313,,False,,ROW
Site_SUL,Q314,YEAR(N314),2024,,False,,YEAR
Site_SUL,A315,ROW()-ROW($A$1),314,,False,,ROW
Site_SUL,Q315,YEAR(N315),2024,,False,,YEAR
Site_SUL,A316,ROW()-ROW($A$1),315,,False,,ROW
Site_SUL,Q316,YEAR(N316),2024,,False,,YEAR
Site_SUL,A317,ROW()-ROW($A$1),316,,False,,ROW
Site_SUL,Q317,YEAR(N317),2024,,False,,YEAR
Site_SUL,A318,ROW()-ROW($A$1),317,,False,,ROW
Site_SUL,Q318,YEAR(N318),2024,,False,,YEAR
Site_SUL,A319,ROW()-ROW($A$1),318,,False,,ROW
Site_SUL,Q319,YEAR(N319),2024,,False,,YEAR
Site_SUL,A320,ROW()-ROW($A$1),319,,False,,ROW
Site_SUL,Q320,YEAR(N320),2024,,False,,YEAR
Site_SUL,A321,ROW()-ROW($A$1),320,,False,,ROW
Site_SUL,Q321,YEAR(N321),2024,,False,,YEAR
Site_SUL,A322,ROW()-ROW($A$1),321,,False,,ROW
Site_SUL,Q322,YEAR(N322),2024,,False,,YEAR
Site_SUL,A323,ROW()-ROW($A$1),322,,False,,ROW
Site_SUL,Q323,YEAR(N323),2025,,False,,YEAR
Site_SUL,A324,ROW()-ROW($A$1),323,,False,,ROW
Site_SUL,Q324,YEAR(N324),2024,,False,,YEAR
Site_SUL,A325,ROW()-ROW($A$1),324,,False,,ROW
Site_SUL,Q325,YEAR(N325),2024,,False,,YEAR
Site_SUL,A326,ROW()-ROW($A$1),325,,False,,ROW
Site_SUL,Q326,YEAR(N326),2024,,False,,YEAR
Site_SUL,A327,ROW()-ROW($A$1),326,,False,,ROW
Site_SUL,Q327,YEAR(N327),2024,,False,,YEAR
Site_SUL,A328,ROW()-ROW($A$1),327,,False,,ROW
Site_SUL,Q328,YEAR(N328),2024,,False,,YEAR
Site_SUL,A329,ROW()-ROW($A$1),328,,False,,ROW
Site_SUL,Q329,YEAR(N329),2024,,False,,YEAR
Site_SUL,A330,ROW()-ROW($A$1),329,,False,,ROW
Site_SUL,Q330,YEAR(N330),2024,,False,,YEAR
Site_SUL,A331,ROW()-ROW($A$1),330,,False,,ROW
Site_SUL,Q331,YEAR(N331),2024,,False,,YEAR
Site_SUL,A332,ROW()-ROW($A$1),331,,False,,ROW
Site_SUL,Q332,YEAR(N332),2024,,False,,YEAR
Site_SUL,A333,ROW()-ROW($A$1),332,,False,,ROW
Site_SUL,Q333,YEAR(N333),2024,,False,,YEAR
Site_SUL,A334,ROW()-ROW($A$1),333,,False,,ROW
Site_SUL,Q334,YEAR(N334),2024,,False,,YEAR
Site_SUL,A335,ROW()-ROW($A$1),334,,False,,ROW
Site_SUL,Q335,YEAR(N335),2024,,False,,YEAR
Site_SUL,A336,ROW()-ROW($A$1),335,,False,,ROW
Site_SUL,Q336,YEAR(N336),2024,,False,,YEAR
Site_SUL,A337,ROW()-ROW($A$1),336,,False,,ROW
Site_SUL,Q337,YEAR(N337),2024,,False,,YEAR
Site_SUL,A338,ROW()-ROW($A$1),337,,False,,ROW
Site_SUL,Q338,YEAR(N338),2024,,False,,YEAR
Site_SUL,A339,ROW()-ROW($A$1),338,,False,,ROW
Site_SUL,Q339,YEAR(N339),2024,,False,,YEAR
Site_SUL,A340,ROW()-ROW($A$1),339,,False,,ROW
Site_SUL,Q340,YEAR(N340),2024,,False,,YEAR
Site_SUL,A341,ROW()-ROW($A$1),340,,False,,ROW
Site_SUL,Q341,YEAR(N341),2024,,False,,YEAR
Site_SUL,A342,ROW()-ROW($A$1),341,,False,,ROW
Site_SUL,Q342,YEAR(N342),2025,,False,,YEAR
Site_SUL,A343,ROW()-ROW($A$1),342,,False,,ROW
Site_SUL,Q343,YEAR(N343),2024,,False,,YEAR
Site_SUL,A344,ROW()-ROW($A$1),343,,False,,ROW
Site_SUL,Q344,YEAR(N344),2024,,False,,YEAR
Site_SUL,A345,ROW()-ROW($A$1),344,,False,,ROW
Site_SUL,Q345,YEAR(N345),2024,,False,,YEAR
Site_SUL,A346,ROW()-ROW($A$1),345,,False,,ROW
Site_SUL,Q346,YEAR(N346),2024,,False,,YEAR
Site_SUL,A347,ROW()-ROW($A$1),346,,False,,ROW
Site_SUL,Q347,YEAR(N347),2024,,False,,YEAR
Site_SUL,A348,ROW()-ROW($A$1),347,,False,,ROW
Site_SUL,Q348,YEAR(N348),2024,,False,,YEAR
Site_SUL,A349,ROW()-ROW($A$1),348,,False,,ROW
Site_SUL,Q349,YEAR(N349),2024,,False,,YEAR
Site_SUL,A350,ROW()-ROW($A$1),349,,False,,ROW
Site_SUL,Q350,YEAR(N350),2024,,False,,YEAR
Site_SUL,A351,ROW()-ROW($A$1),350,,False,,ROW
Site_SUL,Q351,YEAR(N351),2024,,False,,YEAR
Site_SUL,A352,ROW()-ROW($A$1),351,,False,,ROW
Site_SUL,Q352,YEAR(N352),2024,,False,,YEAR
Site_SUL,A353,ROW()-ROW($A$1),352,,False,,ROW
Site_SUL,Q353,YEAR(N353),2024,,False,,YEAR
Site_SUL,A354,ROW()-ROW($A$1),353,,False,,ROW
Site_SUL,Q354,YEAR(N354),2024,,False,,YEAR
Site_SUL,A355,ROW()-ROW($A$1),354,,False,,ROW
Site_SUL,Q355,YEAR(N355),2024,,False,,YEAR
Site_SUL,A356,ROW()-ROW($A$1),355,,False,,ROW
Site_SUL,Q356,YEAR(N356),2024,,False,,YEAR
Site_SUL,A357,ROW()-ROW($A$1),356,,False,,ROW
Site_SUL,Q357,YEAR(N357),2024,,False,,YEAR
Site_SUL,A358,ROW()-ROW($A$1),357,,False,,ROW
Site_SUL,Q358,YEAR(N358),2024,,False,,YEAR
Site_SUL,A359,ROW()-ROW($A$1),358,,False,,ROW
Site_SUL,Q359,YEAR(N359),2024,,False,,YEAR
Site_SUL,A360,ROW()-ROW($A$1),359,,False,,ROW
Site_SUL,Q360,YEAR(N360),2024,,False,,YEAR
Site_SUL,A361,ROW()-ROW($A$1),360,,False,,ROW
Site_SUL,Q361,YEAR(N361),2024,,False,,YEAR
Site_SUL,A362,ROW()-ROW($A$1),361,,False,,ROW
Site_SUL,Q362,YEAR(N362),2024,,False,,YEAR
Site_SUL,A363,ROW()-ROW($A$1),362,,False,,ROW
Site_SUL,Q363,YEAR(N363),2024,,False,,YEAR
Site_SUL,A364,ROW()-ROW($A$1),363,,False,,ROW
Site_SUL,Q364,YEAR(N364),2024,,False,,YEAR
Site_SUL,A365,ROW()-ROW($A$1),364,,False,,ROW
Site_SUL,Q365,YEAR(N365),2024,,False,,YEAR
Site_SUL,A366,ROW()-ROW($A$1),365,,False,,ROW
Site_SUL,Q366,YEAR(N366),2024,,False,,YEAR
Site_SUL,A367,ROW()-ROW($A$1),366,,False,,ROW
Site_SUL,Q367,YEAR(N367),2024,,False,,YEAR
Site_SUL,A368,ROW()-ROW($A$1),367,,False,,ROW
Site_SUL,Q368,YEAR(N368),2024,,False,,YEAR
Site_SUL,A369,ROW()-ROW($A$1),368,,False,,ROW
Site_SUL,Q369,YEAR(N369),2024,,False,,YEAR
Site_SUL,A370,ROW()-ROW($A$1),369,,False,,ROW
Site_SUL,Q370,YEAR(N370),2024,,False,,YEAR
Site_SUL,A371,ROW()-ROW($A$1),370,,False,,ROW
Site_SUL,Q371,YEAR(N371),2024,,False,,YEAR
Site_SUL,A372,ROW()-ROW($A$1),371,,False,,ROW
Site_SUL,Q372,YEAR(N372),2024,,False,,YEAR
Site_SUL,A373,ROW()-ROW($A$1),372,,False,,ROW
Site_SUL,Q373,YEAR(N373),2024,,False,,YEAR
Site_SUL,A374,ROW()-ROW($A$1),373,,False,,ROW
Site_SUL,Q374,YEAR(N374),2024,,False,,YEAR
Site_SUL,A375,ROW()-ROW($A$1),374,,False,,ROW
Site_SUL,Q375,YEAR(N375),2024,,False,,YEAR
Site_SUL,A376,ROW()-ROW($A$1),375,,False,,ROW
Site_SUL,Q376,YEAR(N376),2024,,False,,YEAR
Site_SUL,A377,ROW()-ROW($A$1),376,,False,,ROW
Site_SUL,Q377,YEAR(N377),2024,,False,,YEAR
Site_SUL,A378,ROW()-ROW($A$1),377,,False,,ROW
Site_SUL,Q378,YEAR(N378),2024,,False,,YEAR
Site_SUL,A379,ROW()-ROW($A$1),378,,False,,ROW
Site_SUL,Q379,YEAR(N379),2024,,False,,YEAR
Site_SUL,A380,ROW()-ROW($A$1),379,,False,,ROW
Site_SUL,Q380,YEAR(N380),2024,,False,,YEAR
Site_SUL,A381,ROW()-ROW($A$1),380,,False,,ROW
Site_SUL,Q381,YEAR(N381),2024,,False,,YEAR
Site_SUL,A382,ROW()-ROW($A$1),381,,False,,ROW
Site_SUL,Q382,YEAR(N382),2024,,False,,YEAR
Site_SUL,A383,ROW()-ROW($A$1),382,,False,,ROW
Site_SUL,Q383,YEAR(N383),2024,,False,,YEAR
Site_SUL,A384,ROW()-ROW($A$1),383,,False,,ROW
Site_SUL,Q384,YEAR(N384),2024,,False,,YEAR
Site_SUL,A385,ROW()-ROW($A$1),384,,False,,ROW
Site_SUL,Q385,YEAR(N385),2024,,False,,YEAR
Site_SUL,A386,ROW()-ROW($A$1),385,,False,,ROW
Site_SUL,Q386,YEAR(N386),2024,,False,,YEAR
Site_SUL,A387,ROW()-ROW($A$1),386,,False,,ROW
Site_SUL,Q387,YEAR(N387),2024,,False,,YEAR
Site_SUL,A388,ROW()-ROW($A$1),387,,False,,ROW
Site_SUL,Q388,YEAR(N388),2024,,False,,YEAR
Site_SUL,A389,ROW()-ROW($A$1),388,,False,,ROW
Site_SUL,Q389,YEAR(N389),2024,,False,,YEAR
Site_SUL,A390,ROW()-ROW($A$1),389,,False,,ROW
Site_SUL,Q390,YEAR(N390),2024,,False,,YEAR
Site_SUL,A391,ROW()-ROW($A$1),390,,False,,ROW
Site_SUL,Q391,YEAR(N391),2024,,False,,YEAR
Site_SUL,A392,ROW()-ROW($A$1),391,,False,,ROW
Site_SUL,Q392,YEAR(N392),2024,,False,,YEAR
Site_SUL,A393,ROW()-ROW($A$1),392,,False,,ROW
Site_SUL,Q393,YEAR(N393),2024,,False,,YEAR
Site_SUL,A394,ROW()-ROW($A$1),393,,False,,ROW
Site_SUL,Q394,YEAR(N394),2024,,False,,YEAR
Site_SUL,A395,ROW()-ROW($A$1),394,,False,,ROW
Site_SUL,Q395,YEAR(N395),2024,,False,,YEAR
Site_SUL,A396,ROW()-ROW($A$1),395,,False,,ROW
Site_SUL,Q396,YEAR(N396),2024,,False,,YEAR
Site_SUL,A397,ROW()-ROW($A$1),396,,False,,ROW
Site_SUL,Q397,YEAR(N397),2024,,False,,YEAR
Site_SUL,A398,ROW()-ROW($A$1),397,,False,,ROW
Site_SUL,Q398,YEAR(N398),2024,,False,,YEAR
Site_SUL,A399,ROW()-ROW($A$1),398,,False,,ROW
Site_SUL,Q399,YEAR(N399),2024,,False,,YEAR
Site_SUL,A400,ROW()-ROW($A$1),399,,False,,ROW
Site_SUL,Q400,YEAR(N400),2024,,False,,YEAR
Site_SUL,A401,ROW()-ROW($A$1),400,,False,,ROW
Site_SUL,Q401,YEAR(N401),2024,,False,,YEAR
Site_SUL,A402,ROW()-ROW($A$1),401,,False,,ROW
Site_SUL,Q402,YEAR(N402),2024,,False,,YEAR
Site_SUL,A403,ROW()-ROW($A$1),402,,False,,ROW
Site_SUL,Q403,YEAR(N403),2024,,False,,YEAR
Site_SUL,A404,ROW()-ROW($A$1),403,,False,,ROW
Site_SUL,Q404,YEAR(N404),2024,,False,,YEAR
Site_SUL,A405,ROW()-ROW($A$1),404,,False,,ROW
Site_SUL,Q405,YEAR(N405),2024,,False,,YEAR
Site_SUL,A406,ROW()-ROW($A$1),405,,False,,ROW
Site_SUL,Q406,YEAR(N406),2024,,False,,YEAR
Site_SUL,A407,ROW()-ROW($A$1),406,,False,,ROW
Site_SUL,Q407,YEAR(N407),2024,,False,,YEAR
Site_SUL,A408,ROW()-ROW($A$1),407,,False,,ROW
Site_SUL,Q408,YEAR(N408),2024,,False,,YEAR
Site_SUL,A409,ROW()-ROW($A$1),408,,False,,ROW
Site_SUL,Q409,YEAR(N409),2024,,False,,YEAR
Site_SUL,A410,ROW()-ROW($A$1),409,,False,,ROW
Site_SUL,Q410,YEAR(N410),2024,,False,,YEAR
Site_SUL,A411,ROW()-ROW($A$1),410,,False,,ROW
Site_SUL,Q411,YEAR(N411),2024,,False,,YEAR
Site_SUL,A412,ROW()-ROW($A$1),411,,False,,ROW
Site_SUL,Q412,YEAR(N412),2024,,False,,YEAR
Site_SUL,A413,ROW()-ROW($A$1),412,,False,,ROW
Site_SUL,Q413,YEAR(N413),2024,,False,,YEAR
Site_SUL,A414,ROW()-ROW($A$1),413,,False,,ROW
Site_SUL,Q414,YEAR(N414),2024,,False,,YEAR
Site_SUL,A415,ROW()-ROW($A$1),414,,False,,ROW
Site_SUL,Q415,YEAR(N415),2024,,False,,YEAR
Site_SUL,A416,ROW()-ROW($A$1),415,,False,,ROW
Site_SUL,Q416,YEAR(N416),2024,,False,,YEAR
Site_SUL,A417,ROW()-ROW($A$1),416,,False,,ROW
Site_SUL,Q417,YEAR(N417),2024,,False,,YEAR
Site_SUL,A418,ROW()-ROW($A$1),417,,False,,ROW
Site_SUL,Q418,YEAR(N418),2024,,False,,YEAR
Site_SUL,A419,ROW()-ROW($A$1),418,,False,,ROW
Site_SUL,Q419,YEAR(N419),2024,,False,,YEAR
Site_SUL,A420,ROW()-ROW($A$1),419,,False,,ROW
Site_SUL,Q420,YEAR(N420),2024,,False,,YEAR
Site_SUL,A421,ROW()-ROW($A$1),420,,False,,ROW
Site_SUL,Q421,YEAR(N421),2024,,False,,YEAR
Site_SUL,A422,ROW()-ROW($A$1),421,,False,,ROW
Site_SUL,Q422,YEAR(N422),2024,,False,,YEAR
Site_SUL,A423,ROW()-ROW($A$1),422,,False,,ROW
Site_SUL,Q423,YEAR(N423),2024,,False,,YEAR
Site_SUL,A424,ROW()-ROW($A$1),423,,False,,ROW
Site_SUL,Q424,YEAR(N424),2024,,False,,YEAR
Site_SUL,A425,ROW()-ROW($A$1),424,,False,,ROW
Site_SUL,Q425,YEAR(N425),2024,,False,,YEAR
Site_SUL,A426,ROW()-ROW($A$1),425,,False,,ROW
Site_SUL,Q426,YEAR(N426),2024,,False,,YEAR
Site_SUL,A427,ROW()-ROW($A$1),426,,False,,ROW
Site_SUL,Q427,YEAR(N427),2024,,False,,YEAR
Site_SUL,A428,ROW()-ROW($A$1),427,,False,,ROW
Site_SUL,Q428,YEAR(N428),2024,,False,,YEAR
Site_SUL,A429,ROW()-ROW($A$1),428,,False,,ROW
Site_SUL,Q429,YEAR(N429),2024,,False,,YEAR
Site_SUL,A430,ROW()-ROW($A$1),429,,False,,ROW
Site_SUL,Q430,YEAR(N430),2024,,False,,YEAR
Site_SUL,A431,ROW()-ROW($A$1),430,,False,,ROW
Site_SUL,Q431,YEAR(N431),2024,,False,,YEAR
Site_SUL,A432,ROW()-ROW($A$1),431,,False,,ROW
Site_SUL,Q432,YEAR(N432),2024,,False,,YEAR
Site_SUL,A433,ROW()-ROW($A$1),432,,False,,ROW
Site_SUL,Q433,YEAR(N433),2024,,False,,YEAR
Site_SUL,A434,ROW()-ROW($A$1),433,,False,,ROW
Site_SUL,Q434,YEAR(N434),2024,,False,,YEAR
Site_SUL,A435,ROW()-ROW($A$1),434,,False,,ROW
Site_SUL,Q435,YEAR(N435),2024,,False,,YEAR
Site_SUL,A436,ROW()-ROW($A$1),435,,False,,ROW
Site_SUL,Q436,YEAR(N436),2024,,False,,YEAR
Site_SUL,A437,ROW()-ROW($A$1),436,,False,,ROW
Site_SUL,Q437,YEAR(N437),2024,,False,,YEAR
Site_SUL,A438,ROW()-ROW($A$1),437,,False,,ROW
Site_SUL,Q438,YEAR(N438),2024,,False,,YEAR
Site_SUL,A439,ROW()-ROW($A$1),438,,False,,ROW
Site_SUL,Q439,YEAR(N439),2024,,False,,YEAR
Site_SUL,A440,ROW()-ROW($A$1),439,,False,,ROW
Site_SUL,Q440,YEAR(N440),2024,,False,,YEAR
Site_SUL,A441,ROW()-ROW($A$1),440,,False,,ROW
Site_SUL,Q441,YEAR(N441),2024,,False,,YEAR
Site_SUL,A442,ROW()-ROW($A$1),441,,False,,ROW
Site_SUL,Q442,YEAR(N442),2024,,False,,YEAR
Site_SUL,A443,ROW()-ROW($A$1),442,,False,,ROW
Site_SUL,Q443,YEAR(N443),2024,,False,,YEAR
Site_SUL,A444,ROW()-ROW($A$1),443,,False,,ROW
Site_SUL,Q444,YEAR(N444),2024,,False,,YEAR
Site_SUL,A445,ROW()-ROW($A$1),444,,False,,ROW
Site_SUL,Q445,YEAR(N445),2024,,False,,YEAR
Site_SUL,A446,ROW()-ROW($A$1),445,,False,,ROW
Site_SUL,Q446,YEAR(N446),2024,,False,,YEAR
Site_SUL,A447,ROW()-ROW($A$1),446,,False,,ROW
Site_SUL,Q447,YEAR(N447),2024,,False,,YEAR
Site_SUL,A448,ROW()-ROW($A$1),447,,False,,ROW
Site_SUL,Q448,YEAR(N448),2024,,False,,YEAR
Site_SUL,A449,ROW()-ROW($A$1),448,,False,,ROW
Site_SUL,Q449,YEAR(N449),2024,,False,,YEAR
Site_SUL,A450,ROW()-ROW($A$1),449,,False,,ROW
Site_SUL,Q450,YEAR(N450),2024,,False,,YEAR
Site_SUL,A451,ROW()-ROW($A$1),450,,False,,ROW
Site_SUL,Q451,YEAR(N451),2024,,False,,YEAR
Site_SUL,A452,ROW()-ROW($A$1),451,,False,,ROW
Site_SUL,Q452,YEAR(N452),2024,,False,,YEAR
Site_SUL,A453,ROW()-ROW($A$1),452,,False,,ROW
Site_SUL,Q453,YEAR(N453),2024,,False,,YEAR
Site_SUL,A454,ROW()-ROW($A$1),453,,False,,ROW
Site_SUL,Q454,YEAR(N454),2024,,False,,YEAR
Site_SUL,A455,ROW()-ROW($A$1),454,,False,,ROW
Site_SUL,Q455,YEAR(N455),2024,,False,,YEAR
Site_SUL,A456,ROW()-ROW($A$1),455,,False,,ROW
Site_SUL,Q456,YEAR(N456),2024,,False,,YEAR
Site_SUL,A457,ROW()-ROW($A$1),456,,False,,ROW
Site_SUL,Q457,YEAR(N457),2024,,False,,YEAR
Site_SUL,A458,ROW()-ROW($A$1),457,,False,,ROW
Site_SUL,Q458,YEAR(N458),2024,,False,,YEAR
Site_SUL,A459,ROW()-ROW($A$1),458,,False,,ROW
Site_SUL,Q459,YEAR(N459),2024,,False,,YEAR
Site_SUL,A460,ROW()-ROW($A$1),459,,False,,ROW
Site_SUL,Q460,YEAR(N460),2024,,False,,YEAR
Site_SUL,A461,ROW()-ROW($A$1),460,,False,,ROW
Site_SUL,Q461,YEAR(N461),2024,,False,,YEAR
Site_SUL,A462,ROW()-ROW($A$1),461,,False,,ROW
Site_SUL,Q462,YEAR(N462),2024,,False,,YEAR
Site_SUL,A463,ROW()-ROW($A$1),462,,False,,ROW
Site_SUL,Q463,YEAR(N463),2024,,False,,YEAR
Site_SUL,A464,ROW()-ROW($A$1),463,,False,,ROW
Site_SUL,Q464,YEAR(N464),2024,,False,,YEAR
Site_SUL,A465,ROW()-ROW($A$1),464,,False,,ROW
Site_SUL,Q465,YEAR(N465),2024,,False,,YEAR
Site_SUL,A466,ROW()-ROW($A$1),465,,False,,ROW
Site_SUL,Q466,YEAR(N466),2024,,False,,YEAR
Site_SUL,A467,ROW()-ROW($A$1),466,,False,,ROW
Site_SUL,Q467,YEAR(N467),2024,,False,,YEAR
Site_SUL,A468,ROW()-ROW($A$1),467,,False,,ROW
Site_SUL,Q468,YEAR(N468),2024,,False,,YEAR
Site_SUL,A469,ROW()-ROW($A$1),468,,False,,ROW
Site_SUL,Q469,YEAR(N469),2024,,False,,YEAR
Site_SUL,A470,ROW()-ROW($A$1),469,,False,,ROW
Site_SUL,Q470,YEAR(N470),2024,,False,,YEAR
Site_SUL,A471,ROW()-ROW($A$1),470,,False,,ROW
Site_SUL,Q471,YEAR(N471),2024,,False,,YEAR
Site_SUL,A472,ROW()-ROW($A$1),471,,False,,ROW
Site_SUL,Q472,YEAR(N472),2024,,False,,YEAR
Site_SUL,A473,ROW()-ROW($A$1),472,,False,,ROW
Site_SUL,Q473,YEAR(N473),2024,,False,,YEAR
Site_SUL,A474,ROW()-ROW($A$1),473,,False,,ROW
Site_SUL,Q474,YEAR(N474),2024,,False,,YEAR
Site_SUL,A475,ROW()-ROW($A$1),474,,False,,ROW
Site_SUL,Q475,YEAR(N475),2024,,False,,YEAR
Site_SUL,A476,ROW()-ROW($A$1),475,,False,,ROW
Site_SUL,Q476,YEAR(N476),2024,,False,,YEAR
Site_SUL,A477,ROW()-ROW($A$1),476,,False,,ROW
Site_SUL,Q477,YEAR(N477),2024,,False,,YEAR
Site_SUL,A478,ROW()-ROW($A$1),477,,False,,ROW
Site_SUL,Q478,YEAR(N478),2024,,False,,YEAR
Site_SUL,A479,ROW()-ROW($A$1),478,,False,,ROW
Site_SUL,Q479,YEAR(N479),2024,,False,,YEAR
Site_SUL,A480,ROW()-ROW($A$1),479,,False,,ROW
Site_SUL,Q480,YEAR(N480),2024,,False,,YEAR
Site_SUL,A481,ROW()-ROW($A$1),480,,False,,ROW
Site_SUL,Q481,YEAR(N481),2024,,False,,YEAR
Site_SUL,A482,ROW()-ROW($A$1),481,,False,,ROW
Site_SUL,Q482,YEAR(N482),2024,,False,,YEAR
Site_SUL,A483,ROW()-ROW($A$1),482,,False,,ROW
Site_SUL,Q483,YEAR(N483),2024,,False,,YEAR
Site_SUL,A484,ROW()-ROW($A$1),483,,False,,ROW
Site_SUL,Q484,YEAR(N484),2024,,False,,YEAR
Site_SUL,A485,ROW()-ROW($A$1),484,,False,,ROW
Site_SUL,Q485,YEAR(N485),2024,,False,,YEAR
Site_SUL,A486,ROW()-ROW($A$1),485,,False,,ROW
Site_SUL,Q486,YEAR(N486),2024,,False,,YEAR
Site_SUL,A487,ROW()-ROW($A$1),486,,False,,ROW
Site_SUL,Q487,YEAR(N487),2024,,False,,YEAR
Site_SUL,A488,ROW()-ROW($A$1),487,,False,,ROW
Site_SUL,Q488,YEAR(N488),2024,,False,,YEAR
Site_SUL,A489,ROW()-ROW($A$1),488,,False,,ROW
Site_SUL,Q489,YEAR(N489),2024,,False,,YEAR
Site_SUL,A490,ROW()-ROW($A$1),489,,False,,ROW
Site_SUL,Q490,YEAR(N490),2024,,False,,YEAR
Site_SUL,A491,ROW()-ROW($A$1),490,,False,,ROW
Site_SUL,Q491,YEAR(N491),2024,,False,,YEAR
Site_SUL,A492,ROW()-ROW($A$1),491,,False,,ROW
Site_SUL,Q492,YEAR(N492),2024,,False,,YEAR
Site_SUL,A493,ROW()-ROW($A$1),492,,False,,ROW
Site_SUL,Q493,YEAR(N493),2024,,False,,YEAR
Site_SUL,A494,ROW()-ROW($A$1),493,,False,,ROW
Site_SUL,Q494,YEAR(N494),2024,,False,,YEAR
Site_SUL,A495,ROW()-ROW($A$1),494,,False,,ROW
Site_SUL,Q495,YEAR(N495),2024,,False,,YEAR
Site_SUL,A496,ROW()-ROW($A$1),495,,False,,ROW
Site_SUL,Q496,YEAR(N496),2024,,False,,YEAR
Site_SUL,A497,ROW()-ROW($A$1),496,,False,,ROW
Site_SUL,Q497,YEAR(N497),2024,,False,,YEAR
Site_SUL,A498,ROW()-ROW($A$1),497,,False,,ROW
Site_SUL,Q498,YEAR(N498),2024,,False,,YEAR
Site_SUL,A499,ROW()-ROW($A$1),498,,False,,ROW
Site_SUL,Q499,YEAR(N499),2024,,False,,YEAR
Site_SUL,A500,ROW()-ROW($A$1),499,,False,,ROW
Site_SUL,Q500,YEAR(N500),2024,,False,,YEAR
Site_SUL,A501,ROW()-ROW($A$1),500,,False,,ROW
Site_SUL,Q501,YEAR(N501),2024,,False,,YEAR
Site_SUL,A502,ROW()-ROW($A$1),501,,False,,ROW
Site_SUL,Q502,YEAR(N502),2024,,False,,YEAR
Site_SUL,A503,ROW()-ROW($A$1),502,,False,,ROW
Site_SUL,Q503,YEAR(N503),2024,,False,,YEAR
Site_SUL,A504,ROW()-ROW($A$1),503,,False,,ROW
Site_SUL,Q504,YEAR(N504),2024,,False,,YEAR
Site_SUL,A505,ROW()-ROW($A$1),504,,False,,ROW
Site_SUL,Q505,YEAR(N505),2024,,False,,YEAR
Site_SUL,A506,ROW()-ROW($A$1),505,,False,,ROW
Site_SUL,Q506,YEAR(N506),2024,,False,,YEAR
Site_SUL,A507,ROW()-ROW($A$1),506,,False,,ROW
Site_SUL,Q507,YEAR(N507),2024,,False,,YEAR
Site_SUL,A508,ROW()-ROW($A$1),507,,False,,ROW
Site_SUL,Q508,YEAR(N508),2024,,False,,YEAR
Site_SUL,A509,ROW()-ROW($A$1),508,,False,,ROW
Site_SUL,Q509,YEAR(N509),2024,,False,,YEAR
Site_SUL,A510,ROW()-ROW($A$1),509,,False,,ROW
Site_SUL,Q510,YEAR(N510),2024,,False,,YEAR
Site_SUL,A511,ROW()-ROW($A$1),510,,False,,ROW
Site_SUL,Q511,YEAR(N511),2024,,False,,YEAR
Site_SUL,A512,ROW()-ROW($A$1),511,,False,,ROW
Site_SUL,Q512,YEAR(N512),2024,,False,,YEAR
Site_SUL,A513,ROW()-ROW($A$1),512,,False,,ROW
Site_SUL,Q513,YEAR(N513),2024,,False,,YEAR
Site_SUL,A514,ROW()-ROW($A$1),513,,False,,ROW
Site_SUL,Q514,YEAR(N514),2024,,False,,YEAR
Site_SUL,A515,ROW()-ROW($A$1),514,,False,,ROW
Site_SUL,Q515,YEAR(N515),2024,,False,,YEAR
Site_SUL,A516,ROW()-ROW($A$1),515,,False,,ROW
Site_SUL,Q516,YEAR(N516),2024,,False,,YEAR
Site_SUL,A517,ROW()-ROW($A$1),516,,False,,ROW
Site_SUL,Q517,YEAR(N517),2024,,False,,YEAR
Site_SUL,A518,ROW()-ROW($A$1),517,,False,,ROW
Site_SUL,Q518,YEAR(N518),2024,,False,,YEAR
Site_SUL,A519,ROW()-ROW($A$1),518,,False,,ROW
Site_SUL,Q519,YEAR(N519),2024,,False,,YEAR
Site_SUL,A520,ROW()-ROW($A$1),519,,False,,ROW
Site_SUL,Q520,YEAR(N520),2024,,False,,YEAR
Site_SUL,A521,ROW()-ROW($A$1),520,,False,,ROW
Site_SUL,Q521,YEAR(N521),2024,,False,,YEAR
Site_SUL,A522,ROW()-ROW($A$1),521,,False,,ROW
Site_SUL,Q522,YEAR(N522),2024,,False,,YEAR
Site_SUL,A523,ROW()-ROW($A$1),522,,False,,ROW
Site_SUL,Q523,YEAR(N523),2024,,False,,YEAR
Site_SUL,A524,ROW()-ROW($A$1),523,,False,,ROW
Site_SUL,Q524,YEAR(N524),2024,,False,,YEAR
Site_SUL,A525,ROW()-ROW($A$1),524,,False,,ROW
Site_SUL,Q525,YEAR(N525),2024,,False,,YEAR
Site_SUL,A526,ROW()-ROW($A$1),525,,False,,ROW
Site_SUL,Q526,YEAR(N526),2024,,False,,YEAR
Site_SUL,A527,ROW()-ROW($A$1),526,,False,,ROW
Site_SUL,Q527,YEAR(N527),2024,,False,,YEAR
Site_SUL,A528,ROW()-ROW($A$1),527,,False,,ROW
Site_SUL,Q528,YEAR(N528),2024,,False,,YEAR
Site_SUL,A529,ROW()-ROW($A$1),528,,False,,ROW
Site_SUL,Q529,YEAR(N529),2024,,False,,YEAR
Site_SUL,A530,ROW()-ROW($A$1),529,,False,,ROW
Site_SUL,Q530,YEAR(N530),2024,,False,,YEAR
Site_SUL,A531,ROW()-ROW($A$1),530,,False,,ROW
Site_SUL,Q531,YEAR(N531),2024,,False,,YEAR
Site_SUL,A532,ROW()-ROW($A$1),531,,False,,ROW
Site_SUL,Q532,YEAR(N532),2024,,False,,YEAR
Site_SUL,A533,ROW()-ROW($A$1),532,,False,,ROW
Site_SUL,Q533,YEAR(N533),2024,,False,,YEAR
Site_SUL,A534,ROW()-ROW($A$1),533,,False,,ROW
Site_SUL,Q534,YEAR(N534),2024,,False,,YEAR
Site_SUL,A535,ROW()-ROW($A$1),534,,False,,ROW
Site_SUL,Q535,YEAR(N535),2024,,False,,YEAR
Site_SUL,A536,ROW()-ROW($A$1),535,,False,,ROW
Site_SUL,Q536,YEAR(N536),2024,,False,,YEAR
Site_SUL,A537,ROW()-ROW($A$1),536,,False,,ROW
Site_SUL,Q537,YEAR(N537),2024,,False,,YEAR
Site_SUL,A538,ROW()-ROW($A$1),537,,False,,ROW
Site_SUL,Q538,YEAR(N538),2024,,False,,YEAR
Site_SUL,A539,ROW()-ROW($A$1),538,,False,,ROW
Site_SUL,Q539,YEAR(N539),2024,,False,,YEAR
Site_SUL,A540,ROW()-ROW($A$1),539,,False,,ROW
Site_SUL,Q540,YEAR(N540),2024,,False,,YEAR
Site_SUL,A541,ROW()-ROW($A$1),540,,False,,ROW
Site_SUL,Q541,YEAR(N541),2024,,False,,YEAR
Site_SUL,A542,ROW()-ROW($A$1),541,,False,,ROW
Site_SUL,Q542,YEAR(N542),2024,,False,,YEAR
Site_SUL,A543,ROW()-ROW($A$1),542,,False,,ROW
Site_SUL,Q543,YEAR(N543),2024,,False,,YEAR
Site_SUL,A544,ROW()-ROW($A$1),543,,False,,ROW
Site_SUL,Q544,YEAR(N544),2024,,False,,YEAR
Site_SUL,A545,ROW()-ROW($A$1),544,,False,,ROW
Site_SUL,Q545,YEAR(N545),2024,,False,,YEAR
Site_SUL,A546,ROW()-ROW($A$1),545,,False,,ROW
Site_SUL,Q546,YEAR(N546),2024,,False,,YEAR
Site_SUL,A547,ROW()-ROW($A$1),546,,False,,ROW
Site_SUL,Q547,YEAR(N547),2024,,False,,YEAR
Site_SUL,A548,ROW()-ROW($A$1),547,,False,,ROW
Site_SUL,Q548,YEAR(N548),2024,,False,,YEAR
Site_SUL,A549,ROW()-ROW($A$1),548,,False,,ROW
Site_SUL,Q549,YEAR(N549),2024,,False,,YEAR
Site_SUL,A550,ROW()-ROW($A$1),549,,False,,ROW
Site_SUL,Q550,YEAR(N550),2024,,False,,YEAR
Site_SUL,A551,ROW()-ROW($A$1),550,,False,,ROW
Site_SUL,Q551,YEAR(N551),2024,,False,,YEAR
Site_SUL,A552,ROW()-ROW($A$1),551,,False,,ROW
Site_SUL,Q552,YEAR(N552),2024,,False,,YEAR
Site_SUL,A553,ROW()-ROW($A$1),552,,False,,ROW
Site_SUL,Q553,YEAR(N553),2024,,False,,YEAR
Site_SUL,A554,ROW()-ROW($A$1),553,,False,,ROW
Site_SUL,Q554,YEAR(N554),2024,,False,,YEAR
Site_SUL,A555,ROW()-ROW($A$1),554,,False,,ROW
Site_SUL,Q555,YEAR(N555),2024,,False,,YEAR
Site_SUL,A556,ROW()-ROW($A$1),555,,False,,ROW
Site_SUL,Q556,YEAR(N556),2024,,False,,YEAR
Site_SUL,A557,ROW()-ROW($A$1),556,,False,,ROW
Site_SUL,Q557,YEAR(N557),2024,,False,,YEAR
Site_SUL,A558,ROW()-ROW($A$1),557,,False,,ROW
Site_SUL,Q558,YEAR(N558),2024,,False,,YEAR
Site_SUL,A559,ROW()-ROW($A$1),558,,False,,ROW
Site_SUL,Q559,YEAR(N559),2024,,False,,YEAR
Site_SUL,A560,ROW()-ROW($A$1),559,,False,,ROW
Site_SUL,Q560,YEAR(N560),2024,,False,,YEAR
Site_SUL,A561,ROW()-ROW($A$1),560,,False,,ROW
Site_SUL,Q561,YEAR(N561),2024,,False,,YEAR
Site_SUL,A562,ROW()-ROW($A$1),561,,False,,ROW
Site_SUL,Q562,YEAR(N562),2024,,False,,YEAR
Site_SUL,A563,ROW()-ROW($A$1),562,,False,,ROW
Site_SUL,Q563,YEAR(N563),2024,,False,,YEAR
Site_SUL,A564,ROW()-ROW($A$1),563,,False,,ROW
Site_SUL,Q564,YEAR(N564),2024,,False,,YEAR
Site_SUL,A565,ROW()-ROW($A$1),564,,False,,ROW
Site_SUL,Q565,YEAR(N565),2024,,False,,YEAR
Site_SUL,A566,ROW()-ROW($A$1),565,,False,,ROW
Site_SUL,Q566,YEAR(N566),2024,,False,,YEAR
Site_SUL,A567,ROW()-ROW($A$1),566,,False,,ROW
Site_SUL,Q567,YEAR(N567),2024,,False,,YEAR
Site_SUL,A568,ROW()-ROW($A$1),567,,False,,ROW
Site_SUL,Q568,YEAR(N568),2024,,False,,YEAR
Site_SUL,A569,ROW()-ROW($A$1),568,,False,,ROW
Site_SUL,Q569,YEAR(N569),2024,,False,,YEAR
Site_SUL,A570,ROW()-ROW($A$1),569,,False,,ROW
Site_SUL,Q570,YEAR(N570),2024,,False,,YEAR
Site_SUL,A571,ROW()-ROW($A$1),570,,False,,ROW
Site_SUL,Q571,YEAR(N571),2024,,False,,YEAR
Site_SUL,A572,ROW()-ROW($A$1),571,,False,,ROW
Site_SUL,Q572,YEAR(N572),2024,,False,,YEAR
Site_SUL,A573,ROW()-ROW($A$1),572,,False,,ROW
Site_SUL,Q573,YEAR(N573),2024,,False,,YEAR
Site_SUL,A574,ROW()-ROW($A$1),573,,False,,ROW
Site_SUL,Q574,YEAR(N574),2024,,False,,YEAR
Site_SUL,A575,ROW()-ROW($A$1),574,,False,,ROW
Site_SUL,Q575,YEAR(N575),2024,,False,,YEAR
Site_SUL,A576,ROW()-ROW($A$1),575,,False,,ROW
Site_SUL,Q576,YEAR(N576),2024,,False,,YEAR
Site_SUL,A577,ROW()-ROW($A$1),576,,False,,ROW
Site_SUL,Q577,YEAR(N577),2024,,False,,YEAR
Site_SUL,A578,ROW()-ROW($A$1),577,,False,,ROW
Site_SUL,Q578,YEAR(N578),2024,,False,,YEAR
Site_SUL,A579,ROW()-ROW($A$1),578,,False,,ROW
Site_SUL,Q579,YEAR(N579),2024,,False,,YEAR
Site_SUL,A580,ROW()-ROW($A$1),579,,False,,ROW
Site_SUL,Q580,YEAR(N580),2024,,False,,YEAR
Site_SUL,A581,ROW()-ROW($A$1),580,,False,,ROW
Site_SUL,Q581,YEAR(N581),2024,,False,,YEAR
Site_SUL,A582,ROW()-ROW($A$1),581,,False,,ROW
Site_SUL,Q582,YEAR(N582),2024,,False,,YEAR
Site_SUL,A583,ROW()-ROW($A$1),582,,False,,ROW
Site_SUL,Q583,YEAR(N583),2024,,False,,YEAR
Site_SUL,A584,ROW()-ROW($A$1),583,,False,,ROW
Site_SUL,Q584,YEAR(N584),2024,,False,,YEAR
Site_SUL,A585,ROW()-ROW($A$1),584,,False,,ROW
Site_SUL,Q585,YEAR(N585),2024,,False,,YEAR
Site_SUL,A586,ROW()-ROW($A$1),585,,False,,ROW
Site_SUL,Q586,YEAR(N586),2024,,False,,YEAR
Site_SUL,A587,ROW()-ROW($A$1),586,,False,,ROW
Site_SUL,Q587,YEAR(N587),2024,,False,,YEAR
Site_SUL,A588,ROW()-ROW($A$1),587,,False,,ROW
Site_SUL,Q588,YEAR(N588),2024,,False,,YEAR
Site_SUL,A589,ROW()-ROW($A$1),588,,False,,ROW
Site_SUL,Q589,YEAR(N589),2024,,False,,YEAR
Site_SUL,A590,ROW()-ROW($A$1),589,,False,,ROW
Site_SUL,Q590,YEAR(N590),2024,,False,,YEAR
Site_SUL,A591,ROW()-ROW($A$1),590,,False,,ROW
Site_SUL,Q591,YEAR(N591),2024,,False,,YEAR
Site_SUL,A592,ROW()-ROW($A$1),591,,False,,ROW
Site_SUL,Q592,YEAR(N592),2024,,False,,YEAR
Site_SUL,A593,ROW()-ROW($A$1),592,,False,,ROW
Site_SUL,Q593,YEAR(N593),2024,,False,,YEAR
Site_SUL,A594,ROW()-ROW($A$1),593,,False,,ROW
Site_SUL,Q594,YEAR(N594),2024,,False,,YEAR
Site_SUL,A595,ROW()-ROW($A$1),594,,False,,ROW
Site_SUL,Q595,YEAR(N595),2024,,False,,YEAR
Site_SUL,A596,ROW()-ROW($A$1),595,,False,,ROW
Site_SUL,Q596,YEAR(N596),2024,,False,,YEAR
Site_SUL,A597,ROW()-ROW($A$1),596,,False,,ROW
Site_SUL,Q597,YEAR(N597),2024,,False,,YEAR
Site_SUL,A598,ROW()-ROW($A$1),597,,False,,ROW
Site_SUL,Q598,YEAR(N598),2024,,False,,YEAR
Site_SUL,A599,ROW()-ROW($A$1),598,,False,,ROW
Site_SUL,Q599,YEAR(N599),2024,,False,,YEAR
Site_SUL,A600,ROW()-ROW($A$1),599,,False,,ROW
Site_SUL,Q600,YEAR(N600),2024,,False,,YEAR
Site_SUL,A601,ROW()-ROW($A$1),600,,False,,ROW
Site_SUL,Q601,YEAR(N601),2024,,False,,YEAR
Site_SUL,A602,ROW()-ROW($A$1),601,,False,,ROW
Site_SUL,Q602,YEAR(N602),2024,,False,,YEAR
Site_SUL,A603,ROW()-ROW($A$1),602,,False,,ROW
Site_SUL,Q603,YEAR(N603),2024,,False,,YEAR
Site_SUL,A604,ROW()-ROW($A$1),603,,False,,ROW
Site_SUL,Q604,YEAR(N604),2024,,False,,YEAR
Site_SUL,A605,ROW()-ROW($A$1),604,,False,,ROW
Site_SUL,Q605,YEAR(N605),2024,,False,,YEAR
Site_SUL,A606,ROW()-ROW($A$1),605,,False,,ROW
Site_SUL,Q606,YEAR(N606),2024,,False,,YEAR
Site_SUL,A607,ROW()-ROW($A$1),606,,False,,ROW
Site_SUL,Q607,YEAR(N607),2024,,False,,YEAR
Site_SUL,A608,ROW()-ROW($A$1),607,,False,,ROW
Site_SUL,Q608,YEAR(N608),2024,,False,,YEAR
Site_SUL,A609,ROW()-ROW($A$1),608,,False,,ROW
Site_SUL,Q609,YEAR(N609),2024,,False,,YEAR
Site_SUL,A610,ROW()-ROW($A$1),609,,False,,ROW
Site_SUL,Q610,YEAR(N610),2024,,False,,YEAR
Site_SUL,A611,ROW()-ROW($A$1),610,,False,,ROW
Site_SUL,Q611,YEAR(N611),2024,,False,,YEAR
Site_SUL,A612,ROW()-ROW($A$1),611,,False,,ROW
Site_SUL,Q612,YEAR(N612),2024,,False,,YEAR
Site_SUL,A613,ROW()-ROW($A$1),612,,False,,ROW
Site_SUL,Q613,YEAR(N613),2024,,False,,YEAR
Site_SUL,A614,ROW()-ROW($A$1),613,,False,,ROW
Site_SUL,Q614,YEAR(N614),2024,,False,,YEAR
Site_SUL,A615,ROW()-ROW($A$1),614,,False,,ROW
Site_SUL,Q615,YEAR(N615),2024,,False,,YEAR
Site_SUL,A616,ROW()-ROW($A$1),615,,False,,ROW
Site_SUL,Q616,YEAR(N616),2024,,False,,YEAR
Site_SUL,A617,ROW()-ROW($A$1),616,,False,,ROW
Site_SUL,Q617,YEAR(N617),2024,,False,,YEAR
Site_SUL,A618,ROW()-ROW($A$1),617,,False,,ROW
Site_SUL,Q618,YEAR(N618),2024,,False,,YEAR
Site_SUL,A619,ROW()-ROW($A$1),618,,False,,ROW
Site_SUL,Q619,YEAR(N619),2024,,False,,YEAR
Site_SUL,A620,ROW()-ROW($A$1),619,,False,,ROW
Site_SUL,Q620,YEAR(N620),2024,,False,,YEAR
Site_SUL,A621,ROW()-ROW($A$1),620,,False,,ROW
Site_SUL,Q621,YEAR(N621),2024,,False,,YEAR
Site_SUL,A622,ROW()-ROW($A$1),621,,False,,ROW
Site_SUL,Q622,YEAR(N622),2024,,False,,YEAR
Site_SUL,A623,ROW()-ROW($A$1),622,,False,,ROW
Site_SUL,Q623,YEAR(N623),2024,,False,,YEAR
Site_SUL,A624,ROW()-ROW($A$1),623,,False,,ROW
Site_SUL,Q624,YEAR(N624),2024,,False,,YEAR
Site_SUL,A625,ROW()-ROW($A$1),624,,False,,ROW
Site_SUL,Q625,YEAR(N625),2024,,False,,YEAR
Site_SUL,A626,ROW()-ROW($A$1),625,,False,,ROW
Site_SUL,Q626,YEAR(N626),2024,,False,,YEAR
Site_SUL,A627,ROW()-ROW($A$1),626,,False,,ROW
Site_SUL,Q627,YEAR(N627),2024,,False,,YEAR
Site_SUL,A628,ROW()-ROW($A$1),627,,False,,ROW
Site_SUL,Q628,YEAR(N628),2024,,False,,YEAR
Site_SUL,A629,ROW()-ROW($A$1),628,,False,,ROW
Site_SUL,Q629,YEAR(N629),2024,,False,,YEAR
Site_SUL,A630,ROW()-ROW($A$1),629,,False,,ROW
Site_SUL,Q630,YEAR(N630),2024,,False,,YEAR
Site_SUL,A631,ROW()-ROW($A$1),630,,False,,ROW
Site_SUL,Q631,YEAR(N631),2024,,False,,YEAR
Site_SUL,A632,ROW()-ROW($A$1),631,,False,,ROW
Site_SUL,Q632,YEAR(N632),2024,,False,,YEAR
Site_SUL,A633,ROW()-ROW($A$1),632,,False,,ROW
Site_SUL,Q633,YEAR(N633),2024,,False,,YEAR
Site_SUL,A634,ROW()-ROW($A$1),633,,False,,ROW
Site_SUL,Q634,YEAR(N634),2024,,False,,YEAR
Site_SUL,A635,ROW()-ROW($A$1),634,,False,,ROW
Site_SUL,Q635,YEAR(N635),2024,,False,,YEAR
Site_SUL,A636,ROW()-ROW($A$1),635,,False,,ROW
Site_SUL,Q636,YEAR(N636),2024,,False,,YEAR
Site_SUL,A637,ROW()-ROW($A$1),636,,False,,ROW
Site_SUL,Q637,YEAR(N637),2024,,False,,YEAR
Site_SUL,A638,ROW()-ROW($A$1),637,,False,,ROW
Site_SUL,Q638,YEAR(N638),2024,,False,,YEAR
Site_SUL,A639,ROW()-ROW($A$1),638,,False,,ROW
Site_SUL,Q639,YEAR(N639),2024,,False,,YEAR
Site_SUL,A640,ROW()-ROW($A$1),639,,False,,ROW
Site_SUL,Q640,YEAR(N640),2024,,False,,YEAR
Site_SUL,A641,ROW()-ROW($A$1),640,,False,,ROW
Site_SUL,Q641,YEAR(N641),2024,,False,,YEAR
Site_SUL,A642,ROW()-ROW($A$1),641,,False,,ROW
Site_SUL,Q642,YEAR(N642),2024,,False,,YEAR
Site_SUL,A643,ROW()-ROW($A$1),642,,False,,ROW
Site_SUL,Q643,YEAR(N643),2024,,False,,YEAR
Site_SUL,A644,ROW()-ROW($A$1),643,,False,,ROW
Site_SUL,Q644,YEAR(N644),2024,,False,,YEAR
Site_SUL,A645,ROW()-ROW($A$1),644,,False,,ROW
Site_SUL,Q645,YEAR(N645),2024,,False,,YEAR
Site_SUL,A646,ROW()-ROW($A$1),645,,False,,ROW
Site_SUL,Q646,YEAR(N646),2024,,False,,YEAR
Site_SUL,A647,ROW()-ROW($A$1),646,,False,,ROW
Site_SUL,Q647,YEAR(N647),2024,,False,,YEAR
Site_SUL,A648,ROW()-ROW($A$1),647,,False,,ROW
Site_SUL,Q648,YEAR(N648),2024,,False,,YEAR
Site_SUL,A649,ROW()-ROW($A$1),648,,False,,ROW
Site_SUL,Q649,YEAR(N649),2024,,False,,YEAR
Site_SUL,A650,ROW()-ROW($A$1),649,,False,,ROW
Site_SUL,Q650,YEAR(N650),2024,,False,,YEAR
Site_SUL,A651,ROW()-ROW($A$1),650,,False,,ROW
Site_SUL,Q651,YEAR(N651),2024,,False,,YEAR
Site_SUL,A652,ROW()-ROW($A$1),651,,False,,ROW
Site_SUL,Q652,YEAR(N652),2024,,False,,YEAR
Site_SUL,A653,ROW()-ROW($A$1),652,,False,,ROW
Site_SUL,Q653,YEAR(N653),2024,,False,,YEAR
Site_SUL,A654,ROW()-ROW($A$1),653,,False,,ROW
Site_SUL,Q654,YEAR(N654),2024,,False,,YEAR
Site_SUL,A655,ROW()-ROW($A$1),654,,False,,ROW
Site_SUL,Q655,YEAR(N655),2024,,False,,YEAR
Site_SUL,A656,ROW()-ROW($A$1),655,,False,,ROW
Site_SUL,Q656,YEAR(N656),2024,,False,,YEAR
Site_SUL,A657,ROW()-ROW($A$1),656,,False,,ROW
Site_SUL,Q657,YEAR(N657),2024,,False,,YEAR
Site_SUL,A658,ROW()-ROW($A$1),657,,False,,ROW
Site_SUL,Q658,YEAR(N658),2024,,False,,YEAR
Site_SUL,A659,ROW()-ROW($A$1),658,,False,,ROW
Site_SUL,Q659,YEAR(N659),2024,,False,,YEAR
Site_SUL,A660,ROW()-ROW($A$1),659,,False,,ROW
Site_SUL,Q660,YEAR(N660),2024,,False,,YEAR
Site_SUL,A661,ROW()-ROW($A$1),660,,False,,ROW
Site_SUL,Q661,YEAR(N661),2024,,False,,YEAR
Site_SUL,A662,ROW()-ROW($A$1),661,,False,,ROW
Site_SUL,Q662,YEAR(N662),2024,,False,,YEAR
Site_SUL,A663,ROW()-ROW($A$1),662,,False,,ROW
Site_SUL,Q663,YEAR(N663),2024,,False,,YEAR
Site_SUL,A664,ROW()-ROW($A$1),663,,False,,ROW
Site_SUL,Q664,YEAR(N664),2024,,False,,YEAR
Site_SUL,A665,ROW()-ROW($A$1),664,,False,,ROW
Site_SUL,Q665,YEAR(N665),2024,,False,,YEAR
Site_SUL,A666,ROW()-ROW($A$1),665,,False,,ROW
Site_SUL,Q666,YEAR(N666),2024,,False,,YEAR
Site_SUL,A667,ROW()-ROW($A$1),666,,False,,ROW
Site_SUL,Q667,YEAR(N667),2024,,False,,YEAR
Site_SUL,A668,ROW()-ROW($A$1),667,,False,,ROW
Site_SUL,Q668,YEAR(N668),2024,,False,,YEAR
Site_SUL,A669,ROW()-ROW($A$1),668,,False,,ROW
Site_SUL,Q669,YEAR(N669),2024,,False,,YEAR
Site_SUL,A670,ROW()-ROW($A$1),669,,False,,ROW
Site_SUL,Q670,YEAR(N670),2024,,False,,YEAR
Site_SUL,A671,ROW()-ROW($A$1),670,,False,,ROW
Site_SUL,Q671,YEAR(N671),2024,,False,,YEAR
Site_SUL,A672,ROW()-ROW($A$1),671,,False,,ROW
Site_SUL,Q672,YEAR(N672),2024,,False,,YEAR
Site_SUL,A673,ROW()-ROW($A$1),672,,False,,ROW
Site_SUL,Q673,YEAR(N673),2024,,False,,YEAR
Site_SUL,A674,ROW()-ROW($A$1),673,,False,,ROW
Site_SUL,Q674,YEAR(N674),2024,,False,,YEAR
Site_SUL,A675,ROW()-ROW($A$1),674,,False,,ROW
Site_SUL,Q675,YEAR(N675),2024,,False,,YEAR
Site_SUL,A676,ROW()-ROW($A$1),675,,False,,ROW
Site_SUL,Q676,YEAR(N676),2024,,False,,YEAR
Site_SUL,A677,ROW()-ROW($A$1),676,,False,,ROW
Site_SUL,Q677,YEAR(N677),2024,,False,,YEAR
Site_SUL,A678,ROW()-ROW($A$1),677,,False,,ROW
Site_SUL,Q678,YEAR(N678),2024,,False,,YEAR
Site_SUL,A679,ROW()-ROW($A$1),678,,False,,ROW
Site_SUL,Q679,YEAR(N679),2024,,False,,YEAR
Site_SUL,A680,ROW()-ROW($A$1),679,,False,,ROW
Site_SUL,Q680,YEAR(N680),2024,,False,,YEAR
Site_SUL,A681,ROW()-ROW($A$1),680,,False,,ROW
Site_SUL,Q681,YEAR(N681),2024,,False,,YEAR
Site_SUL,A682,ROW()-ROW($A$1),681,,False,,ROW
Site_SUL,Q682,YEAR(N682),2024,,False,,YEAR
Site_SUL,A683,ROW()-ROW($A$1),682,,False,,ROW
Site_SUL,Q683,YEAR(N683),2024,,False,,YEAR
Site_SUL,A684,ROW()-ROW($A$1),683,,False,,ROW
Site_SUL,Q684,YEAR(N684),2024,,False,,YEAR
Site_SUL,A685,ROW()-ROW($A$1),684,,False,,ROW
Site_SUL,Q685,YEAR(N685),2024,,False,,YEAR
Site_SUL,A686,ROW()-ROW($A$1),685,,False,,ROW
Site_SUL,Q686,YEAR(N686),2024,,False,,YEAR
Site_SUL,A687,ROW()-ROW($A$1),686,,False,,ROW
Site_SUL,Q687,YEAR(N687),2024,,False,,YEAR
Site_SUL,A688,ROW()-ROW($A$1),687,,False,,ROW
Site_SUL,Q688,YEAR(N688),2024,,False,,YEAR
Site_SUL,A689,ROW()-ROW($A$1),688,,False,,ROW
Site_SUL,Q689,YEAR(N689),2024,,False,,YEAR
Site_SUL,A690,ROW()-ROW($A$1),689,,False,,ROW
Site_SUL,Q690,YEAR(N690),2024,,False,,YEAR
Site_SUL,A691,ROW()-ROW($A$1),690,,False,,ROW
Site_SUL,Q691,YEAR(N691),2024,,False,,YEAR
Site_SUL,A692,ROW()-ROW($A$1),691,,False,,ROW
Site_SUL,Q692,YEAR(N692),2024,,False,,YEAR
Site_SUL,A693,ROW()-ROW($A$1),692,,False,,ROW
Site_SUL,Q693,YEAR(N693),2024,,False,,YEAR
Site_SUL,A694,ROW()-ROW($A$1),693,,False,,ROW
Site_SUL,Q694,YEAR(N694),2024,,False,,YEAR
Site_SUL,A695,ROW()-ROW($A$1),694,,False,,ROW
Site_SUL,Q695,YEAR(N695),2024,,False,,YEAR
Site_SUL,A696,ROW()-ROW($A$1),695,,False,,ROW
Site_SUL,Q696,YEAR(N696),2024,,False,,YEAR
Site_SUL,A697,ROW()-ROW($A$1),696,,False,,ROW
Site_SUL,Q697,YEAR(N697),2024,,False,,YEAR
Site_SUL,A698,ROW()-ROW($A$1),697,,False,,ROW
Site_SUL,Q698,YEAR(N698),2024,,False,,YEAR
Site_SUL,A699,ROW()-ROW($A$1),698,,False,,ROW
Site_SUL,Q699,YEAR(N699),2024,,False,,YEAR
Site_SUL,A700,ROW()-ROW($A$1),699,,False,,ROW
Site_SUL,Q700,YEAR(N700),2024,,False,,YEAR
Site_SUL,A701,ROW()-ROW($A$1),700,,False,,ROW
Site_SUL,Q701,YEAR(N701),2024,,False,,YEAR
Site_SUL,A702,ROW()-ROW($A$1),701,,False,,ROW
Site_SUL,Q702,YEAR(N702),2024,,False,,YEAR
Site_SUL,A703,ROW()-ROW($A$1),702,,False,,ROW
Site_SUL,Q703,YEAR(N703),2024,,False,,YEAR
Site_SUL,A704,ROW()-ROW($A$1),703,,False,,ROW
Site_SUL,Q704,YEAR(N704),2024,,False,,YEAR
Site_SUL,A705,ROW()-ROW($A$1),704,,False,,ROW
Site_SUL,Q705,YEAR(N705),2024,,False,,YEAR
Site_SUL,A706,ROW()-ROW($A$1),705,,False,,ROW
Site_SUL,Q706,YEAR(N706),2024,,False,,YEAR
Site_SUL,A707,ROW()-ROW($A$1),706,,False,,ROW
Site_SUL,Q707,YEAR(N707),2024,,False,,YEAR
Site_SUL,A708,ROW()-ROW($A$1),707,,False,,ROW
Site_SUL,Q708,YEAR(N708),2024,,False,,YEAR
Site_SUL,A709,ROW()-ROW($A$1),708,,False,,ROW
Site_SUL,Q709,YEAR(N709),2024,,False,,YEAR
Site_SUL,A710,ROW()-ROW($A$1),709,,False,,ROW
Site_SUL,Q710,YEAR(N710),2024,,False,,YEAR
Site_SUL,A711,ROW()-ROW($A$1),710,,False,,ROW
Site_SUL,Q711,YEAR(N711),2024,,False,,YEAR
Site_SUL,A712,ROW()-ROW($A$1),711,,False,,ROW
Site_SUL,Q712,YEAR(N712),2024,,False,,YEAR
Site_SUL,A713,ROW()-ROW($A$1),712,,False,,ROW
Site_SUL,Q713,YEAR(N713),2024,,False,,YEAR
Site_SUL,A714,ROW()-ROW($A$1),713,,False,,ROW
Site_SUL,Q714,YEAR(N714),2024,,False,,YEAR
Site_SUL,A715,ROW()-ROW($A$1),714,,False,,ROW
Site_SUL,Q715,YEAR(N715),2024,,False,,YEAR
Site_SUL,A716,ROW()-ROW($A$1),715,,False,,ROW
Site_SUL,Q716,YEAR(N716),2024,,False,,YEAR
Site_SUL,A717,ROW()-ROW($A$1),716,,False,,ROW
Site_SUL,Q717,YEAR(N717),2024,,False,,YEAR
Site_SUL,A718,ROW()-ROW($A$1),717,,False,,ROW
Site_SUL,Q718,YEAR(N718),2024,,False,,YEAR
Site_SUL,A719,ROW()-ROW($A$1),718,,False,,ROW
Site_SUL,Q719,YEAR(N719),2024,,False,,YEAR
Site_SUL,A720,ROW()-ROW($A$1),719,,False,,ROW
Site_SUL,Q720,YEAR(N720),2024,,False,,YEAR
Site_SUL,A721,ROW()-ROW($A$1),720,,False,,ROW
Site_SUL,Q721,YEAR(N721),2024,,False,,YEAR
Site_SUL,A722,ROW()-ROW($A$1),721,,False,,ROW
Site_SUL,Q722,YEAR(N722),2024,,False,,YEAR
Site_SUL,A723,ROW()-ROW($A$1),722,,False,,ROW
Site_SUL,Q723,YEAR(N723),2024,,False,,YEAR
Site_SUL,A724,ROW()-ROW($A$1),723,,False,,ROW
Site_SUL,Q724,YEAR(N724),2024,,False,,YEAR
Site_SUL,A725,ROW()-ROW($A$1),724,,False,,ROW
Site_SUL,Q725,YEAR(N725),2024,,False,,YEAR
Site_SUL,A726,ROW()-ROW($A$1),725,,False,,ROW
Site_SUL,Q726,YEAR(N726),2024,,False,,YEAR
Site_SUL,A727,ROW()-ROW($A$1),726,,False,,ROW
Site_SUL,Q727,YEAR(N727),2024,,False,,YEAR
Site_SUL,A728,ROW()-ROW($A$1),727,,False,,ROW
Site_SUL,Q728,YEAR(N728),2024,,False,,YEAR
Site_SUL,A729,ROW()-ROW($A$1),728,,False,,ROW
Site_SUL,Q729,YEAR(N729),2024,,False,,YEAR
Site_SUL,A730,ROW()-ROW($A$1),729,,False,,ROW
Site_SUL,Q730,YEAR(N730),2024,,False,,YEAR
Site_SUL,A731,ROW()-ROW($A$1),730,,False,,ROW
Site_SUL,Q731,YEAR(N731),2024,,False,,YEAR
Site_SUL,A732,ROW()-ROW($A$1),731,,False,,ROW
Site_SUL,Q732,YEAR(N732),2024,,False,,YEAR
Site_SUL,A733,ROW()-ROW($A$1),732,,False,,ROW
Site_SUL,Q733,YEAR(N733),2024,,False,,YEAR
Site_SUL,A734,ROW()-ROW($A$1),733,,False,,ROW
Site_SUL,Q734,YEAR(N734),2024,,False,,YEAR
Site_SUL,A735,ROW()-ROW($A$1),734,,False,,ROW
Site_SUL,Q735,YEAR(N735),2024,,False,,YEAR
Site_SUL,A736,ROW()-ROW($A$1),735,,False,,ROW
Site_SUL,Q736,YEAR(N736),2024,,False,,YEAR
Site_SUL,A737,ROW()-ROW($A$1),736,,False,,ROW
Site_SUL,Q737,YEAR(N737),2024,,False,,YEAR
Site_SUL,A738,ROW()-ROW($A$1),737,,False,,ROW
Site_SUL,Q738,YEAR(N738),2024,,False,,YEAR
Site_SUL,A739,ROW()-ROW($A$1),738,,False,,ROW
Site_SUL,Q739,YEAR(N739),2024,,False,,YEAR
Site_SUL,A740,ROW()-ROW($A$1),739,,False,,ROW
Site_SUL,Q740,YEAR(N740),2024,,False,,YEAR
Site_SUL,A741,ROW()-ROW($A$1),740,,False,,ROW
Site_SUL,Q741,YEAR(N741),2024,,False,,YEAR
Site_SUL,A742,ROW()-ROW($A$1),741,,False,,ROW
Site_SUL,Q742,YEAR(N742),2024,,False,,YEAR
Site_SUL,A743,ROW()-ROW($A$1),742,,False,,ROW
Site_SUL,Q743,YEAR(N743),2024,,False,,YEAR
Site_SUL,A744,ROW()-ROW($A$1),743,,False,,ROW
Site_SUL,Q744,YEAR(N744),2024,,False,,YEAR
Site_SUL,A745,ROW()-ROW($A$1),744,,False,,ROW
Site_SUL,Q745,YEAR(N745),2024,,False,,YEAR
Site_SUL,A746,ROW()-ROW($A$1),745,,False,,ROW
Site_SUL,Q746,YEAR(N746),2024,,False,,YEAR
Site_SUL,A747,ROW()-ROW($A$1),746,,False,,ROW
Site_SUL,Q747,YEAR(N747),2024,,False,,YEAR
Site_SUL,A748,ROW()-ROW($A$1),747,,False,,ROW
Site_SUL,Q748,YEAR(N748),2024,,False,,YEAR
Site_SUL,A749,ROW()-ROW($A$1),748,,False,,ROW
Site_SUL,Q749,YEAR(N749),2024,,False,,YEAR
Site_SUL,A750,ROW()-ROW($A$1),749,,False,,ROW
Site_SUL,Q750,YEAR(N750),2024,,False,,YEAR
Site_SUL,A751,ROW()-ROW($A$1),750,,False,,ROW
Site_SUL,Q751,YEAR(N751),2024,,False,,YEAR
Site_SUL,A752,ROW()-ROW($A$1),751,,False,,ROW
Site_SUL,Q752,YEAR(N752),2024,,False,,YEAR
Site_SUL,A753,ROW()-ROW($A$1),752,,False,,ROW
Site_SUL,Q753,YEAR(N753),2024,,False,,YEAR
Site_SUL,A754,ROW()-ROW($A$1),753,,False,,ROW
Site_SUL,Q754,YEAR(N754),2024,,False,,YEAR
Site_SUL,A755,ROW()-ROW($A$1),754,,False,,ROW
Site_SUL,Q755,YEAR(N755),2024,,False,,YEAR
Site_SUL,A756,ROW()-ROW($A$1),755,,False,,ROW
Site_SUL,Q756,YEAR(N756),2024,,False,,YEAR
Site_SUL,A757,ROW()-ROW($A$1),756,,False,,ROW
Site_SUL,Q757,YEAR(N757),2024,,False,,YEAR
Site_SUL,A758,ROW()-ROW($A$1),757,,False,,ROW
Site_SUL,Q758,YEAR(N758),2024,,False,,YEAR
Site_SUL,A759,ROW()-ROW($A$1),758,,False,,ROW
Site_SUL,Q759,YEAR(N759),2024,,False,,YEAR
Site_SUL,A760,ROW()-ROW($A$1),759,,False,,ROW
Site_SUL,Q760,YEAR(N760),2024,,False,,YEAR
Site_SUL,A761,ROW()-ROW($A$1),760,,False,,ROW
Site_SUL,Q761,YEAR(N761),2024,,False,,YEAR
Site_SUL,A762,ROW()-ROW($A$1),761,,False,,ROW
Site_SUL,Q762,YEAR(N762),2024,,False,,YEAR
Site_SUL,A763,ROW()-ROW($A$1),762,,False,,ROW
Site_SUL,Q763,YEAR(N763),2024,,False,,YEAR
Site_SUL,A764,ROW()-ROW($A$1),763,,False,,ROW
Site_SUL,Q764,YEAR(N764),2024,,False,,YEAR
Site_SUL,A765,ROW()-ROW($A$1),764,,False,,ROW
Site_SUL,Q765,YEAR(N765),2024,,False,,YEAR
Site_SUL,A766,ROW()-ROW($A$1),765,,False,,ROW
Site_SUL,Q766,YEAR(N766),2024,,False,,YEAR
Site_SUL,A767,ROW()-ROW($A$1),766,,False,,ROW
Site_SUL,Q767,YEAR(N767),2024,,False,,YEAR
Site_SUL,A768,ROW()-ROW($A$1),767,,False,,ROW
Site_SUL,Q768,YEAR(N768),2024,,False,,YEAR
Site_SUL,A769,ROW()-ROW($A$1),768,,False,,ROW
Site_SUL,Q769,YEAR(N769),2024,,False,,YEAR
Site_SUL,A770,ROW()-ROW($A$1),769,,False,,ROW
Site_SUL,Q770,YEAR(N770),2024,,False,,YEAR
Site_SUL,A771,ROW()-ROW($A$1),770,,False,,ROW
Site_SUL,Q771,YEAR(N771),2024,,False,,YEAR
Site_SUL,A772,ROW()-ROW($A$1),771,,False,,ROW
Site_SUL,Q772,YEAR(N772),2024,,False,,YEAR
Site_SUL,A773,ROW()-ROW($A$1),772,,False,,ROW
Site_SUL,Q773,YEAR(N773),2024,,False,,YEAR
Site_SUL,A774,ROW()-ROW($A$1),773,,False,,ROW
Site_SUL,Q774,YEAR(N774),2024,,False,,YEAR
Site_SUL,A775,ROW()-ROW($A$1),774,,False,,ROW
Site_SUL,Q775,YEAR(N775),2024,,False,,YEAR
Site_SUL,A776,ROW()-ROW($A$1),775,,False,,ROW
Site_SUL,Q776,YEAR(N776),2024,,False,,YEAR
Site_SUL,A777,ROW()-ROW($A$1),776,,False,,ROW
Site_SUL,Q777,YEAR(N777),2024,,False,,YEAR
Site_SUL,A778,ROW()-ROW($A$1),777,,False,,ROW
Site_SUL,Q778,YEAR(N778),2024,,False,,YEAR
Site_SUL,A779,ROW()-ROW($A$1),778,,False,,ROW
Site_SUL,Q779,YEAR(N779),2024,,False,,YEAR
Site_SUL,A780,ROW()-ROW($A$1),779,,False,,ROW
Site_SUL,Q780,YEAR(N780),2024,,False,,YEAR
Site_SUL,A781,ROW()-ROW($A$1),780,,False,,ROW
Site_SUL,Q781,YEAR(N781),2024,,False,,YEAR
Site_SUL,A782,ROW()-ROW($A$1),781,,False,,ROW
Site_SUL,Q782,YEAR(N782),2024,,False,,YEAR
Site_SUL,A783,ROW()-ROW($A$1),782,,False,,ROW
Site_SUL,Q783,YEAR(N783),2025,,False,,YEAR
Site_SUL,A784,ROW()-ROW($A$1),783,,False,,ROW
Site_SUL,Q784,YEAR(N784),2024,,False,,YEAR
Site_SUL,A785,ROW()-ROW($A$1),784,,False,,ROW
Site_SUL,Q785,YEAR(N785),2025,,False,,YEAR
Site_SUL,A786,ROW()-ROW($A$1),785,,False,,ROW
Site_SUL,Q786,YEAR(N786),2024,,False,,YEAR
Site_SUL,A787,ROW()-ROW($A$1),786,,False,,ROW
Site_SUL,Q787,YEAR(N787),2024,,False,,YEAR
Site_SUL,A788,ROW()-ROW($A$1),787,,False,,ROW
Site_SUL,Q788,YEAR(N788),2024,,False,,YEAR
Site_SUL,A789,ROW()-ROW($A$1),788,,False,,ROW
Site_SUL,Q789,YEAR(N789),2024,,False,,YEAR
Site_SUL,A790,ROW()-ROW($A$1),789,,False,,ROW
Site_SUL,Q790,YEAR(N790),2024,,False,,YEAR
Site_SUL,A791,ROW()-ROW($A$1),790,,False,,ROW
Site_SUL,Q791,YEAR(N791),2024,,False,,YEAR
Site_SUL,A792,ROW()-ROW($A$1),791,,False,,ROW
Site_SUL,Q792,YEAR(N792),2024,,False,,YEAR
Site_SUL,A793,ROW()-ROW($A$1),792,,False,,ROW
Site_SUL,Q793,YEAR(N793),2024,,False,,YEAR
Site_SUL,A794,ROW()-ROW($A$1),793,,False,,ROW
Site_SUL,Q794,YEAR(N794),2024,,False,,YEAR
Site_SUL,A795,ROW()-ROW($A$1),794,,False,,ROW
Site_SUL,Q795,YEAR(N795),2024,,False,,YEAR
Site_SUL,A796,ROW()-ROW($A$1),795,,False,,ROW
Site_SUL,Q796,YEAR(N796),2024,,False,,YEAR
Site_SUL,A797,ROW()-ROW($A$1),796,,False,,ROW
Site_SUL,Q797,YEAR(N797),2024,,False,,YEAR
Site_SUL,A798,ROW()-ROW($A$1),797,,False,,ROW
Site_SUL,Q798,YEAR(N798),2024,,False,,YEAR
Site_SUL,A799,ROW()-ROW($A$1),798,,False,,ROW
Site_SUL,Q799,YEAR(N799),2024,,False,,YEAR
Site_SUL,A800,ROW()-ROW($A$1),799,,False,,ROW
Site_SUL,Q800,YEAR(N800),2025,,False,,YEAR
Site_SUL,A801,ROW()-ROW($A$1),800,,False,,ROW
Site_SUL,Q801,YEAR(N801),2024,,False,,YEAR
Site_SUL,A802,ROW()-ROW($A$1),801,,False,,ROW
Site_SUL,Q802,YEAR(N802),2024,,False,,YEAR
Site_SUL,A803,ROW()-ROW($A$1),802,,False,,ROW
Site_SUL,Q803,YEAR(N803),2024,,False,,YEAR
Site_SUL,A804,ROW()-ROW($A$1),803,,False,,ROW
Site_SUL,Q804,YEAR(N804),2024,,False,,YEAR
Site_SUL,A805,ROW()-ROW($A$1),804,,False,,ROW
Site_SUL,Q805,YEAR(N805),2024,,False,,YEAR
Site_SUL,A806,ROW()-ROW($A$1),805,,False,,ROW
Site_SUL,Q806,YEAR(N806),2024,,False,,YEAR
Site_SUL,A807,ROW()-ROW($A$1),806,,False,,ROW
Site_SUL,Q807,YEAR(N807),2024,,False,,YEAR
Site_SUL,A808,ROW()-ROW($A$1),807,,False,,ROW
Site_SUL,Q808,YEAR(N808),2024,,False,,YEAR
Site_SUL,A809,ROW()-ROW($A$1),808,,False,,ROW
Site_SUL,Q809,YEAR(N809),2024,,False,,YEAR
Site_SUL,A810,ROW()-ROW($A$1),809,,False,,ROW
Site_SUL,Q810,YEAR(N810),2024,,False,,YEAR
Site_SUL,A811,ROW()-ROW($A$1),810,,False,,ROW
Site_SUL,Q811,YEAR(N811),2024,,False,,YEAR
Site_SUL,A812,ROW()-ROW($A$1),811,,False,,ROW
Site_SUL,Q812,YEAR(N812),2024,,False,,YEAR
Site_SUL,A813,ROW()-ROW($A$1),812,,False,,ROW
Site_SUL,Q813,YEAR(N813),2024,,False,,YEAR
Site_SUL,A814,ROW()-ROW($A$1),813,,False,,ROW
Site_SUL,Q814,YEAR(N814),2024,,False,,YEAR
Site_SUL,A815,ROW()-ROW($A$1),814,,False,,ROW
Site_SUL,Q815,YEAR(N815),2024,,False,,YEAR
Site_SUL,A816,ROW()-ROW($A$1),815,,False,,ROW
Site_SUL,Q816,YEAR(N816),2024,,False,,YEAR
Site_SUL,A817,ROW()-ROW($A$1),816,,False,,ROW
Site_SUL,Q817,YEAR(N817),2024,,False,,YEAR
Site_SUL,A818,ROW()-ROW($A$1),817,,False,,ROW
Site_SUL,Q818,YEAR(N818),2024,,False,,YEAR
Site_SUL,A819,ROW()-ROW($A$1),818,,False,,ROW
Site_SUL,Q819,YEAR(N819),2024,,False,,YEAR
Site_SUL,A820,ROW()-ROW($A$1),819,,False,,ROW
Site_SUL,Q820,YEAR(N820),2024,,False,,YEAR
Site_SUL,A821,ROW()-ROW($A$1),820,,False,,ROW
Site_SUL,Q821,YEAR(N821),2024,,False,,YEAR
Site_SUL,A822,ROW()-ROW($A$1),821,,False,,ROW
Site_SUL,Q822,YEAR(N822),2024,,False,,YEAR
Site_SUL,A823,ROW()-ROW($A$1),822,,False,,ROW
Site_SUL,Q823,YEAR(N823),2024,,False,,YEAR
Site_SUL,A824,ROW()-ROW($A$1),823,,False,,ROW
Site_SUL,Q824,YEAR(N824),2024,,False,,YEAR
Site_SUL,A825,ROW()-ROW($A$1),824,,False,,ROW
Site_SUL,Q825,YEAR(N825),2024,,False,,YEAR
Site_SUL,A826,ROW()-ROW($A$1),825,,False,,ROW
Site_SUL,Q826,YEAR(N826),2024,,False,,YEAR
Site_SUL,A827,ROW()-ROW($A$1),826,,False,,ROW
Site_SUL,Q827,YEAR(N827),2024,,False,,YEAR
Site_SUL,A828,ROW()-ROW($A$1),827,,False,,ROW
Site_SUL,Q828,YEAR(N828),2024,,False,,YEAR
Site_SUL,A829,ROW()-ROW($A$1),828,,False,,ROW
Site_SUL,Q829,YEAR(N829),2024,,False,,YEAR
Site_SUL,A830,ROW()-ROW($A$1),829,,False,,ROW
Site_SUL,Q830,YEAR(N830),2024,,False,,YEAR
Site_SUL,A831,ROW()-ROW($A$1),830,,False,,ROW
Site_SUL,Q831,YEAR(N831),2024,,False,,YEAR
Site_SUL,A832,ROW()-ROW($A$1),831,,False,,ROW
Site_SUL,Q832,YEAR(N832),2024,,False,,YEAR
Site_SUL,A833,ROW()-ROW($A$1),832,,False,,ROW
Site_SUL,Q833,YEAR(N833),2024,,False,,YEAR
Site_SUL,A834,ROW()-ROW($A$1),833,,False,,ROW
Site_SUL,Q834,YEAR(N834),2024,,False,,YEAR
Site_SUL,A835,ROW()-ROW($A$1),834,,False,,ROW
Site_SUL,Q835,YEAR(N835),2024,,False,,YEAR
Site_SUL,A836,ROW()-ROW($A$1),835,,False,,ROW
Site_SUL,Q836,YEAR(N836),2024,,False,,YEAR
Site_SUL,A837,ROW()-ROW($A$1),836,,False,,ROW
Site_SUL,Q837,YEAR(N837),2024,,False,,YEAR
Site_SUL,A838,ROW()-ROW($A$1),837,,False,,ROW
Site_SUL,Q838,YEAR(N838),2024,,False,,YEAR
Site_SUL,A839,ROW()-ROW($A$1),838,,False,,ROW
Site_SUL,Q839,YEAR(N839),2024,,False,,YEAR
Site_SUL,A840,ROW()-ROW($A$1),839,,False,,ROW
Site_SUL,Q840,YEAR(N840),2024,,False,,YEAR
Site_SUL,A841,ROW()-ROW($A$1),840,,False,,ROW
Site_SUL,Q841,YEAR(N841),2024,,False,,YEAR
Site_SUL,A842,ROW()-ROW($A$1),841,,False,,ROW
Site_SUL,Q842,YEAR(N842),2024,,False,,YEAR
Site_SUL,A843,ROW()-ROW($A$1),842,,False,,ROW
Site_SUL,Q843,YEAR(N843),2024,,False,,YEAR
Site_SUL,A844,ROW()-ROW($A$1),843,,False,,ROW
Site_SUL,Q844,YEAR(N844),2024,,False,,YEAR
Site_SUL,A845,ROW()-ROW($A$1),844,,False,,ROW
Site_SUL,Q845,YEAR(N845),2024,,False,,YEAR
Site_SUL,A846,ROW()-ROW($A$1),845,,False,,ROW
Site_SUL,Q846,YEAR(N846),2024,,False,,YEAR
Site_SUL,A847,ROW()-ROW($A$1),846,,False,,ROW
Site_SUL,Q847,YEAR(N847),2024,,False,,YEAR
Site_SUL,A848,ROW()-ROW($A$1),847,,False,,ROW
Site_SUL,Q848,YEAR(N848),2024,,False,,YEAR
Site_SUL,A849,ROW()-ROW($A$1),848,,False,,ROW
Site_SUL,Q849,YEAR(N849),2024,,False,,YEAR
Site_SUL,A850,ROW()-ROW($A$1),849,,False,,ROW
Site_SUL,Q850,YEAR(N850),2024,,False,,YEAR
Site_SUL,A851,ROW()-ROW($A$1),850,,False,,ROW
Site_SUL,Q851,YEAR(N851),2024,,False,,YEAR
Site_SUL,A852,ROW()-ROW($A$1),851,,False,,ROW
Site_SUL,Q852,YEAR(N852),2024,,False,,YEAR
Site_SUL,A853,ROW()-ROW($A$1),852,,False,,ROW
Site_SUL,Q853,YEAR(N853),2024,,False,,YEAR
Site_SUL,A854,ROW()-ROW($A$1),853,,False,,ROW
Site_SUL,Q854,YEAR(N854),2024,,False,,YEAR
Site_SUL,A855,ROW()-ROW($A$1),854,,False,,ROW
Site_SUL,Q855,YEAR(N855),2024,,False,,YEAR
Site_SUL,A856,ROW()-ROW($A$1),855,,False,,ROW
Site_SUL,Q856,YEAR(N856),2024,,False,,YEAR
Site_SUL,A857,ROW()-ROW($A$1),856,,False,,ROW
Site_SUL,Q857,YEAR(N857),2024,,False,,YEAR
Site_SUL,A858,ROW()-ROW($A$1),857,,False,,ROW
Site_SUL,Q858,YEAR(N858),2024,,False,,YEAR
Site_SUL,A859,ROW()-ROW($A$1),858,,False,,ROW
Site_SUL,Q859,YEAR(N859),2024,,False,,YEAR
Site_SUL,A860,ROW()-ROW($A$1),859,,False,,ROW
Site_SUL,Q860,YEAR(N860),2024,,False,,YEAR
Site_SUL,A861,ROW()-ROW($A$1),860,,False,,ROW
Site_SUL,Q861,YEAR(N861),2024,,False,,YEAR
Site_SUL,A862,ROW()-ROW($A$1),861,,False,,ROW
Site_SUL,Q862,YEAR(N862),2024,,False,,YEAR
Site_SUL,A863,ROW()-ROW($A$1),862,,False,,ROW
Site_SUL,Q863,YEAR(N863),2024,,False,,YEAR
Site_SUL,A864,ROW()-ROW($A$1),863,,False,,ROW
Site_SUL,Q864,YEAR(N864),2024,,False,,YEAR
Site_SUL,A865,ROW()-ROW($A$1),864,,False,,ROW
Site_SUL,Q865,YEAR(N865),2024,,False,,YEAR
Site_SUL,A866,ROW()-ROW($A$1),865,,False,,ROW
Site_SUL,Q866,YEAR(N866),2024,,False,,YEAR
Site_SUL,A867,ROW()-ROW($A$1),866,,False,,ROW
Site_SUL,Q867,YEAR(N867),2024,,False,,YEAR
Site_SUL,A868,ROW()-ROW($A$1),867,,False,,ROW
Site_SUL,Q868,YEAR(N868),2024,,False,,YEAR
Site_SUL,A869,ROW()-ROW($A$1),868,,False,,ROW
Site_SUL,Q869,YEAR(N869),2024,,False,,YEAR
Site_SUL,A870,ROW()-ROW($A$1),869,,False,,ROW
Site_SUL,Q870,YEAR(N870),2024,,False,,YEAR
Site_SUL,A871,ROW()-ROW($A$1),870,,False,,ROW
Site_SUL,Q871,YEAR(N871),2024,,False,,YEAR
Site_SUL,A872,ROW()-ROW($A$1),871,,False,,ROW
Site_SUL,Q872,YEAR(N872),2024,,False,,YEAR
Site_SUL,A873,ROW()-ROW($A$1),872,,False,,ROW
Site_SUL,Q873,YEAR(N873),2024,,False,,YEAR
Site_SUL,A874,ROW()-ROW($A$1),873,,False,,ROW
Site_SUL,Q874,YEAR(N874),2024,,False,,YEAR
Site_SUL,A875,ROW()-ROW($A$1),874,,False,,ROW
Site_SUL,Q875,YEAR(N875),2024,,False,,YEAR
Site_SUL,A876,ROW()-ROW($A$1),875,,False,,ROW
Site_SUL,Q876,YEAR(N876),2024,,False,,YEAR
Site_SUL,A877,ROW()-ROW($A$1),876,,False,,ROW
Site_SUL,Q877,YEAR(N877),2024,,False,,YEAR
Site_SUL,A878,ROW()-ROW($A$1),877,,False,,ROW
Site_SUL,Q878,YEAR(N878),2024,,False,,YEAR
Site_SUL,A879,ROW()-ROW($A$1),878,,False,,ROW
Site_SUL,Q879,YEAR(N879),2024,,False,,YEAR
Site_SUL,A880,ROW()-ROW($A$1),879,,False,,ROW
Site_SUL,Q880,YEAR(N880),2024,,False,,YEAR
Site_SUL,A881,ROW()-ROW($A$1),880,,False,,ROW
Site_SUL,Q881,YEAR(N881),2024,,False,,YEAR
Site_SUL,A882,ROW()-ROW($A$1),881,,False,,ROW
Site_SUL,Q882,YEAR(N882),2024,,False,,YEAR
Site_SUL,A883,ROW()-ROW($A$1),882,,False,,ROW
Site_SUL,Q883,YEAR(N883),2024,,False,,YEAR
Site_SUL,A884,ROW()-ROW($A$1),883,,False,,ROW
Site_SUL,Q884,YEAR(N884),2024,,False,,YEAR
Site_SUL,A885,ROW()-ROW($A$1),884,,False,,ROW
Site_SUL,Q885,YEAR(N885),2024,,False,,YEAR
Site_SUL,A886,ROW()-ROW($A$1),885,,False,,ROW
Site_SUL,Q886,YEAR(N886),2024,,False,,YEAR
Site_SUL,A887,ROW()-ROW($A$1),886,,False,,ROW
Site_SUL,Q887,YEAR(N887),2024,,False,,YEAR
Site_SUL,A888,ROW()-ROW($A$1),887,,False,,ROW
Site_SUL,Q888,YEAR(N888),2024,,False,,YEAR
Site_SUL,A889,ROW()-ROW($A$1),888,,False,,ROW
Site_SUL,Q889,YEAR(N889),2024,,False,,YEAR
Site_SUL,A890,ROW()-ROW($A$1),889,,False,,ROW
Site_SUL,Q890,YEAR(N890),2024,,False,,YEAR
Site_SUL,A891,ROW()-ROW($A$1),890,,False,,ROW
Site_SUL,Q891,YEAR(N891),2024,,False,,YEAR
Site_SUL,A892,ROW()-ROW($A$1),891,,False,,ROW
Site_SUL,Q892,YEAR(N892),2024,,False,,YEAR
Site_SUL,A893,ROW()-ROW($A$1),892,,False,,ROW
Site_SUL,Q893,YEAR(N893),2024,,False,,YEAR
Site_SUL,A894,ROW()-ROW($A$1),893,,False,,ROW
Site_SUL,Q894,YEAR(N894),2024,,False,,YEAR
Site_SUL,A895,ROW()-ROW($A$1),894,,False,,ROW
Site_SUL,Q895,YEAR(N895),2024,,False,,YEAR
Site_SUL,A896,ROW()-ROW($A$1),895,,False,,ROW
Site_SUL,Q896,YEAR(N896),2024,,False,,YEAR
Site_SUL,A897,ROW()-ROW($A$1),896,,False,,ROW
Site_SUL,Q897,YEAR(N897),2024,,False,,YEAR
Site_SUL,A898,ROW()-ROW($A$1),897,,False,,ROW
Site_SUL,Q898,YEAR(N898),2024,,False,,YEAR
Site_SUL,A899,ROW()-ROW($A$1),898,,False,,ROW
Site_SUL,Q899,YEAR(N899),2024,,False,,YEAR
Site_SUL,A900,ROW()-ROW($A$1),899,,False,,ROW
Site_SUL,Q900,YEAR(N900),2024,,False,,YEAR
Site_SUL,A901,ROW()-ROW($A$1),900,,False,,ROW
Site_SUL,Q901,YEAR(N901),2024,,False,,YEAR
Site_SUL,A902,ROW()-ROW($A$1),901,,False,,ROW
Site_SUL,Q902,YEAR(N902),2024,,False,,YEAR
Site_SUL,A903,ROW()-ROW($A$1),902,,False,,ROW
Site_SUL,Q903,YEAR(N903),2024,,False,,YEAR
Site_SUL,A904,ROW()-ROW($A$1),903,,False,,ROW
Site_SUL,Q904,YEAR(N904),2024,,False,,YEAR
Site_SUL,A905,ROW()-ROW($A$1),904,,False,,ROW
Site_SUL,Q905,YEAR(N905),2024,,False,,YEAR
Site_SUL,A906,ROW()-ROW($A$1),905,,False,,ROW
Site_SUL,Q906,YEAR(N906),2024,,False,,YEAR
Site_SUL,A907,ROW()-ROW($A$1),906,,False,,ROW
Site_SUL,Q907,YEAR(N907),2024,,False,,YEAR
Site_SUL,A908,ROW()-ROW($A$1),907,,False,,ROW
Site_SUL,Q908,YEAR(N908),2024,,False,,YEAR
Site_SUL,A909,ROW()-ROW($A$1),908,,False,,ROW
Site_SUL,Q909,YEAR(N909),2024,,False,,YEAR
Site_SUL,A910,ROW()-ROW($A$1),909,,False,,ROW
Site_SUL,Q910,YEAR(N910),2024,,False,,YEAR
Site_SUL,A911,ROW()-ROW($A$1),910,,False,,ROW
Site_SUL,Q911,YEAR(N911),2024,,False,,YEAR
Site_SUL,A912,ROW()-ROW($A$1),911,,False,,ROW
Site_SUL,Q912,YEAR(N912),2024,,False,,YEAR
Site_SUL,A913,ROW()-ROW($A$1),912,,False,,ROW
Site_SUL,Q913,YEAR(N913),2024,,False,,YEAR
Site_SUL,A914,ROW()-ROW($A$1),913,,False,,ROW
Site_SUL,Q914,YEAR(N914),2024,,False,,YEAR
Site_SUL,A915,ROW()-ROW($A$1),914,,False,,ROW
Site_SUL,Q915,YEAR(N915),2024,,False,,YEAR
Site_SUL,A916,ROW()-ROW($A$1),915,,False,,ROW
Site_SUL,Q916,YEAR(N916),2024,,False,,YEAR
Site_SUL,A917,ROW()-ROW($A$1),916,,False,,ROW
Site_SUL,Q917,YEAR(N917),2024,,False,,YEAR
Site_SUL,A918,ROW()-ROW($A$1),917,,False,,ROW
Site_SUL,Q918,YEAR(N918),2024,,False,,YEAR
Site_SUL,A919,ROW()-ROW($A$1),918,,False,,ROW
Site_SUL,Q919,YEAR(N919),2024,,False,,YEAR
Site_SUL,A920,ROW()-ROW($A$1),919,,False,,ROW
Site_SUL,Q920,YEAR(N920),2024,,False,,YEAR
Site_SUL,A921,ROW()-ROW($A$1),920,,False,,ROW
Site_SUL,Q921,YEAR(N921),2024,,False,,YEAR
Site_SUL,A922,ROW()-ROW($A$1),921,,False,,ROW
Site_SUL,Q922,YEAR(N922),2024,,False,,YEAR
Site_SUL,A923,ROW()-ROW($A$1),922,,False,,ROW
Site_SUL,Q923,YEAR(N923),2024,,False,,YEAR
Site_SUL,A924,ROW()-ROW($A$1),923,,False,,ROW
Site_SUL,Q924,YEAR(N924),2024,,False,,YEAR
Site_SUL,A925,ROW()-ROW($A$1),924,,False,,ROW
Site_SUL,Q925,YEAR(N925),2024,,False,,YEAR
Site_SUL,A926,ROW()-ROW($A$1),925,,False,,ROW
Site_SUL,Q926,YEAR(N926),2024,,False,,YEAR
Site_SUL,A927,ROW()-ROW($A$1),926,,False,,ROW
Site_SUL,Q927,YEAR(N927),2024,,False,,YEAR
Site_SUL,A928,ROW()-ROW($A$1),927,,False,,ROW
Site_SUL,Q928,YEAR(N928),2024,,False,,YEAR
Site_SUL,A929,ROW()-ROW($A$1),928,,False,,ROW
Site_SUL,Q929,YEAR(N929),2024,,False,,YEAR
Site_SUL,A930,ROW()-ROW($A$1),929,,False,,ROW
Site_SUL,Q930,YEAR(N930),2024,,False,,YEAR
Site_SUL,A931,ROW()-ROW($A$1),930,,False,,ROW
Site_SUL,Q931,YEAR(N931),2024,,False,,YEAR
Site_SUL,A932,ROW()-ROW($A$1),931,,False,,ROW
Site_SUL,Q932,YEAR(N932),2024,,False,,YEAR
Site_SUL,A933,ROW()-ROW($A$1),932,,False,,ROW
Site_SUL,Q933,YEAR(N933),2024,,False,,YEAR
Site_SUL,A934,ROW()-ROW($A$1),933,,False,,ROW
Site_SUL,Q934,YEAR(N934),2024,,False,,YEAR
Site_SUL,A935,ROW()-ROW($A$1),934,,False,,ROW
Site_SUL,Q935,YEAR(N935),2024,,False,,YEAR
Site_SUL,A936,ROW()-ROW($A$1),935,,False,,ROW
Site_SUL,Q936,YEAR(N936),2024,,False,,YEAR
Site_SUL,A937,ROW()-ROW($A$1),936,,False,,ROW
Site_SUL,Q937,YEAR(N937),2024,,False,,YEAR
Site_SUL,A938,ROW()-ROW($A$1),937,,False,,ROW
Site_SUL,Q938,YEAR(N938),2024,,False,,YEAR
Site_SUL,A939,ROW()-ROW($A$1),938,,False,,ROW
Site_SUL,Q939,YEAR(N939),2024,,False,,YEAR
Site_SUL,A940,ROW()-ROW($A$1),939,,False,,ROW
Site_SUL,Q940,YEAR(N940),2024,,False,,YEAR
Site_SUL,A941,ROW()-ROW($A$1),940,,False,,ROW
Site_SUL,Q941,YEAR(N941),2024,,False,,YEAR
Site_SUL,A942,ROW()-ROW($A$1),941,,False,,ROW
Site_SUL,Q942,YEAR(N942),2024,,False,,YEAR
Site_SUL,A943,ROW()-ROW($A$1),942,,False,,ROW
Site_SUL,Q943,YEAR(N943),2024,,False,,YEAR
Site_SUL,A944,ROW()-ROW($A$1),943,,False,,ROW
Site_SUL,Q944,YEAR(N944),2024,,False,,YEAR
Site_SUL,A945,ROW()-ROW($A$1),944,,False,,ROW
Site_SUL,Q945,YEAR(N945),2024,,False,,YEAR
Site_SUL,A946,ROW()-ROW($A$1),945,,False,,ROW
Site_SUL,Q946,YEAR(N946),2024,,False,,YEAR
Site_SUL,A947,ROW()-ROW($A$1),946,,False,,ROW
Site_SUL,Q947,YEAR(N947),2024,,False,,YEAR
Site_SUL,A948,ROW()-ROW($A$1),947,,False,,ROW
Site_SUL,Q948,YEAR(N948),2024,,False,,YEAR
Site_SUL,A949,ROW()-ROW($A$1),948,,False,,ROW
Site_SUL,Q949,YEAR(N949),2024,,False,,YEAR
Site_SUL,A950,ROW()-ROW($A$1),949,,False,,ROW
Site_SUL,Q950,YEAR(N950),2024,,False,,YEAR
Site_SUL,A951,ROW()-ROW($A$1),950,,False,,ROW
Site_SUL,Q951,YEAR(N951),2024,,False,,YEAR
Site_SUL,A952,ROW()-ROW($A$1),951,,False,,ROW
Site_SUL,Q952,YEAR(N952),2024,,False,,YEAR
Site_SUL,A953,ROW()-ROW($A$1),952,,False,,ROW
Site_SUL,Q953,YEAR(N953),2024,,False,,YEAR
Site_SUL,A954,ROW()-ROW($A$1),953,,False,,ROW
Site_SUL,Q954,YEAR(N954),2024,,False,,YEAR
Site_SUL,A955,ROW()-ROW($A$1),954,,False,,ROW
Site_SUL,Q955,YEAR(N955),2024,,False,,YEAR
Site_SUL,A956,ROW()-ROW($A$1),955,,False,,ROW
Site_SUL,Q956,YEAR(N956),2024,,False,,YEAR
Site_SUL,A957,ROW()-ROW($A$1),956,,False,,ROW
Site_SUL,Q957,YEAR(N957),2024,,False,,YEAR
Site_SUL,A958,ROW()-ROW($A$1),957,,False,,ROW
Site_SUL,Q958,YEAR(N958),2024,,False,,YEAR
Site_SUL,A959,ROW()-ROW($A$1),958,,False,,ROW
Site_SUL,Q959,YEAR(N959),2024,,False,,YEAR
Site_SUL,A960,ROW()-ROW($A$1),959,,False,,ROW
Site_SUL,Q960,YEAR(N960),2024,,False,,YEAR
Site_SUL,A961,ROW()-ROW($A$1),960,,False,,ROW
Site_SUL,Q961,YEAR(N961),2024,,False,,YEAR
Site_SUL,A962,ROW()-ROW($A$1),961,,False,,ROW
Site_SUL,Q962,YEAR(N962),2024,,False,,YEAR
Site_SUL,A963,ROW()-ROW($A$1),962,,False,,ROW
Site_SUL,Q963,YEAR(N963),2024,,False,,YEAR
Site_SUL,A964,ROW()-ROW($A$1),963,,False,,ROW
Site_SUL,Q964,YEAR(N964),2024,,False,,YEAR
Site_SUL,A965,ROW()-ROW($A$1),964,,False,,ROW
Site_SUL,Q965,YEAR(N965),2024,,False,,YEAR
Site_SUL,A966,ROW()-ROW($A$1),965,,False,,ROW
Site_SUL,Q966,YEAR(N966),2024,,False,,YEAR
Site_SUL,A967,ROW()-ROW($A$1),966,,False,,ROW
Site_SUL,Q967,YEAR(N967),2024,,False,,YEAR
Site_SUL,A968,ROW()-ROW($A$1),967,,False,,ROW
Site_SUL,Q968,YEAR(N968),2024,,False,,YEAR
Site_SUL,A969,ROW()-ROW($A$1),968,,False,,ROW
Site_SUL,Q969,YEAR(N969),2024,,False,,YEAR
Site_SUL,A970,ROW()-ROW($A$1),969,,False,,ROW
Site_SUL,Q970,YEAR(N970),2024,,False,,YEAR
Site_SUL,A971,ROW()-ROW($A$1),970,,False,,ROW
Site_SUL,Q971,YEAR(N971),2024,,False,,YEAR
Site_SUL,A972,ROW()-ROW($A$1),971,,False,,ROW
Site_SUL,Q972,YEAR(N972),2024,,False,,YEAR
Site_SUL,A973,ROW()-ROW($A$1),972,,False,,ROW
Site_SUL,Q973,YEAR(N973),2024,,False,,YEAR
Site_SUL,A974,ROW()-ROW($A$1),973,,False,,ROW
Site_SUL,Q974,YEAR(N974),2024,,False,,YEAR
Site_SUL,A975,ROW()-ROW($A$1),974,,False,,ROW
Site_SUL,Q975,YEAR(N975),2024,,False,,YEAR
Site_SUL,A976,ROW()-ROW($A$1),975,,False,,ROW
Site_SUL,Q976,YEAR(N976),2024,,False,,YEAR
Site_SUL,A977,ROW()-ROW($A$1),976,,False,,ROW
Site_SUL,Q977,YEAR(N977),2024,,False,,YEAR
Site_SUL,A978,ROW()-ROW($A$1),977,,False,,ROW
Site_SUL,Q978,YEAR(N978),2024,,False,,YEAR
Site_SUL,A979,ROW()-ROW($A$1),978,,False,,ROW
Site_SUL,Q979,YEAR(N979),2024,,False,,YEAR
Site_SUL,A980,ROW()-ROW($A$1),979,,False,,ROW
Site_SUL,Q980,YEAR(N980),2024,,False,,YEAR
Site_SUL,A981,ROW()-ROW($A$1),980,,False,,ROW
Site_SUL,Q981,YEAR(N981),2024,,False,,YEAR
Site_SUL,A982,ROW()-ROW($A$1),981,,False,,ROW
Site_SUL,Q982,YEAR(N982),2024,,False,,YEAR
Site_SUL,A983,ROW()-ROW($A$1),982,,False,,ROW
Site_SUL,Q983,YEAR(N983),2024,,False,,YEAR
Site_SUL,A984,ROW()-ROW($A$1),983,,False,,ROW
Site_SUL,Q984,YEAR(N984),2024,,False,,YEAR
Site_SUL,A985,ROW()-ROW($A$1),984,,False,,ROW
Site_SUL,Q985,YEAR(O985),2026,,False,,YEAR
Site_SUL,A986,ROW()-ROW($A$1),985,,False,,ROW
Site_SUL,Q986,YEAR(N986),2024,,False,,YEAR
Site_SUL,A987,ROW()-ROW($A$1),986,,False,,ROW
Site_SUL,Q987,YEAR(N987),2024,,False,,YEAR
Site_SUL,A988,ROW()-ROW($A$1),987,,False,,ROW
Site_SUL,Q988,YEAR(N988),2024,,False,,YEAR
Site_SUL,A989,ROW()-ROW($A$1),988,,False,,ROW
Site_SUL,Q989,YEAR(N989),2024,,False,,YEAR
Site_SUL,A990,ROW()-ROW($A$1),989,,False,,ROW
Site_SUL,Q990,YEAR(N990),2024,,False,,YEAR
Site_SUL,A991,ROW()-ROW($A$1),990,,False,,ROW
Site_SUL,Q991,YEAR(N991),2024,,False,,YEAR
Site_SUL,A992,ROW()-ROW($A$1),991,,False,,ROW
Site_SUL,Q992,YEAR(N992),2024,,False,,YEAR
Site_SUL,A993,ROW()-ROW($A$1),992,,False,,ROW
Site_SUL,Q993,YEAR(N993),2024,,False,,YEAR
Site_SUL,A994,ROW()-ROW($A$1),993,,False,,ROW
Site_SUL,Q994,YEAR(N994),2024,,False,,YEAR
Site_SUL,A995,ROW()-ROW($A$1),994,,False,,ROW
Site_SUL,Q995,YEAR(N995),2024,,False,,YEAR
Site_SUL,A996,ROW()-ROW($A$1),995,,False,,ROW
Site_SUL,Q996,YEAR(N996),2024,,False,,YEAR
Site_SUL,A997,ROW()-ROW($A$1),996,,False,,ROW
Site_SUL,Q997,YEAR(N997),2024,,False,,YEAR
Site_SUL,A998,ROW()-ROW($A$1),997,,False,,ROW
Site_SUL,Q998,YEAR(N998),2024,,False,,YEAR
Site_SUL,A999,ROW()-ROW($A$1),998,,False,,ROW
Site_SUL,Q999,YEAR(N999),2024,,False,,YEAR
Site_SUL,A1000,ROW()-ROW($A$1),999,,False,,ROW
Site_SUL,Q1000,YEAR(N1000),2024,,False,,YEAR
Site_SUL,A1001,ROW()-ROW($A$1),1000,,False,,ROW
Site_SUL,Q1001,YEAR(N1001),2024,,False,,YEAR
Site_SUL,A1002,ROW()-ROW($A$1),1001,,False,,ROW
Site_SUL,Q1002,YEAR(N1002),2024,,False,,YEAR
Site_SUL,A1003,ROW()-ROW($A$1),1002,,False,,ROW
Site_SUL,Q1003,YEAR(N1003),2024,,False,,YEAR
Site_SUL,A1004,ROW()-ROW($A$1),1003,,False,,ROW
Site_SUL,Q1004,YEAR(N1004),2024,,False,,YEAR
Site_SUL,A1005,ROW()-ROW($A$1),1004,,False,,ROW
Site_SUL,Q1005,YEAR(N1005),2024,,False,,YEAR
Site_SUL,A1006,ROW()-ROW($A$1),1005,,False,,ROW
Site_SUL,Q1006,YEAR(N1006),2024,,False,,YEAR
Site_SUL,A1007,ROW()-ROW($A$1),1006,,False,,ROW
Site_SUL,Q1007,YEAR(N1007),2024,,False,,YEAR
Site_SUL,A1008,ROW()-ROW($A$1),1007,,False,,ROW
Site_SUL,Q1008,YEAR(N1008),2024,,False,,YEAR
Site_SUL,A1009,ROW()-ROW($A$1),1008,,False,,ROW
Site_SUL,Q1009,YEAR(N1009),2024,,False,,YEAR
Site_SUL,A1010,ROW()-ROW($A$1),1009,,False,,ROW
Site_SUL,Q1010,YEAR(N1010),2024,,False,,YEAR
Site_SUL,A1011,ROW()-ROW($A$1),1010,,False,,ROW
Site_SUL,Q1011,YEAR(N1011),2024,,False,,YEAR
Site_SUL,A1012,ROW()-ROW($A$1),1011,,False,,ROW
Site_SUL,Q1012,YEAR(N1012),2024,,False,,YEAR
Site_SUL,A1013,ROW()-ROW($A$1),1012,,False,,ROW
Site_SUL,Q1013,YEAR(N1013),2024,,False,,YEAR
Site_SUL,A1014,ROW()-ROW($A$1),1013,,False,,ROW
Site_SUL,Q1014,YEAR(N1014),2024,,False,,YEAR
Site_SUL,A1015,ROW()-ROW($A$1),1014,,False,,ROW
Site_SUL,Q1015,YEAR(N1015),2024,,False,,YEAR
Site_SUL,A1016,ROW()-ROW($A$1),1015,,False,,ROW
Site_SUL,Q1016,YEAR(N1016),2024,,False,,YEAR
Site_SUL,A1017,ROW()-ROW($A$1),1016,,False,,ROW
Site_SUL,Q1017,YEAR(N1017),2024,,False,,YEAR
Site_SUL,A1018,ROW()-ROW($A$1),1017,,False,,ROW
Site_SUL,Q1018,YEAR(N1018),2024,,False,,YEAR
Site_SUL,A1019,ROW()-ROW($A$1),1018,,False,,ROW
Site_SUL,A1020,ROW()-ROW($A$1),1019,,False,,ROW
Site_SUL,Q1020,YEAR(N1020),2024,,False,,YEAR
Site_SUL,A1021,ROW()-ROW($A$1),1020,,False,,ROW
Site_SUL,Q1021,YEAR(N1021),2024,,False,,YEAR
Site_SUL,A1022,ROW()-ROW($A$1),1021,,False,,ROW
Site_SUL,Q1022,YEAR(N1022),2024,,False,,YEAR
Site_SUL,A1023,ROW()-ROW($A$1),1022,,False,,ROW
Site_SUL,Q1023,YEAR(N1023),2024,,False,,YEAR
Site_SUL,A1024,ROW()-ROW($A$1),1023,,False,,ROW
Site_SUL,Q1024,YEAR(N1024),2024,,False,,YEAR
Site_SUL,A1025,ROW()-ROW($A$1),1024,,False,,ROW
Site_SUL,Q1025,YEAR(N1025),2024,,False,,YEAR
Site_SUL,A1026,ROW()-ROW($A$1),1025,,False,,ROW
Site_SUL,Q1026,YEAR(N1026),2024,,False,,YEAR
Site_SUL,A1027,ROW()-ROW($A$1),1026,,False,,ROW
Site_SUL,Q1027,YEAR(N1027),2024,,False,,YEAR
Site_SUL,A1028,ROW()-ROW($A$1),1027,,False,,ROW
Site_SUL,Q1028,YEAR(N1028),2024,,False,,YEAR
Site_SUL,A1029,ROW()-ROW($A$1),1028,,False,,ROW
Site_SUL,Q1029,YEAR(N1029),2024,,False,,YEAR
Site_SUL,A1030,ROW()-ROW($A$1),1029,,False,,ROW
Site_SUL,Q1030,YEAR(N1030),2024,,False,,YEAR
Site_SUL,A1031,ROW()-ROW($A$1),1030,,False,,ROW
Site_SUL,Q1031,YEAR(N1031),2024,,False,,YEAR
Site_SUL,A1032,ROW()-ROW($A$1),1031,,False,,ROW
Site_SUL,Q1032,YEAR(N1032),2024,,False,,YEAR
Site_SUL,A1033,ROW()-ROW($A$1),1032,,False,,ROW
Site_SUL,Q1033,YEAR(N1033),2024,,False,,YEAR
Site_SUL,A1034,ROW()-ROW($A$1),1033,,False,,ROW
Site_SUL,Q1034,YEAR(N1034),2024,,False,,YEAR
Site_SUL,A1035,ROW()-ROW($A$1),1034,,False,,ROW
Site_SUL,Q1035,YEAR(N1035),2024,,False,,YEAR
Site_SUL,A1036,ROW()-ROW($A$1),1035,,False,,ROW
Site_SUL,Q1036,YEAR(N1036),2024,,False,,YEAR
Site_SUL,A1037,ROW()-ROW($A$1),1036,,False,,ROW
Site_SUL,Q1037,YEAR(N1037),2024,,False,,YEAR
Site_SUL,A1038,ROW()-ROW($A$1),1037,,False,,ROW
Site_SUL,Q1038,YEAR(N1038),2024,,False,,YEAR
Site_SUL,A1039,ROW()-ROW($A$1),1038,,False,,ROW
Site_SUL,Q1039,YEAR(N1039),2024,,False,,YEAR
Site_SUL,A1040,ROW()-ROW($A$1),1039,,False,,ROW
Site_SUL,Q1040,YEAR(N1040),2024,,False,,YEAR
Site_SUL,A1041,ROW()-ROW($A$1),1040,,False,,ROW
Site_SUL,Q1041,YEAR(N1041),2024,,False,,YEAR
Site_SUL,A1042,ROW()-ROW($A$1),1041,,False,,ROW
Site_SUL,Q1042,YEAR(N1042),2025,,False,,YEAR
Site_SUL,A1043,ROW()-ROW($A$1),1042,,False,,ROW
Site_SUL,Q1043,YEAR(N1043),2025,,False,,YEAR
Site_SUL,A1044,ROW()-ROW($A$1),1043,,False,,ROW
Site_SUL,Q1044,YEAR(N1044),2025,,False,,YEAR
Site_SUL,A1045,ROW()-ROW($A$1),1044,,False,,ROW
Site_SUL,Q1045,YEAR(N1045),2024,,False,,YEAR
Site_SUL,A1046,ROW()-ROW($A$1),1045,,False,,ROW
Site_SUL,Q1046,YEAR(N1046),2025,,False,,YEAR
Site_SUL,A1047,ROW()-ROW($A$1),1046,,False,,ROW
Site_SUL,Q1047,YEAR(N1047),2025,,False,,YEAR
Site_SUL,A1048,ROW()-ROW($A$1),1047,,False,,ROW
Site_SUL,Q1048,YEAR(N1048),2025,,False,,YEAR
Site_SUL,A1049,ROW()-ROW($A$1),1048,,False,,ROW
Site_SUL,Q1049,YEAR(N1049),2025,,False,,YEAR
Site_SUL,A1050,ROW()-ROW($A$1),1049,,False,,ROW
Site_SUL,Q1050,YEAR(N1050),2025,,False,,YEAR
Site_SUL,A1051,ROW()-ROW($A$1),1050,,False,,ROW
Site_SUL,Q1051,YEAR(N1051),2025,,False,,YEAR
Site_SUL,A1052,ROW()-ROW($A$1),1051,,False,,ROW
Site_SUL,Q1052,YEAR(N1052),2024,,False,,YEAR
Site_SUL,A1053,ROW()-ROW($A$1),1052,,False,,ROW
Site_SUL,Q1053,YEAR(N1053),2025,,False,,YEAR
Site_SUL,A1054,ROW()-ROW($A$1),1053,,False,,ROW
Site_SUL,Q1054,YEAR(N1054),2025,,False,,YEAR
Site_SUL,A1055,ROW()-ROW($A$1),1054,,False,,ROW
Site_SUL,Q1055,YEAR(N1055),2024,,False,,YEAR
Site_SUL,A1056,ROW()-ROW($A$1),1055,,False,,ROW
Site_SUL,Q1056,YEAR(N1056),2025,,False,,YEAR
Site_SUL,A1057,ROW()-ROW($A$1),1056,,False,,ROW
Site_SUL,Q1057,YEAR(N1057),2025,,False,,YEAR
Site_SUL,A1058,ROW()-ROW($A$1),1057,,False,,ROW
Site_SUL,Q1058,YEAR(N1058),2025,,False,,YEAR
Site_SUL,A1059,ROW()-ROW($A$1),1058,,False,,ROW
Site_SUL,Q1059,YEAR(N1059),2024,,False,,YEAR
Site_SUL,A1060,ROW()-ROW($A$1),1059,,False,,ROW
Site_SUL,Q1060,YEAR(N1060),2024,,False,,YEAR
Site_SUL,A1061,ROW()-ROW($A$1),1060,,False,,ROW
Site_SUL,Q1061,YEAR(N1061),2024,,False,,YEAR
Site_SUL,A1062,ROW()-ROW($A$1),1061,,False,,ROW
Site_SUL,Q1062,YEAR(N1062),2024,,False,,YEAR
Site_SUL,A1063,ROW()-ROW($A$1),1062,,False,,ROW
Site_SUL,Q1063,YEAR(N1063),2024,,False,,YEAR
Site_SUL,A1064,ROW()-ROW($A$1),1063,,False,,ROW
Site_SUL,Q1064,YEAR(N1064),2024,,False,,YEAR
Site_SUL,A1065,ROW()-ROW($A$1),1064,,False,,ROW
Site_SUL,Q1065,YEAR(N1065),2024,,False,,YEAR
Site_SUL,A1066,ROW()-ROW($A$1),1065,,False,,ROW
Site_SUL,Q1066,YEAR(N1066),2024,,False,,YEAR
Site_SUL,A1067,ROW()-ROW($A$1),1066,,False,,ROW
Site_SUL,Q1067,YEAR(N1067),2024,,False,,YEAR
Site_SUL,A1068,ROW()-ROW($A$1),1067,,False,,ROW
Site_SUL,Q1068,YEAR(N1068),2024,,False,,YEAR
Site_SUL,A1069,ROW()-ROW($A$1),1068,,False,,ROW
Site_SUL,Q1069,YEAR(N1069),2024,,False,,YEAR
Site_SUL,A1070,ROW()-ROW($A$1),1069,,False,,ROW
Site_SUL,Q1070,YEAR(N1070),2024,,False,,YEAR
Site_SUL,A1071,ROW()-ROW($A$1),1070,,False,,ROW
Site_SUL,Q1071,YEAR(N1071),2025,,False,,YEAR
Site_SUL,A1072,ROW()-ROW($A$1),1071,,False,,ROW
Site_SUL,Q1072,YEAR(N1072),2025,,False,,YEAR
Site_SUL,A1073,ROW()-ROW($A$1),1072,,False,,ROW
Site_SUL,Q1073,YEAR(N1073),2025,,False,,YEAR
Site_SUL,A1074,ROW()-ROW($A$1),1073,,False,,ROW
Site_SUL,Q1074,YEAR(N1074),2025,,False,,YEAR
Site_SUL,A1075,ROW()-ROW($A$1),1074,,False,,ROW
Site_SUL,Q1075,YEAR(N1075),2025,,False,,YEAR
Site_SUL,A1076,ROW()-ROW($A$1),1075,,False,,ROW
Site_SUL,Q1076,YEAR(N1076),2025,,False,,YEAR
Site_SUL,A1077,ROW()-ROW($A$1),1076,,False,,ROW
Site_SUL,Q1077,YEAR(N1077),2025,,False,,YEAR
Site_SUL,A1078,ROW()-ROW($A$1),1077,,False,,ROW
Site_SUL,Q1078,YEAR(N1078),2024,,False,,YEAR
Site_SUL,A1079,ROW()-ROW($A$1),1078,,False,,ROW
Site_SUL,Q1079,YEAR(N1079),2024,,False,,YEAR
Site_SUL,A1080,ROW()-ROW($A$1),1079,,False,,ROW
Site_SUL,Q1080,YEAR(N1080),2024,,False,,YEAR
Site_SUL,A1081,ROW()-ROW($A$1),1080,,False,,ROW
Site_SUL,Q1081,YEAR(N1081),2024,,False,,YEAR
Site_SUL,A1082,ROW()-ROW($A$1),1081,,False,,ROW
Site_SUL,Q1082,YEAR(N1082),2024,,False,,YEAR
Site_SUL,A1083,ROW()-ROW($A$1),1082,,False,,ROW
Site_SUL,Q1083,YEAR(N1083),2025,,False,,YEAR
Site_SUL,A1084,ROW()-ROW($A$1),1083,,False,,ROW
Site_SUL,Q1084,YEAR(N1084),2025,,False,,YEAR
Site_SUL,A1085,ROW()-ROW($A$1),1084,,False,,ROW
Site_SUL,Q1085,YEAR(N1085),2025,,False,,YEAR
Site_SUL,A1086,ROW()-ROW($A$1),1085,,False,,ROW
Site_SUL,Q1086,YEAR(N1086),2025,,False,,YEAR
Site_SUL,A1087,ROW()-ROW($A$1),1086,,False,,ROW
Site_SUL,Q1087,YEAR(N1087),2025,,False,,YEAR
Site_SUL,A1088,ROW()-ROW($A$1),1087,,False,,ROW
Site_SUL,Q1088,YEAR(N1088),2024,,False,,YEAR
Site_SUL,A1089,ROW()-ROW($A$1),1088,,False,,ROW
Site_SUL,Q1089,YEAR(N1089),2024,,False,,YEAR
Site_SUL,A1090,ROW()-ROW($A$1),1089,,False,,ROW
Site_SUL,Q1090,YEAR(N1090),2024,,False,,YEAR
Site_SUL,A1091,ROW()-ROW($A$1),1090,,False,,ROW
Site_SUL,Q1091,YEAR(N1091),2025,,False,,YEAR
Site_SUL,A1092,ROW()-ROW($A$1),1091,,False,,ROW
Site_SUL,Q1092,YEAR(N1092),2024,,False,,YEAR
Site_SUL,A1093,ROW()-ROW($A$1),1092,,False,,ROW
Site_SUL,Q1093,YEAR(N1093),2024,,False,,YEAR
Site_SUL,A1094,ROW()-ROW($A$1),1093,,False,,ROW
Site_SUL,Q1094,YEAR(N1094),2025,,False,,YEAR
Site_SUL,A1095,ROW()-ROW($A$1),1094,,False,,ROW
Site_SUL,Q1095,YEAR(N1095),2025,,False,,YEAR
Site_SUL,A1096,ROW()-ROW($A$1),1095,,False,,ROW
Site_SUL,Q1096,YEAR(N1096),2024,,False,,YEAR
Site_SUL,A1097,ROW()-ROW($A$1),1096,,False,,ROW
Site_SUL,Q1097,YEAR(N1097),2025,,False,,YEAR
Site_SUL,A1098,ROW()-ROW($A$1),1097,,False,,ROW
Site_SUL,Q1098,YEAR(N1098),2024,,False,,YEAR
Site_SUL,A1099,ROW()-ROW($A$1),1098,,False,,ROW
Site_SUL,Q1099,YEAR(N1099),2024,,False,,YEAR
Site_SUL,A1100,ROW()-ROW($A$1),1099,,False,,ROW
Site_SUL,Q1100,YEAR(N1100),2024,,False,,YEAR
Site_SUL,A1101,ROW()-ROW($A$1),1100,,False,,ROW
Site_SUL,Q1101,YEAR(N1101),2024,,False,,YEAR
Site_SUL,A1102,ROW()-ROW($A$1),1101,,False,,ROW
Site_SUL,Q1102,YEAR(N1102),2024,,False,,YEAR
Site_SUL,A1103,ROW()-ROW($A$1),1102,,False,,ROW
Site_SUL,Q1103,YEAR(N1103),2025,,False,,YEAR
Site_SUL,A1104,ROW()-ROW($A$1),1103,,False,,ROW
Site_SUL,Q1104,YEAR(N1104),2024,,False,,YEAR
Site_SUL,A1105,ROW()-ROW($A$1),1104,,False,,ROW
Site_SUL,Q1105,YEAR(N1105),2025,,False,,YEAR
Site_SUL,A1106,ROW()-ROW($A$1),1105,,False,,ROW
Site_SUL,Q1106,YEAR(N1106),2025,,False,,YEAR
Site_SUL,A1107,ROW()-ROW($A$1),1106,,False,,ROW
Site_SUL,Q1107,YEAR(N1107),2025,,False,,YEAR
Site_SUL,A1108,ROW()-ROW($A$1),1107,,False,,ROW
Site_SUL,Q1108,YEAR(N1108),2024,,False,,YEAR
Site_SUL,A1109,ROW()-ROW($A$1),1108,,False,,ROW
Site_SUL,Q1109,YEAR(N1109),2025,,False,,YEAR
Site_SUL,A1110,ROW()-ROW($A$1),1109,,False,,ROW
Site_SUL,Q1110,YEAR(N1110),2025,,False,,YEAR
Site_SUL,A1111,ROW()-ROW($A$1),1110,,False,,ROW
Site_SUL,Q1111,YEAR(N1111),2024,,False,,YEAR
Site_SUL,A1112,ROW()-ROW($A$1),1111,,False,,ROW
Site_SUL,Q1112,YEAR(N1112),2024,,False,,YEAR
Site_SUL,A1113,ROW()-ROW($A$1),1112,,False,,ROW
Site_SUL,Q1113,YEAR(N1113),2025,,False,,YEAR
Site_SUL,A1114,ROW()-ROW($A$1),1113,,False,,ROW
Site_SUL,Q1114,YEAR(N1114),2025,,False,,YEAR
Site_SUL,A1115,ROW()-ROW($A$1),1114,,False,,ROW
Site_SUL,Q1115,YEAR(N1115),2024,,False,,YEAR
Site_SUL,A1116,ROW()-ROW($A$1),1115,,False,,ROW
Site_SUL,Q1116,YEAR(N1116),2024,,False,,YEAR
Site_SUL,A1117,ROW()-ROW($A$1),1116,,False,,ROW
Site_SUL,Q1117,YEAR(N1117),2025,,False,,YEAR
Site_SUL,A1118,ROW()-ROW($A$1),1117,,False,,ROW
Site_SUL,Q1118,YEAR(N1118),2025,,False,,YEAR
Site_SUL,A1119,ROW()-ROW($A$1),1118,,False,,ROW
Site_SUL,Q1119,YEAR(N1119),2025,,False,,YEAR
Site_SUL,A1120,ROW()-ROW($A$1),1119,,False,,ROW
Site_SUL,Q1120,YEAR(N1120),2025,,False,,YEAR
Site_SUL,A1121,ROW()-ROW($A$1),1120,,False,,ROW
Site_SUL,Q1121,YEAR(N1121),2025,,False,,YEAR
Site_SUL,A1122,ROW()-ROW($A$1),1121,,False,,ROW
Site_SUL,Q1122,YEAR(N1122),2025,,False,,YEAR
Site_SUL,A1123,ROW()-ROW($A$1),1122,,False,,ROW
Site_SUL,Q1123,YEAR(N1123),2025,,False,,YEAR
Site_SUL,A1124,ROW()-ROW($A$1),1123,,False,,ROW
Site_SUL,Q1124,YEAR(N1124),2025,,False,,YEAR
Site_SUL,A1125,ROW()-ROW($A$1),1124,,False,,ROW
Site_SUL,Q1125,YEAR(N1125),2025,,False,,YEAR
Site_SUL,A1126,ROW()-ROW($A$1),1125,,False,,ROW
Site_SUL,Q1126,YEAR(N1126),2025,,False,,YEAR
Site_SUL,A1127,ROW()-ROW($A$1),1126,,False,,ROW
Site_SUL,Q1127,YEAR(N1127),2025,,False,,YEAR
Site_SUL,A1128,ROW()-ROW($A$1),1127,,False,,ROW
Site_SUL,Q1128,YEAR(N1128),2024,,False,,YEAR
Site_SUL,A1129,ROW()-ROW($A$1),1128,,False,,ROW
Site_SUL,Q1129,YEAR(N1129),2024,,False,,YEAR
Site_SUL,A1130,ROW()-ROW($A$1),1129,,False,,ROW
Site_SUL,Q1130,YEAR(N1130),2024,,False,,YEAR
Site_SUL,A1131,ROW()-ROW($A$1),1130,,False,,ROW
Site_SUL,Q1131,YEAR(N1131),2025,,False,,YEAR
Site_SUL,A1132,ROW()-ROW($A$1),1131,,False,,ROW
Site_SUL,Q1132,YEAR(N1132),2025,,False,,YEAR
Site_SUL,A1133,ROW()-ROW($A$1),1132,,False,,ROW
Site_SUL,Q1133,YEAR(N1133),2024,,False,,YEAR
Site_SUL,A1134,ROW()-ROW($A$1),1133,,False,,ROW
Site_SUL,Q1134,YEAR(N1134),2025,,False,,YEAR
Site_SUL,A1135,ROW()-ROW($A$1),1134,,False,,ROW
Site_SUL,Q1135,YEAR(N1135),2025,,False,,YEAR
Site_SUL,A1136,ROW()-ROW($A$1),1135,,False,,ROW
Site_SUL,Q1136,YEAR(N1136),2025,,False,,YEAR
Site_SUL,A1137,ROW()-ROW($A$1),1136,,False,,ROW
Site_SUL,Q1137,YEAR(N1137),2024,,False,,YEAR
Site_SUL,A1138,ROW()-ROW($A$1),1137,,False,,ROW
Site_SUL,Q1138,YEAR(N1138),2024,,False,,YEAR
Site_SUL,A1139,ROW()-ROW($A$1),1138,,False,,ROW
Site_SUL,Q1139,YEAR(N1139),2024,,False,,YEAR
Site_SUL,A1140,ROW()-ROW($A$1),1139,,False,,ROW
Site_SUL,Q1140,YEAR(N1140),2024,,False,,YEAR
Site_SUL,A1141,ROW()-ROW($A$1),1140,,False,,ROW
Site_SUL,Q1141,YEAR(N1141),2024,,False,,YEAR
Site_SUL,A1142,ROW()-ROW($A$1),1141,,False,,ROW
Site_SUL,Q1142,YEAR(N1142),2025,,False,,YEAR
Site_SUL,A1143,ROW()-ROW($A$1),1142,,False,,ROW
Site_SUL,Q1143,YEAR(N1143),2025,,False,,YEAR
Site_SUL,A1144,ROW()-ROW($A$1),1143,,False,,ROW
Site_SUL,Q1144,YEAR(N1144),2025,,False,,YEAR
Site_SUL,A1145,ROW()-ROW($A$1),1144,,False,,ROW
Site_SUL,Q1145,YEAR(N1145),2025,,False,,YEAR
Site_SUL,A1146,ROW()-ROW($A$1),1145,,False,,ROW
Site_SUL,Q1146,YEAR(N1146),2025,,False,,YEAR
Site_SUL,A1147,ROW()-ROW($A$1),1146,,False,,ROW
Site_SUL,Q1147,YEAR(N1147),2025,,False,,YEAR
Site_SUL,A1148,ROW()-ROW($A$1),1147,,False,,ROW
Site_SUL,Q1148,YEAR(N1148),2024,,False,,YEAR
Site_SUL,A1149,ROW()-ROW($A$1),1148,,False,,ROW
Site_SUL,Q1149,YEAR(N1149),2024,,False,,YEAR
Site_SUL,A1150,ROW()-ROW($A$1),1149,,False,,ROW
Site_SUL,Q1150,YEAR(N1150),2024,,False,,YEAR
Site_SUL,A1151,ROW()-ROW($A$1),1150,,False,,ROW
Site_SUL,Q1151,YEAR(N1151),2024,,False,,YEAR
Site_SUL,A1152,ROW()-ROW($A$1),1151,,False,,ROW
Site_SUL,Q1152,YEAR(N1152),2024,,False,,YEAR
Site_SUL,A1153,ROW()-ROW($A$1),1152,,False,,ROW
Site_SUL,Q1153,YEAR(N1153),2024,,False,,YEAR
Site_SUL,A1154,ROW()-ROW($A$1),1153,,False,,ROW
Site_SUL,Q1154,YEAR(N1154),2024,,False,,YEAR
Site_SUL,A1155,ROW()-ROW($A$1),1154,,False,,ROW
Site_SUL,Q1155,YEAR(N1155),2024,,False,,YEAR
Site_SUL,A1156,ROW()-ROW($A$1),1155,,False,,ROW
Site_SUL,Q1156,YEAR(N1156),2024,,False,,YEAR
Site_SUL,A1157,ROW()-ROW($A$1),1156,,False,,ROW
Site_SUL,Q1157,YEAR(N1157),2024,,False,,YEAR
Site_SUL,A1158,ROW()-ROW($A$1),1157,,False,,ROW
Site_SUL,Q1158,YEAR(N1158),2024,,False,,YEAR
Site_SUL,A1159,ROW()-ROW($A$1),1158,,False,,ROW
Site_SUL,Q1159,YEAR(N1159),2024,,False,,YEAR
Site_SUL,A1160,ROW()-ROW($A$1),1159,,False,,ROW
Site_SUL,Q1160,YEAR(N1160),2024,,False,,YEAR
Site_SUL,A1161,ROW()-ROW($A$1),1160,,False,,ROW
Site_SUL,Q1161,YEAR(N1161),2024,,False,,YEAR
Site_SUL,A1162,ROW()-ROW($A$1),1161,,False,,ROW
Site_SUL,Q1162,YEAR(N1162),2024,,False,,YEAR
Site_SUL,A1163,ROW()-ROW($A$1),1162,,False,,ROW
Site_SUL,Q1163,YEAR(N1163),2024,,False,,YEAR
Site_SUL,A1164,ROW()-ROW($A$1),1163,,False,,ROW
Site_SUL,Q1164,YEAR(N1164),2024,,False,,YEAR
Site_SUL,A1165,ROW()-ROW($A$1),1164,,False,,ROW
Site_SUL,Q1165,YEAR(N1165),2025,,False,,YEAR
Site_SUL,A1166,ROW()-ROW($A$1),1165,,False,,ROW
Site_SUL,Q1166,YEAR(N1166),2025,,False,,YEAR
Site_SUL,A1167,ROW()-ROW($A$1),1166,,False,,ROW
Site_SUL,Q1167,YEAR(N1167),2025,,False,,YEAR
Site_SUL,A1168,ROW()-ROW($A$1),1167,,False,,ROW
Site_SUL,Q1168,YEAR(N1168),2025,,False,,YEAR
Site_SUL,A1169,ROW()-ROW($A$1),1168,,False,,ROW
Site_SUL,Q1169,YEAR(N1169),2025,,False,,YEAR
Site_SUL,A1170,ROW()-ROW($A$1),1169,,False,,ROW
Site_SUL,Q1170,YEAR(N1170),2025,,False,,YEAR
Site_SUL,A1171,ROW()-ROW($A$1),1170,,False,,ROW
Site_SUL,Q1171,YEAR(N1171),2025,,False,,YEAR
Site_SUL,A1172,ROW()-ROW($A$1),1171,,False,,ROW
Site_SUL,Q1172,YEAR(N1172),2025,,False,,YEAR
Site_SUL,A1173,ROW()-ROW($A$1),1172,,False,,ROW
Site_SUL,Q1173,YEAR(N1173),2025,,False,,YEAR
Site_SUL,A1174,ROW()-ROW($A$1),1173,,False,,ROW
Site_SUL,Q1174,YEAR(N1174),2025,,False,,YEAR
Site_SUL,A1175,ROW()-ROW($A$1),1174,,False,,ROW
Site_SUL,Q1175,YEAR(N1175),2025,,False,,YEAR
Site_SUL,A1176,ROW()-ROW($A$1),1175,,False,,ROW
Site_SUL,Q1176,YEAR(N1176),2025,,False,,YEAR
Site_SUL,A1177,ROW()-ROW($A$1),1176,,False,,ROW
Site_SUL,Q1177,YEAR(N1177),2025,,False,,YEAR
Site_SUL,A1178,ROW()-ROW($A$1),1177,,False,,ROW
Site_SUL,Q1178,YEAR(N1178),2025,,False,,YEAR
Site_SUL,A1179,ROW()-ROW($A$1),1178,,False,,ROW
Site_SUL,Q1179,YEAR(N1179),2025,,False,,YEAR
Site_SUL,A1180,ROW()-ROW($A$1),1179,,False,,ROW
Site_SUL,Q1180,YEAR(N1180),2025,,False,,YEAR
Site_SUL,A1181,ROW()-ROW($A$1),1180,,False,,ROW
Site_SUL,Q1181,YEAR(N1181),2025,,False,,YEAR
Site_SUL,A1182,ROW()-ROW($A$1),1181,,False,,ROW
Site_SUL,Q1182,YEAR(N1182),2025,,False,,YEAR
Site_SUL,A1183,ROW()-ROW($A$1),1182,,False,,ROW
Site_SUL,Q1183,YEAR(N1183),2025,,False,,YEAR
Site_SUL,A1184,ROW()-ROW($A$1),1183,,False,,ROW
Site_SUL,Q1184,YEAR(N1184),2025,,False,,YEAR
Site_SUL,A1185,ROW()-ROW($A$1),1184,,False,,ROW
Site_SUL,Q1185,YEAR(N1185),2025,,False,,YEAR
Site_SUL,A1186,ROW()-ROW($A$1),1185,,False,,ROW
Site_SUL,A1187,ROW()-ROW($A$1),1186,,False,,ROW
Site_SUL,Q1187,YEAR(N1187),2025,,False,,YEAR
Site_SUL,A1188,ROW()-ROW($A$1),1187,,False,,ROW
Site_SUL,Q1188,YEAR(N1188),2025,,False,,YEAR
Site_SUL,A1189,ROW()-ROW($A$1),1188,,False,,ROW
Site_SUL,Q1189,YEAR(N1189),2025,,False,,YEAR
Site_SUL,A1190,ROW()-ROW($A$1),1189,,False,,ROW
Site_SUL,Q1190,YEAR(N1190),2025,,False,,YEAR
Site_SUL,A1191,ROW()-ROW($A$1),1190,,False,,ROW
Site_SUL,Q1191,YEAR(N1191),2025,,False,,YEAR
Site_SUL,A1192,ROW()-ROW($A$1),1191,,False,,ROW
Site_SUL,Q1192,YEAR(N1192),2025,,False,,YEAR
Site_SUL,A1193,ROW()-ROW($A$1),1192,,False,,ROW
Site_SUL,Q1193,YEAR(N1193),2025,,False,,YEAR
Site_SUL,A1194,ROW()-ROW($A$1),1193,,False,,ROW
Site_SUL,Q1194,YEAR(N1194),2025,,False,,YEAR
Site_SUL,A1195,ROW()-ROW($A$1),1194,,False,,ROW
Site_SUL,Q1195,YEAR(N1195),2025,,False,,YEAR
Site_SUL,A1196,ROW()-ROW($A$1),1195,,False,,ROW
Site_SUL,Q1196,YEAR(N1196),2025,,False,,YEAR
Site_SUL,A1197,ROW()-ROW($A$1),1196,,False,,ROW
Site_SUL,Q1197,YEAR(N1197),2025,,False,,YEAR
Site_SUL,A1198,ROW()-ROW($A$1),1197,,False,,ROW
Site_SUL,Q1198,YEAR(N1198),2025,,False,,YEAR
Site_SUL,A1199,ROW()-ROW($A$1),1198,,False,,ROW
Site_SUL,Q1199,YEAR(N1199),2025,,False,,YEAR
Site_SUL,A1200,ROW()-ROW($A$1),1199,,False,,ROW
Site_SUL,Q1200,YEAR(N1200),2025,,False,,YEAR
Site_SUL,A1201,ROW()-ROW($A$1),1200,,False,,ROW
Site_SUL,Q1201,YEAR(N1201),2025,,False,,YEAR
Site_SUL,A1202,ROW()-ROW($A$1),1201,,False,,ROW
Site_SUL,Q1202,YEAR(N1202),2025,,False,,YEAR
Site_SUL,A1203,ROW()-ROW($A$1),1202,,False,,ROW
Site_SUL,Q1203,YEAR(N1203),2025,,False,,YEAR
Site_SUL,A1204,ROW()-ROW($A$1),1203,,False,,ROW
Site_SUL,Q1204,YEAR(N1204),2025,,False,,YEAR
Site_SUL,A1205,ROW()-ROW($A$1),1204,,False,,ROW
Site_SUL,Q1205,YEAR(N1205),2025,,False,,YEAR
Site_SUL,A1206,ROW()-ROW($A$1),1205,,False,,ROW
Site_SUL,Q1206,YEAR(N1206),2025,,False,,YEAR
Site_SUL,A1207,ROW()-ROW($A$1),1206,,False,,ROW
Site_SUL,Q1207,YEAR(N1207),2025,,False,,YEAR
Site_SUL,A1208,ROW()-ROW($A$1),1207,,False,,ROW
Site_SUL,Q1208,YEAR(N1208),2025,,False,,YEAR
Site_SUL,A1209,ROW()-ROW($A$1),1208,,False,,ROW
Site_SUL,Q1209,YEAR(N1209),2025,,False,,YEAR
Site_SUL,A1210,ROW()-ROW($A$1),1209,,False,,ROW
Site_SUL,Q1210,YEAR(N1210),2025,,False,,YEAR
Site_SUL,A1211,ROW()-ROW($A$1),1210,,False,,ROW
Site_SUL,Q1211,YEAR(N1211),2025,,False,,YEAR
Site_SUL,A1212,ROW()-ROW($A$1),1211,,False,,ROW
Site_SUL,Q1212,YEAR(N1212),2025,,False,,YEAR
Site_SUL,A1213,ROW()-ROW($A$1),1212,,False,,ROW
Site_SUL,Q1213,YEAR(N1213),2025,,False,,YEAR
Site_SUL,A1214,ROW()-ROW($A$1),1213,,False,,ROW
Site_SUL,Q1214,YEAR(N1214),2025,,False,,YEAR
Site_SUL,A1215,ROW()-ROW($A$1),1214,,False,,ROW
Site_SUL,Q1215,YEAR(N1215),2025,,False,,YEAR
Site_SUL,A1216,ROW()-ROW($A$1),1215,,False,,ROW
Site_SUL,Q1216,YEAR(N1216),2025,,False,,YEAR
Site_SUL,A1217,ROW()-ROW($A$1),1216,,False,,ROW
Site_SUL,Q1217,YEAR(N1217),2025,,False,,YEAR
Site_SUL,A1218,ROW()-ROW($A$1),1217,,False,,ROW
Site_SUL,Q1218,YEAR(N1218),2025,,False,,YEAR
Site_SUL,A1219,ROW()-ROW($A$1),1218,,False,,ROW
Site_SUL,Q1219,YEAR(N1219),2025,,False,,YEAR
Site_SUL,A1220,ROW()-ROW($A$1),1219,,False,,ROW
Site_SUL,Q1220,YEAR(N1220),2025,,False,,YEAR
Site_SUL,A1221,ROW()-ROW($A$1),1220,,False,,ROW
Site_SUL,Q1221,YEAR(N1221),2025,,False,,YEAR
Site_SUL,A1222,ROW()-ROW($A$1),1221,,False,,ROW
Site_SUL,Q1222,YEAR(N1222),2025,,False,,YEAR
Site_SUL,A1223,ROW()-ROW($A$1),1222,,False,,ROW
Site_SUL,Q1223,YEAR(N1223),2025,,False,,YEAR
Site_SUL,A1224,ROW()-ROW($A$1),1223,,False,,ROW
Site_SUL,Q1224,YEAR(N1224),2025,,False,,YEAR
Site_SUL,A1225,ROW()-ROW($A$1),1224,,False,,ROW
Site_SUL,Q1225,YEAR(N1225),2025,,False,,YEAR
Site_SUL,A1226,ROW()-ROW($A$1),1225,,False,,ROW
Site_SUL,Q1226,YEAR(N1226),2025,,False,,YEAR
Site_SUL,A1227,ROW()-ROW($A$1),1226,,False,,ROW
Site_SUL,Q1227,YEAR(O1227),2026,,False,,YEAR
Site_SUL,A1228,ROW()-ROW($A$1),1227,,False,,ROW
Site_SUL,Q1228,YEAR(N1228),2025,,False,,YEAR
Site_SUL,A1229,ROW()-ROW($A$1),1228,,False,,ROW
Site_SUL,Q1229,YEAR(N1229),2025,,False,,YEAR
Site_SUL,A1230,ROW()-ROW($A$1),1229,,False,,ROW
Site_SUL,Q1230,YEAR(N1230),2025,,False,,YEAR
Site_SUL,A1231,ROW()-ROW($A$1),1230,,False,,ROW
Site_SUL,Q1231,YEAR(N1231),2025,,False,,YEAR
Site_SUL,A1232,ROW()-ROW($A$1),1231,,False,,ROW
Site_SUL,Q1232,YEAR(N1232),2025,,False,,YEAR
Site_SUL,A1233,ROW()-ROW($A$1),1232,,False,,ROW
Site_SUL,Q1233,YEAR(N1233),2025,,False,,YEAR
Site_SUL,A1234,ROW()-ROW($A$1),1233,,False,,ROW
Site_SUL,Q1234,YEAR(N1234),2025,,False,,YEAR
Site_SUL,A1235,ROW()-ROW($A$1),1234,,False,,ROW
Site_SUL,Q1235,YEAR(N1235),2025,,False,,YEAR
Site_SUL,A1236,ROW()-ROW($A$1),1235,,False,,ROW
Site_SUL,Q1236,YEAR(N1236),2025,,False,,YEAR
Site_SUL,A1237,ROW()-ROW($A$1),1236,,False,,ROW
Site_SUL,Q1237,YEAR(N1237),2025,,False,,YEAR
Site_SUL,A1238,ROW()-ROW($A$1),1237,,False,,ROW
Site_SUL,Q1238,YEAR(N1238),2025,,False,,YEAR
Site_SUL,A1239,ROW()-ROW($A$1),1238,,False,,ROW
Site_SUL,Q1239,YEAR(N1239),2025,,False,,YEAR
Site_SUL,A1240,ROW()-ROW($A$1),1239,,False,,ROW
Site_SUL,Q1240,YEAR(N1240),2025,,False,,YEAR
Site_SUL,A1241,ROW()-ROW($A$1),1240,,False,,ROW
Site_SUL,Q1241,YEAR(N1241),2025,,False,,YEAR
Site_SUL,A1242,ROW()-ROW($A$1),1241,,False,,ROW
Site_SUL,Q1242,YEAR(N1242),2025,,False,,YEAR
Site_SUL,A1243,ROW()-ROW($A$1),1242,,False,,ROW
Site_SUL,Q1243,YEAR(N1243),2025,,False,,YEAR
Site_SUL,A1244,ROW()-ROW($A$1),1243,,False,,ROW
Site_SUL,Q1244,YEAR(N1244),2025,,False,,YEAR
Site_SUL,A1245,ROW()-ROW($A$1),1244,,False,,ROW
Site_SUL,Q1245,YEAR(O1245),2026,,False,,YEAR
Site_SUL,A1246,ROW()-ROW($A$1),1245,,False,,ROW
Site_SUL,Q1246,YEAR(O1246),2026,,False,,YEAR
Site_SUL,A1247,ROW()-ROW($A$1),1246,,False,,ROW
Site_SUL,Q1247,YEAR(N1247),2025,,False,,YEAR
Site_SUL,A1248,ROW()-ROW($A$1),1247,,False,,ROW
Site_SUL,Q1248,YEAR(N1248),2025,,False,,YEAR
Site_SUL,A1249,ROW()-ROW($A$1),1248,,False,,ROW
Site_SUL,Q1249,YEAR(O1249),2026,,False,,YEAR
Site_SUL,A1250,ROW()-ROW($A$1),1249,,False,,ROW
Site_SUL,Q1250,YEAR(O1250),2026,,False,,YEAR
Site_SUL,A1251,ROW()-ROW($A$1),1250,,False,,ROW
Site_SUL,Q1251,YEAR(N1251),2025,,False,,YEAR
Site_SUL,A1252,ROW()-ROW($A$1),1251,,False,,ROW
Site_SUL,Q1252,YEAR(N1252),2025,,False,,YEAR
Site_SUL,A1253,ROW()-ROW($A$1),1252,,False,,ROW
Site_SUL,Q1253,YEAR(N1253),2025,,False,,YEAR
Site_SUL,A1254,ROW()-ROW($A$1),1253,,False,,ROW
Site_SUL,Q1254,YEAR(N1254),2025,,False,,YEAR
Site_SUL,A1255,ROW()-ROW($A$1),1254,,False,,ROW
Site_SUL,Q1255,YEAR(N1255),2025,,False,,YEAR
Site_SUL,A1256,ROW()-ROW($A$1),1255,,False,,ROW
Site_SUL,Q1256,YEAR(N1256),2025,,False,,YEAR
Site_SUL,A1257,ROW()-ROW($A$1),1256,,False,,ROW
Site_SUL,Q1257,YEAR(N1257),2025,,False,,YEAR
Site_SUL,A1258,ROW()-ROW($A$1),1257,,False,,ROW
Site_SUL,Q1258,YEAR(N1258),2025,,False,,YEAR
Site_SUL,A1259,ROW()-ROW($A$1),1258,,False,,ROW
Site_SUL,Q1259,YEAR(N1259),2025,,False,,YEAR
Site_SUL,A1260,ROW()-ROW($A$1),1259,,False,,ROW
Site_SUL,Q1260,YEAR(N1260),2025,,False,,YEAR
Site_SUL,A1261,ROW()-ROW($A$1),1260,,False,,ROW
Site_SUL,Q1261,YEAR(N1261),2025,,False,,YEAR
Site_SUL,A1262,ROW()-ROW($A$1),1261,,False,,ROW
Site_SUL,Q1262,YEAR(N1262),2025,,False,,YEAR
Site_SUL,A1263,ROW()-ROW($A$1),1262,,False,,ROW
Site_SUL,Q1263,YEAR(N1263),2025,,False,,YEAR
Site_SUL,A1264,ROW()-ROW($A$1),1263,,False,,ROW
Site_SUL,Q1264,YEAR(N1264),2025,,False,,YEAR
Site_SUL,A1265,ROW()-ROW($A$1),1264,,False,,ROW
Site_SUL,Q1265,YEAR(N1265),2025,,False,,YEAR
Site_SUL,A1266,ROW()-ROW($A$1),1265,,False,,ROW
Site_SUL,Q1266,YEAR(N1266),2025,,False,,YEAR
Site_SUL,A1267,ROW()-ROW($A$1),1266,,False,,ROW
Site_SUL,Q1267,YEAR(N1267),2025,,False,,YEAR
Site_SUL,A1268,ROW()-ROW($A$1),1267,,False,,ROW
Site_SUL,Q1268,YEAR(N1268),2025,,False,,YEAR
Site_SUL,A1269,ROW()-ROW($A$1),1268,,False,,ROW
Site_SUL,Q1269,YEAR(N1269),2025,,False,,YEAR
Site_SUL,A1270,ROW()-ROW($A$1),1269,,False,,ROW
Site_SUL,Q1270,YEAR(N1270),2025,,False,,YEAR
Site_SUL,A1271,ROW()-ROW($A$1),1270,,False,,ROW
Site_SUL,Q1271,YEAR(N1271),2025,,False,,YEAR
Site_SUL,A1272,ROW()-ROW($A$1),1271,,False,,ROW
Site_SUL,Q1272,YEAR(N1272),2025,,False,,YEAR
Site_SUL,A1273,ROW()-ROW($A$1),1272,,False,,ROW
Site_SUL,Q1273,YEAR(N1273),2025,,False,,YEAR
Site_SUL,A1274,ROW()-ROW($A$1),1273,,False,,ROW
Site_SUL,Q1274,YEAR(N1274),2025,,False,,YEAR
Site_SUL,A1275,ROW()-ROW($A$1),1274,,False,,ROW
Site_SUL,Q1275,YEAR(N1275),2025,,False,,YEAR
Site_SUL,A1276,ROW()-ROW($A$1),1275,,False,,ROW
Site_SUL,Q1276,YEAR(N1276),2025,,False,,YEAR
Site_SUL,A1277,ROW()-ROW($A$1),1276,,False,,ROW
Site_SUL,Q1277,YEAR(N1277),2025,,False,,YEAR
Site_SUL,A1278,ROW()-ROW($A$1),1277,,False,,ROW
Site_SUL,Q1278,YEAR(N1278),2025,,False,,YEAR
Site_SUL,A1279,ROW()-ROW($A$1),1278,,False,,ROW
Site_SUL,Q1279,YEAR(N1279),2025,,False,,YEAR
Site_SUL,A1280,ROW()-ROW($A$1),1279,,False,,ROW
Site_SUL,Q1280,YEAR(N1280),2025,,False,,YEAR
Site_SUL,A1281,ROW()-ROW($A$1),1280,,False,,ROW
Site_SUL,Q1281,YEAR(N1281),2025,,False,,YEAR
Site_SUL,A1282,ROW()-ROW($A$1),1281,,False,,ROW
Site_SUL,Q1282,YEAR(N1282),2025,,False,,YEAR
Site_SUL,A1283,ROW()-ROW($A$1),1282,,False,,ROW
Site_SUL,Q1283,YEAR(N1283),2025,,False,,YEAR
Site_SUL,A1284,ROW()-ROW($A$1),1283,,False,,ROW
Site_SUL,Q1284,YEAR(N1284),2025,,False,,YEAR
Site_SUL,A1285,ROW()-ROW($A$1),1284,,False,,ROW
Site_SUL,Q1285,YEAR(N1285),2025,,False,,YEAR
Site_SUL,A1286,ROW()-ROW($A$1),1285,,False,,ROW
Site_SUL,Q1286,YEAR(N1286),2025,,False,,YEAR
Site_SUL,A1287,ROW()-ROW($A$1),1286,,False,,ROW
Site_SUL,Q1287,YEAR(N1287),2025,,False,,YEAR
Site_SUL,A1288,ROW()-ROW($A$1),1287,,False,,ROW
Site_SUL,Q1288,YEAR(N1288),2025,,False,,YEAR
Site_SUL,A1289,ROW()-ROW($A$1),1288,,False,,ROW
Site_SUL,Q1289,YEAR(N1289),2025,,False,,YEAR
Site_SUL,A1290,ROW()-ROW($A$1),1289,,False,,ROW
Site_SUL,Q1290,YEAR(N1290),2025,,False,,YEAR
Site_SUL,A1291,ROW()-ROW($A$1),1290,,False,,ROW
Site_SUL,Q1291,YEAR(N1291),2025,,False,,YEAR
Site_SUL,A1292,ROW()-ROW($A$1),1291,,False,,ROW
Site_SUL,Q1292,YEAR(N1292),2025,,False,,YEAR
Site_SUL,A1293,ROW()-ROW($A$1),1292,,False,,ROW
Site_SUL,Q1293,YEAR(N1293),2025,,False,,YEAR
Site_SUL,A1294,ROW()-ROW($A$1),1293,,False,,ROW
Site_SUL,Q1294,YEAR(N1294),2025,,False,,YEAR
Site_SUL,A1295,ROW()-ROW($A$1),1294,,False,,ROW
Site_SUL,Q1295,YEAR(N1295),2025,,False,,YEAR
Site_SUL,A1296,ROW()-ROW($A$1),1295,,False,,ROW
Site_SUL,Q1296,YEAR(N1296),2025,,False,,YEAR
Site_SUL,A1297,ROW()-ROW($A$1),1296,,False,,ROW
Site_SUL,Q1297,YEAR(N1297),2025,,False,,YEAR
Site_SUL,A1298,ROW()-ROW($A$1),1297,,False,,ROW
Site_SUL,Q1298,YEAR(N1298),2025,,False,,YEAR
Site_SUL,A1299,ROW()-ROW($A$1),1298,,False,,ROW
Site_SUL,Q1299,YEAR(N1299),2025,,False,,YEAR
Site_SUL,A1300,ROW()-ROW($A$1),1299,,False,,ROW
Site_SUL,Q1300,YEAR(N1300),2025,,False,,YEAR
Site_SUL,A1301,ROW()-ROW($A$1),1300,,False,,ROW
Site_SUL,Q1301,YEAR(N1301),2025,,False,,YEAR
Site_SUL,A1302,ROW()-ROW($A$1),1301,,False,,ROW
Site_SUL,Q1302,YEAR(N1302),2025,,False,,YEAR
Site_SUL,A1303,ROW()-ROW($A$1),1302,,False,,ROW
Site_SUL,Q1303,YEAR(N1303),2025,,False,,YEAR
Site_SUL,A1304,ROW()-ROW($A$1),1303,,False,,ROW
Site_SUL,Q1304,YEAR(N1304),2025,,False,,YEAR
Site_SUL,A1305,ROW()-ROW($A$1),1304,,False,,ROW
Site_SUL,Q1305,YEAR(N1305),2025,,False,,YEAR
Site_SUL,A1306,ROW()-ROW($A$1),1305,,False,,ROW
Site_SUL,Q1306,YEAR(N1306),2025,,False,,YEAR
Site_SUL,A1307,ROW()-ROW($A$1),1306,,False,,ROW
Site_SUL,Q1307,YEAR(O1307),2026,,False,,YEAR
Site_SUL,A1308,ROW()-ROW($A$1),1307,,False,,ROW
Site_SUL,Q1308,YEAR(O1308),2026,,False,,YEAR
Site_SUL,A1309,ROW()-ROW($A$1),1308,,False,,ROW
Site_SUL,Q1309,YEAR(O1309),2026,,False,,YEAR
Site_SUL,A1310,ROW()-ROW($A$1),1309,,False,,ROW
Site_SUL,Q1310,YEAR(O1310),2026,,False,,YEAR
Site_SUL,A1311,ROW()-ROW($A$1),1310,,False,,ROW
Site_SUL,Q1311,YEAR(O1311),2026,,False,,YEAR
Site_SUL,A1312,ROW()-ROW($A$1),1311,,False,,ROW
Site_SUL,Q1312,YEAR(O1312),2026,,False,,YEAR
Site_SUL,A1313,ROW()-ROW($A$1),1312,,False,,ROW
Site_SUL,Q1313,YEAR(N1313),2025,,False,,YEAR
Site_SUL,A1314,ROW()-ROW($A$1),1313,,False,,ROW
Site_SUL,Q1314,YEAR(N1314),2025,,False,,YEAR
Site_SUL,A1315,ROW()-ROW($A$1),1314,,False,,ROW
Site_SUL,E1315,"VLOOKUP(B1315,'[3]Site List TI'!$B:$F,5,0)",Add RRU and Swap Module BBU,,True,,VLOOKUP
Site_SUL,Q1315,YEAR(O1315),2026,,False,,YEAR
Site_SUL,A1316,ROW()-ROW($A$1),1315,,False,,ROW
Site_SUL,Q1316,YEAR(N1316),2025,,False,,YEAR
Site_SUL,A1317,ROW()-ROW($A$1),1316,,False,,ROW
Site_SUL,Q1317,YEAR(N1317),2025,,False,,YEAR
Site_SUL,A1318,ROW()-ROW($A$1),1317,,False,,ROW
Site_SUL,Q1318,YEAR(N1318),2025,,False,,YEAR
Site_SUL,A1319,ROW()-ROW($A$1),1318,,False,,ROW
Site_SUL,Q1319,YEAR(N1319),2025,,False,,YEAR
Site_SUL,A1320,ROW()-ROW($A$1),1319,,False,,ROW
Site_SUL,Q1320,YEAR(N1320),2025,,False,,YEAR
Site_SUL,A1321,ROW()-ROW($A$1),1320,,False,,ROW
Site_SUL,Q1321,YEAR(N1321),2025,,False,,YEAR
Site_SUL,A1322,ROW()-ROW($A$1),1321,,False,,ROW
Site_SUL,Q1322,YEAR(N1322),2025,,False,,YEAR
Site_SUL,A1323,ROW()-ROW($A$1),1322,,False,,ROW
Site_SUL,E1323,"VLOOKUP(B1323,'[3]Site List TI'!$B:$F,5,0)",Swap RRU and Add Module BBU,,True,,VLOOKUP
Site_SUL,Q1323,YEAR(O1323),2026,,False,,YEAR
Site_SUL,A1324,ROW()-ROW($A$1),1323,,False,,ROW
Site_SUL,E1324,"VLOOKUP(B1324,'[3]Site List TI'!$B:$F,5,0)",Add RRU and Module BBU,,True,,VLOOKUP
Site_SUL,Q1324,YEAR(O1324),2026,,False,,YEAR
Site_SUL,A1325,ROW()-ROW($A$1),1324,,False,,ROW
Site_SUL,E1325,"VLOOKUP(B1325,'[4]Site List TI'!$B:$F,5,0)",Add RRU and Swap Module BBU,,True,,VLOOKUP
Site_SUL,Q1325,YEAR(O1325),2026,,False,,YEAR
Site_SUL,A1326,ROW()-ROW($A$1),1325,,False,,ROW
Site_SUL,Q1326,YEAR(N1326),2025,,False,,YEAR
Site_SUL,A1327,ROW()-ROW($A$1),1326,,False,,ROW
Site_SUL,Q1327,YEAR(N1327),2025,,False,,YEAR
Site_SUL,A1328,ROW()-ROW($A$1),1327,,False,,ROW
Site_SUL,Q1328,YEAR(N1328),2025,,False,,YEAR
Site_SUL,A1329,ROW()-ROW($A$1),1328,,False,,ROW
Site_SUL,Q1329,YEAR(N1329),2025,,False,,YEAR
Site_SUL,A1330,ROW()-ROW($A$1),1329,,False,,ROW
Site_SUL,Q1330,YEAR(N1330),2025,,False,,YEAR
Site_SUL,A1331,ROW()-ROW($A$1),1330,,False,,ROW
Site_SUL,Q1331,YEAR(N1331),2025,,False,,YEAR
Site_SUL,A1332,ROW()-ROW($A$1),1331,,False,,ROW
Site_SUL,Q1332,YEAR(N1332),2025,,False,,YEAR
Site_SUL,A1333,ROW()-ROW($A$1),1332,,False,,ROW
Site_SUL,Q1333,YEAR(O1333),2026,,False,,YEAR
Site_SUL,A1334,ROW()-ROW($A$1),1333,,False,,ROW
Site_SUL,Q1334,YEAR(N1334),2025,,False,,YEAR
Site_SUL,A1335,ROW()-ROW($A$1),1334,,False,,ROW
Site_SUL,Q1335,YEAR(N1335),2025,,False,,YEAR
Site_SUL,A1336,ROW()-ROW($A$1),1335,,False,,ROW
Site_SUL,Q1336,YEAR(N1336),2025,,False,,YEAR
Site_SUL,A1337,ROW()-ROW($A$1),1336,,False,,ROW
Site_SUL,Q1337,YEAR(N1337),2025,,False,,YEAR
Site_SUL,A1338,ROW()-ROW($A$1),1337,,False,,ROW
Site_SUL,Q1338,YEAR(N1338),2025,,False,,YEAR
Site_SUL,A1339,ROW()-ROW($A$1),1338,,False,,ROW
Site_SUL,Q1339,YEAR(N1339),2025,,False,,YEAR
Site_SUL,A1340,ROW()-ROW($A$1),1339,,False,,ROW
Site_SUL,E1340,"VLOOKUP(B1340,'[4]Site List TI'!$B:$F,5,0)",Add RRU and Module BBU,,True,,VLOOKUP
Site_SUL,Q1340,YEAR(O1340),2026,,False,,YEAR
Site_SUL,A1341,ROW()-ROW($A$1),1340,,False,,ROW
Site_SUL,E1341,"VLOOKUP(B1341,'[4]Site List TI'!$B:$F,5,0)",Add RRU,,True,,VLOOKUP
Site_SUL,Q1341,YEAR(O1341),2026,,False,,YEAR
Site_SUL,A1342,ROW()-ROW($A$1),1341,,False,,ROW
Site_SUL,A1343,ROW()-ROW($A$1),1342,,False,,ROW
Site_SUL,A1344,ROW()-ROW($A$1),1343,,False,,ROW
Site_SUL,A1345,ROW()-ROW($A$1),1344,,False,,ROW
Site_SUL,A1346,ROW()-ROW($A$1),1345,,False,,ROW
Site_SUL,A1347,ROW()-ROW($A$1),1346,,False,,ROW
Site_SUL,A1348,ROW()-ROW($A$1),1347,,False,,ROW
Site_SUL,A1349,ROW()-ROW($A$1),1348,,False,,ROW
Site_SUL,A1350,ROW()-ROW($A$1),1349,,False,,ROW
Site_SUL,A1351,ROW()-ROW($A$1),1350,,False,,ROW
Site_SUL,A1352,ROW()-ROW($A$1),1351,,False,,ROW
Site_SUL,A1353,ROW()-ROW($A$1),1352,,False,,ROW
Site_SUL,A1354,ROW()-ROW($A$1),1353,,False,,ROW
Site_SUL,A1355,ROW()-ROW($A$1),1354,,False,,ROW
Site_SUL,A1356,ROW()-ROW($A$1),1355,,False,,ROW
Site_SUL,A1357,ROW()-ROW($A$1),1356,,False,,ROW
Site_SUL,A1358,ROW()-ROW($A$1),1357,,False,,ROW
Site_SUL,A1359,ROW()-ROW($A$1),1358,,False,,ROW
Site_SUL,E1359,"VLOOKUP(B1359,'[3]Site List TI'!$B:$F,5,0)",Add RRU,,True,,VLOOKUP
Site_SUL,Q1359,YEAR(O1359),2026,,False,,YEAR
Site_SUL,A1360,ROW()-ROW($A$1),1359,,False,,ROW
Site_SUL,Q1360,YEAR(N1360),2025,,False,,YEAR
Site_SUL,A1361,ROW()-ROW($A$1),1360,,False,,ROW
Site_SUL,Q1361,YEAR(N1361),2025,,False,,YEAR
Site_SUL,A1362,ROW()-ROW($A$1),1361,,False,,ROW
Site_SUL,Q1362,YEAR(N1362),2025,,False,,YEAR
Site_SUL,A1363,ROW()-ROW($A$1),1362,,False,,ROW
Site_SUL,Q1363,YEAR(O1363),2026,,False,,YEAR
Site_SUL,A1364,ROW()-ROW($A$1),1363,,False,,ROW
Site_SUL,Q1364,YEAR(N1364),2025,,False,,YEAR
Site_SUL,A1365,ROW()-ROW($A$1),1364,,False,,ROW
Site_SUL,Q1365,YEAR(N1365),2025,,False,,YEAR
Site_SUL,A1366,ROW()-ROW($A$1),1365,,False,,ROW
Site_SUL,Q1366,YEAR(N1366),2025,,False,,YEAR
Site_SUL,A1367,ROW()-ROW($A$1),1366,,False,,ROW
Site_SUL,Q1367,YEAR(N1367),2025,,False,,YEAR
Site_SUL,A1368,ROW()-ROW($A$1),1367,,False,,ROW
Site_SUL,Q1368,YEAR(N1368),2025,,False,,YEAR
Site_SUL,A1369,ROW()-ROW($A$1),1368,,False,,ROW
Site_SUL,E1369,"VLOOKUP(B1369,'[4]Site List TI'!$B:$F,5,0)",Add RRU and Module BBU,,True,,VLOOKUP
Site_SUL,Q1369,YEAR(O1369),2026,,False,,YEAR
Site_SUL,A1370,ROW()-ROW($A$1),1369,,False,,ROW
Site_SUL,Q1370,YEAR(O1370),2026,,False,,YEAR
Site_SUL,A1371,ROW()-ROW($A$1),1370,,False,,ROW
Site_SUL,Q1371,YEAR(N1371),2025,,False,,YEAR
Site_SUL,A1372,ROW()-ROW($A$1),1371,,False,,ROW
Site_SUL,Q1372,YEAR(N1372),2025,,False,,YEAR
Site_SUL,A1373,ROW()-ROW($A$1),1372,,False,,ROW
Site_SUL,Q1373,YEAR(N1373),2025,,False,,YEAR
Site_SUL,A1374,ROW()-ROW($A$1),1373,,False,,ROW
Site_SUL,E1374,"VLOOKUP(B1374,'[3]Site List TI'!$B:$F,5,0)",Add Antenna and RRU and module BBU,,True,,VLOOKUP
Site_SUL,Q1374,YEAR(O1374),2026,,False,,YEAR
Site_SUL,A1375,ROW()-ROW($A$1),1374,,False,,ROW
Site_SUL,E1375,"VLOOKUP(B1375,'[4]Site List TI'!$B:$F,5,0)",Add Antenna and RRU and module BBU,,True,,VLOOKUP
Site_SUL,Q1375,YEAR(O1375),2026,,False,,YEAR
Site_SUL,A1376,ROW()-ROW($A$1),1375,,False,,ROW
Site_SUL,E1376,"VLOOKUP(B1376,'[3]Site List TI'!$B:$F,5,0)",Add Antenna and RRU and module BBU,,True,,VLOOKUP
Site_SUL,Q1376,YEAR(O1376),2026,,False,,YEAR
Site_SUL,A1377,ROW()-ROW($A$1),1376,,False,,ROW
Site_SUL,E1377,"VLOOKUP(B1377,'[3]Site List TI'!$B:$F,5,0)",Handover Only,,True,,VLOOKUP
Site_SUL,Q1377,YEAR(O1377),2026,,False,,YEAR
Site_SUL,A1378,ROW()-ROW($A$1),1377,,False,,ROW
Site_SUL,E1378,"VLOOKUP(B1378,'[3]Site List TI'!$B:$F,5,0)",Handover Only,,True,,VLOOKUP
Site_SUL,Q1378,YEAR(O1378),2026,,False,,YEAR
Site_SUL,A1379,ROW()-ROW($A$1),1378,,False,,ROW
Site_SUL,E1379,"VLOOKUP(B1379,'[4]Site List TI'!$B:$F,5,0)",Add Antenna and RRU and module BBU,,True,,VLOOKUP
Site_SUL,Q1379,YEAR(O1379),2026,,False,,YEAR
Site_SUL,A1380,ROW()-ROW($A$1),1379,,False,,ROW
Site_SUL,Q1380,YEAR(N1380),2025,,False,,YEAR
Site_SUL,A1381,ROW()-ROW($A$1),1380,,False,,ROW
Site_SUL,Q1381,YEAR(N1381),2025,,False,,YEAR
Site_SUL,A1382,ROW()-ROW($A$1),1381,,False,,ROW
Site_SUL,Q1382,YEAR(N1382),2025,,False,,YEAR
Site_SUL,A1383,ROW()-ROW($A$1),1382,,False,,ROW
Site_SUL,Q1383,YEAR(N1383),2025,,False,,YEAR
Site_SUL,A1384,ROW()-ROW($A$1),1383,,False,,ROW
Site_SUL,Q1384,YEAR(N1384),2025,,False,,YEAR
Site_SUL,A1385,ROW()-ROW($A$1),1384,,False,,ROW
Site_SUL,A1386,ROW()-ROW($A$1),1385,,False,,ROW
Site_SUL,A1387,ROW()-ROW($A$1),1386,,False,,ROW
Site_SUL,Q1387,YEAR(N1387),2025,,False,,YEAR
Site_SUL,A1388,ROW()-ROW($A$1),1387,,False,,ROW
Site_SUL,Q1388,YEAR(N1388),2025,,False,,YEAR
Site_SUL,A1389,ROW()-ROW($A$1),1388,,False,,ROW
Site_SUL,Q1389,YEAR(N1389),2025,,False,,YEAR
Site_SUL,A1390,ROW()-ROW($A$1),1389,,False,,ROW
Site_SUL,Q1390,YEAR(N1390),2025,,False,,YEAR
Site_SUL,A1391,ROW()-ROW($A$1),1390,,False,,ROW
Site_SUL,Q1391,YEAR(N1391),2025,,False,,YEAR
Site_SUL,A1392,ROW()-ROW($A$1),1391,,False,,ROW
Site_SUL,Q1392,YEAR(N1392),2025,,False,,YEAR
Site_SUL,A1393,ROW()-ROW($A$1),1392,,False,,ROW
Site_SUL,E1393,"VLOOKUP(B1393,'[4]Site List TI'!$B:$F,5,0)",Add RRU and Module BBU,,True,,VLOOKUP
Site_SUL,Q1393,YEAR(O1393),2026,,False,,YEAR
Site_SUL,A1394,ROW()-ROW($A$1),1393,,False,,ROW
Site_SUL,E1394,"VLOOKUP(B1394,'[4]Site List TI'!$B:$F,5,0)",Add RRU,,True,,VLOOKUP
Site_SUL,Q1394,YEAR(O1394),2026,,False,,YEAR
Site_SUL,A1395,ROW()-ROW($A$1),1394,,False,,ROW
Site_SUL,Q1395,YEAR(N1395),2025,,False,,YEAR
Site_SUL,A1396,ROW()-ROW($A$1),1395,,False,,ROW
Site_SUL,Q1396,YEAR(O1396),2026,,False,,YEAR
Site_SUL,A1397,ROW()-ROW($A$1),1396,,False,,ROW
Site_SUL,E1397,"VLOOKUP(B1397,'[4]Site List TI'!$B:$F,5,0)",Add RRU and Module BBU,,True,,VLOOKUP
Site_SUL,Q1397,YEAR(O1397),2026,,False,,YEAR
Site_SUL,A1398,ROW()-ROW($A$1),1397,,False,,ROW
Site_SUL,E1398,"VLOOKUP(B1398,'[3]Site List TI'!$B:$F,5,0)",Add RRU and Module BBU,,True,,VLOOKUP
Site_SUL,Q1398,YEAR(O1398),2026,,False,,YEAR
Site_SUL,A1399,ROW()-ROW($A$1),1398,,False,,ROW
Site_SUL,Q1399,YEAR(O1399),2026,,False,,YEAR
Site_SUL,A1400,ROW()-ROW($A$1),1399,,False,,ROW
Site_SUL,Q1400,YEAR(O1400),2026,,False,,YEAR
Site_SUL,A1401,ROW()-ROW($A$1),1400,,False,,ROW
Site_SUL,Q1401,YEAR(O1401),2026,,False,,YEAR
Site_SUL,A1402,ROW()-ROW($A$1),1401,,False,,ROW
Site_SUL,Q1402,YEAR(O1402),2026,,False,,YEAR
Site_SUL,A1403,ROW()-ROW($A$1),1402,,False,,ROW
Site_SUL,E1403,"VLOOKUP(B1403,'[4]Site List TI'!$B:$F,5,0)",Add Antenna and RRU and module BBU,,True,,VLOOKUP
Site_SUL,Q1403,YEAR(O1403),2026,,False,,YEAR
Site_SUL,A1404,ROW()-ROW($A$1),1403,,False,,ROW
Site_SUL,Q1404,YEAR(O1404),2026,,False,,YEAR
Site_SUL,A1405,ROW()-ROW($A$1),1404,,False,,ROW
Site_SUL,E1405,"VLOOKUP(B1405,'[3]Site List TI'!$B:$F,5,0)",Add Antenna and RRU and module BBU,,True,,VLOOKUP
Site_SUL,Q1405,YEAR(O1405),2026,,False,,YEAR
Site_SUL,A1406,ROW()-ROW($A$1),1405,,False,,ROW
Site_SUL,E1406,"VLOOKUP(B1406,'[3]Site List TI'!$B:$F,5,0)",Swap RRU,,True,,VLOOKUP
Site_SUL,Q1406,YEAR(O1406),2026,,False,,YEAR
Site_SUL,A1407,ROW()-ROW($A$1),1406,,False,,ROW
Site_SUL,E1407,"VLOOKUP(B1407,'[4]Site List TI'!$B:$F,5,0)",Add Antenna and RRU,,True,,VLOOKUP
Site_SUL,Q1407,YEAR(O1407),2026,,False,,YEAR
Site_SUL,A1408,ROW()-ROW($A$1),1407,,False,,ROW
Site_SUL,Q1408,YEAR(O1408),2026,,False,,YEAR
Site_SUL,A1409,ROW()-ROW($A$1),1408,,False,,ROW
Site_SUL,Q1409,YEAR(O1409),2026,,False,,YEAR
Site_SUL,A1410,ROW()-ROW($A$1),1409,,False,,ROW
Site_SUL,Q1410,YEAR(N1410),2026,,False,,YEAR
Site_SUL,A1411,ROW()-ROW($A$1),1410,,False,,ROW
Site_SUL,Q1411,YEAR(O1411),2026,,False,,YEAR
Site_SUL,A1412,ROW()-ROW($A$1),1411,,False,,ROW
Site_SUL,Q1412,YEAR(O1412),2026,,False,,YEAR
Site_SUL,A1413,ROW()-ROW($A$1),1412,,False,,ROW
Site_SUL,Q1413,YEAR(O1413),2026,,False,,YEAR
Site_SUL,A1414,ROW()-ROW($A$1),1413,,False,,ROW
Site_SUL,Q1414,YEAR(O1414),2026,,False,,YEAR
Site_SUL,A1415,ROW()-ROW($A$1),1414,,False,,ROW
Site_SUL,Q1415,YEAR(O1415),2026,,False,,YEAR
Site_SUL,A1416,ROW()-ROW($A$1),1415,,False,,ROW
Site_SUL,E1416,"VLOOKUP(B1416,'[3]Site List TI'!$B:$F,5,0)",Add RRU,,True,,VLOOKUP
Site_SUL,Q1416,YEAR(O1416),2026,,False,,YEAR
Site_SUL,A1417,ROW()-ROW($A$1),1416,,False,,ROW
Site_SUL,E1417,"VLOOKUP(B1417,'[4]Site List TI'!$B:$F,5,0)",Add RRU,,True,,VLOOKUP
Site_SUL,Q1417,YEAR(O1417),2026,,False,,YEAR
Site_SUL,A1418,ROW()-ROW($A$1),1417,,False,,ROW
Site_SUL,Q1418,YEAR(N1418),2025,,False,,YEAR
Site_SUL,A1419,ROW()-ROW($A$1),1418,,False,,ROW
Site_SUL,E1419,"VLOOKUP(B1419,'[3]Site List TI'!$B:$F,5,0)",Swap RRU and Add Module BBU,,True,,VLOOKUP
Site_SUL,Q1419,YEAR(O1419),2026,,False,,YEAR
Site_SUL,A1420,ROW()-ROW($A$1),1419,,False,,ROW
Site_SUL,E1420,"VLOOKUP(B1420,'[3]Site List TI'!$B:$F,5,0)",Swap RRU,,True,,VLOOKUP
Site_SUL,Q1420,YEAR(O1420),2026,,False,,YEAR
Site_SUL,A1421,ROW()-ROW($A$1),1420,,False,,ROW
Site_SUL,Q1421,YEAR(O1421),2026,,False,,YEAR
Site_SUL,A1422,ROW()-ROW($A$1),1421,,False,,ROW
Site_SUL,E1422,"VLOOKUP(B1422,'[3]Site List TI'!$B:$F,5,0)",Dismantle RRU,,True,,VLOOKUP
Site_SUL,Q1422,YEAR(O1422),2026,,False,,YEAR
Site_SUL,A1423,ROW()-ROW($A$1),1422,,False,,ROW
Site_SUL,Q1423,YEAR(O1423),2026,,False,,YEAR
Site_SUL,A1424,ROW()-ROW($A$1),1423,,False,,ROW
Site_SUL,A1425,ROW()-ROW($A$1),1424,,False,,ROW
Site_SUL,A1426,ROW()-ROW($A$1),1425,,False,,ROW
Site_SUL,Q1426,YEAR(O1426),2026,,False,,YEAR
Site_SUL,A1427,ROW()-ROW($A$1),1426,,False,,ROW
Site_SUL,E1427,"VLOOKUP(B1427,'[4]Site List TI'!$B:$F,5,0)",Add RRU,,True,,VLOOKUP
Site_SUL,Q1427,YEAR(O1427),2026,,False,,YEAR
Site_SUL,A1428,ROW()-ROW($A$1),1427,,False,,ROW
Site_SUL,E1428,"VLOOKUP(B1428,'[3]Site List TI'!$B:$F,5,0)",Add RRU and Module BBU,,True,,VLOOKUP
Site_SUL,Q1428,YEAR(O1428),2026,,False,,YEAR
Site_SUL,A1429,ROW()-ROW($A$1),1428,,False,,ROW
Site_SUL,E1429,"VLOOKUP(B1429,'[3]Site List TI'!$B:$F,5,0)",Add RRU,,True,,VLOOKUP
Site_SUL,Q1429,YEAR(O1429),2026,,False,,YEAR
Site_SUL,A1430,ROW()-ROW($A$1),1429,,False,,ROW
Site_SUL,E1430,"VLOOKUP(B1430,'[3]Site List TI'!$B:$F,5,0)",Swap RRU,,True,,VLOOKUP
Site_SUL,Q1430,YEAR(O1430),2026,,False,,YEAR
Site_SUL,A1431,ROW()-ROW($A$1),1430,,False,,ROW
Site_SUL,E1431,"VLOOKUP(B1431,'[3]Site List TI'!$B:$F,5,0)",Swap RRU,,True,,VLOOKUP
Site_SUL,Q1431,YEAR(O1431),2026,,False,,YEAR
Site_SUL,A1432,ROW()-ROW($A$1),1431,,False,,ROW
Site_SUL,E1432,"VLOOKUP(B1432,'[3]Site List TI'!$B:$F,5,0)",Swap RRU,,True,,VLOOKUP
Site_SUL,Q1432,YEAR(O1432),2026,,False,,YEAR
Site_SUL,A1433,ROW()-ROW($A$1),1432,,False,,ROW
Site_SUL,E1433,"VLOOKUP(B1433,'[3]Site List TI'!$B:$F,5,0)",Swap RRU,,True,,VLOOKUP
Site_SUL,Q1433,YEAR(O1433),2026,,False,,YEAR
Site_SUL,A1434,ROW()-ROW($A$1),1433,,False,,ROW
Site_SUL,Q1434,YEAR(O1434),2026,,False,,YEAR
Site_SUL,A1436,ROW()-ROW($A$1),1435,,False,,ROW
Site_SUL,Q1436,YEAR(O1436),2026,,False,,YEAR
Site_SUL,A1437,ROW()-ROW($A$1),1436,,False,,ROW
Site_SUL,Q1437,YEAR(O1437),2026,,False,,YEAR
Site_SUL,A1438,ROW()-ROW($A$1),1437,,False,,ROW
Site_SUL,Q1438,YEAR(O1438),2026,,False,,YEAR
Site_SUL,A1439,ROW()-ROW($A$1),1438,,False,,ROW
Site_SUL,Q1439,YEAR(N1439),2025,,False,,YEAR
Site_SUL,A1440,ROW()-ROW($A$1),1439,,False,,ROW
Site_SUL,Q1440,YEAR(O1440),2026,,False,,YEAR
Site_SUL,A1441,ROW()-ROW($A$1),1440,,False,,ROW
Site_SUL,Q1441,YEAR(O1441),2026,,False,,YEAR
Site_SUL,A1442,ROW()-ROW($A$1),1441,,False,,ROW
Site_SUL,Q1442,YEAR(O1442),2026,,False,,YEAR
Site_SUL,A1443,ROW()-ROW($A$1),1442,,False,,ROW
Site_SUL,Q1443,YEAR(O1443),2026,,False,,YEAR
Site_SUL,A1444,ROW()-ROW($A$1),1443,,False,,ROW
Site_SUL,Q1444,YEAR(O1444),2026,,False,,YEAR
Site_SUL,A1445,ROW()-ROW($A$1),1444,,False,,ROW
Site_SUL,Q1445,YEAR(O1445),2026,,False,,YEAR
Site_SUL,A1446,ROW()-ROW($A$1),1445,,False,,ROW
Site_SUL,Q1446,YEAR(O1446),2026,,False,,YEAR
Site_SUL,A1447,ROW()-ROW($A$1),1446,,False,,ROW
Site_SUL,Q1447,YEAR(N1447),2026,,False,,YEAR
Site_SUL,A1448,ROW()-ROW($A$1),1447,,False,,ROW
Site_SUL,Q1448,YEAR(O1448),2026,,False,,YEAR
Site_SUL,A1449,ROW()-ROW($A$1),1448,,False,,ROW
Site_SUL,Q1449,YEAR(O1449),2026,,False,,YEAR
Site_SUL,A1450,ROW()-ROW($A$1),1449,,False,,ROW
Site_SUL,Q1450,YEAR(O1450),2026,,False,,YEAR
Site_SUL,A1451,ROW()-ROW($A$1),1450,,False,,ROW
Site_SUL,Q1451,YEAR(O1451),2026,,False,,YEAR
Site_SUL,A1452,ROW()-ROW($A$1),1451,,False,,ROW
Site_SUL,A1453,ROW()-ROW($A$1),1452,,False,,ROW
Site_SUL,Q1453,YEAR(N1453),2026,,False,,YEAR
Site_SUL,A1454,ROW()-ROW($A$1),1453,,False,,ROW
Site_SUL,BS1454,BS1454:BZ167966-Passed,0,,False,,
Site_SUL,A1455,ROW()-ROW($A$1),1454,,False,,ROW
Site_SUL,A1456,ROW()-ROW($A$1),1455,,False,,ROW
Site_SUL,Q1456,YEAR(N1456),2026,,False,,YEAR
Site_SUL,A1457,ROW()-ROW($A$1),1456,,False,,ROW
Site_SUL,Q1457,YEAR(N1457),2026,,False,,YEAR
Site_SUL,A1458,ROW()-ROW($A$1),1457,,False,,ROW
Site_SUL,Q1458,YEAR(N1458),2026,,False,,YEAR
Site_SUL,A1459,ROW()-ROW($A$1),1458,,False,,ROW
Site_SUL,Q1459,YEAR(N1459),2026,,False,,YEAR
Site_SUL,A1460,ROW()-ROW($A$1),1459,,False,,ROW
Site_SUL,Q1460,YEAR(N1460),2026,,False,,YEAR
Site_SUL,A1461,ROW()-ROW($A$1),1460,,False,,ROW
Site_SUL,Q1461,YEAR(N1461),2026,,False,,YEAR
Site_SUL,A1462,ROW()-ROW($A$1),1461,,False,,ROW
Site_SUL,Q1462,YEAR(N1462),2026,,False,,YEAR
Site_SUL,A1463,ROW()-ROW($A$1),1462,,False,,ROW
Site_SUL,Q1463,YEAR(N1463),2026,,False,,YEAR
Site_SUL,A1464,ROW()-ROW($A$1),1463,,False,,ROW
Site_SUL,A1465,ROW()-ROW($A$1),1464,,False,,ROW
Site_SUL,A1466,ROW()-ROW($A$1),1465,,False,,ROW
Site_SUL,A1467,ROW()-ROW($A$1),1466,,False,,ROW
Site_SUL,A1468,ROW()-ROW($A$1),1467,,False,,ROW
Site_SUL,Q1468,YEAR(N1468),2026,,False,,YEAR
Site_SUL,A1469,ROW()-ROW($A$1),1468,,False,,ROW
Site_SUL,A1470,ROW()-ROW($A$1),1469,,False,,ROW
Site_SUL,A1471,ROW()-ROW($A$1),1470,,False,,ROW
Site_SUL,Q1471,YEAR(N1471),2026,,False,,YEAR
Site_SUL,A1472,ROW()-ROW($A$1),1471,,False,,ROW
Site_SUL,Q1472,YEAR(N1472),2026,,False,,YEAR
Site_SUL,A1473,ROW()-ROW($A$1),1472,,False,,ROW
Site_SUL,Q1473,YEAR(N1473),2026,,False,,YEAR
Site_SUL,A1474,ROW()-ROW($A$1),1473,,False,,ROW
Site_SUL,Q1474,YEAR(N1474),2026,,False,,YEAR
Site_SUL,A1475,ROW()-ROW($A$1),1474,,False,,ROW
Site_SUL,Q1475,YEAR(N1475),2026,,False,,YEAR
Site_SUL,A1476,ROW()-ROW($A$1),1475,,False,,ROW
Site_SUL,Q1476,YEAR(N1476),2026,,False,,YEAR
Site_SUL,A1477,ROW()-ROW($A$1),1476,,False,,ROW
Site_SUL,Q1477,YEAR(N1477),2026,,False,,YEAR
Site_SUL,A1478,ROW()-ROW($A$1),1477,,False,,ROW
Site_SUL,A1479,ROW()-ROW($A$1),1478,,False,,ROW
Site_SUL,Q1479,YEAR(N1479),2026,,False,,YEAR
Site_SUL,A1480,ROW()-ROW($A$1),1479,,False,,ROW
Site_SUL,A1481,ROW()-ROW($A$1),1480,,False,,ROW
Site_SUL,A1482,ROW()-ROW($A$1),1481,,False,,ROW
Site_SUL,A1483,ROW()-ROW($A$1),1482,,False,,ROW
Site_SUL,Q1483,YEAR(N1483),2026,,False,,YEAR
Site_SUL,A1484,ROW()-ROW($A$1),1483,,False,,ROW
Site_SUL,Q1484,YEAR(N1484),2026,,False,,YEAR
Site_SUL,A1485,ROW()-ROW($A$1),1484,,False,,ROW
Site_SUL,Q1485,YEAR(N1485),2026,,False,,YEAR
Site_SUL,A1486,ROW()-ROW($A$1),1485,,False,,ROW
Site_SUL,Q1486,YEAR(N1486),2026,,False,,YEAR
Site_SUL,A1487,ROW()-ROW($A$1),1486,,False,,ROW
Site_SUL,Q1487,YEAR(N1487),2026,,False,,YEAR
Site_SUL,A1488,ROW()-ROW($A$1),1487,,False,,ROW
Site_SUL,Q1488,YEAR(N1488),2026,,False,,YEAR
Site_SUL,A1489,ROW()-ROW($A$1),1488,,False,,ROW
Site_SUL,Q1489,YEAR(O1489),2026,,False,,YEAR
Site_SUL,A1490,ROW()-ROW($A$1),1489,,False,,ROW
Site_SUL,Q1490,YEAR(N1490),2026,,False,,YEAR
Site_SUL,A1491,ROW()-ROW($A$1),1490,,False,,ROW
Site_SUL,Q1491,YEAR(N1491),2026,,False,,YEAR
Site_SUL,A1492,ROW()-ROW($A$1),1491,,False,,ROW
Site_SUL,Q1492,YEAR(N1492),2026,,False,,YEAR
Site_SUL,A1493,ROW()-ROW($A$1),1492,,False,,ROW
Site_SUL,Q1493,YEAR(N1493),2026,,False,,YEAR
Site_SUL,A1494,ROW()-ROW($A$1),1493,,False,,ROW
Site_SUL,Q1494,YEAR(N1494),2026,,False,,YEAR
Site_SUL,A1495,ROW()-ROW($A$1),1494,,False,,ROW
Site_SUL,Q1495,YEAR(N1495),2026,,False,,YEAR
Site_SUL,A1496,ROW()-ROW($A$1),1495,,False,,ROW
Site_SUL,Q1496,YEAR(N1496),2026,,False,,YEAR
Site_SUL,A1497,ROW()-ROW($A$1),1496,,False,,ROW
Site_SUL,Q1497,YEAR(N1497),2026,,False,,YEAR
Site_SUL,A1498,ROW()-ROW($A$1),1497,,False,,ROW
Site_SUL,Q1498,YEAR(N1498),2026,,False,,YEAR
Site_SUL,A1499,ROW()-ROW($A$1),1498,,False,,ROW
Site_SUL,Q1499,YEAR(N1499),2026,,False,,YEAR
Site_SUL,A1500,ROW()-ROW($A$1),1499,,False,,ROW
Site_SUL,Q1500,YEAR(N1500),2026,,False,,YEAR
Site_SUL,A1501,ROW()-ROW($A$1),1500,,False,,ROW
Site_SUL,Q1501,YEAR(N1501),2026,,False,,YEAR
Site_SUL,A1502,ROW()-ROW($A$1),1501,,False,,ROW
Site_SUL,Q1502,YEAR(N1502),2026,,False,,YEAR
Site_SUL,A1503,ROW()-ROW($A$1),1502,,False,,ROW
Site_SUL,Q1503,YEAR(N1503),2026,,False,,YEAR
Site_SUL,A1504,ROW()-ROW($A$1),1503,,False,,ROW
Site_SUL,Q1504,YEAR(N1504),2026,,False,,YEAR
Site_SUL,A1505,ROW()-ROW($A$1),1504,,False,,ROW
Site_SUL,Q1505,YEAR(N1505),2026,,False,,YEAR
Site_SUL,A1506,ROW()-ROW($A$1),1505,,False,,ROW
Site_SUL,Q1506,YEAR(N1506),2026,,False,,YEAR
Site_SUL,A1507,ROW()-ROW($A$1),1506,,False,,ROW
Site_SUL,Q1507,YEAR(N1507),2026,,False,,YEAR
Site_SUL,A1508,ROW()-ROW($A$1),1507,,False,,ROW
Site_SUL,Q1508,YEAR(O1508),2026,,False,,YEAR
Site_SUL,A1509,ROW()-ROW($A$1),1508,,False,,ROW
Site_SUL,Q1509,YEAR(O1509),2026,,False,,YEAR
Site_SUL,A1510,ROW()-ROW($A$1),1509,,False,,ROW
Site_SUL,Q1510,YEAR(O1510),2026,,False,,YEAR
Site_SUL,A1511,ROW()-ROW($A$1),1510,,False,,ROW
Site_SUL,Q1511,YEAR(O1511),2026,,False,,YEAR
Site_SUL,A1512,ROW()-ROW($A$1),1511,,False,,ROW
Site_SUL,Q1512,YEAR(O1512),2026,,False,,YEAR
Site_SUL,A1513,ROW()-ROW($A$1),1512,,False,,ROW
Site_SUL,Q1513,YEAR(O1513),2026,,False,,YEAR
Site_SUL,A1514,ROW()-ROW($A$1),1513,,False,,ROW
Site_SUL,Q1514,YEAR(O1514),2026,,False,,YEAR
Site_SUL,A1515,ROW()-ROW($A$1),1514,,False,,ROW
Site_SUL,Q1515,YEAR(O1515),2026,,False,,YEAR
Site_SUL,A1516,ROW()-ROW($A$1),1515,,False,,ROW
Site_SUL,Q1516,YEAR(O1516),2026,,False,,YEAR
Site_SUL,A1517,ROW()-ROW($A$1),1516,,False,,ROW
Site_SUL,Q1517,YEAR(O1517),2026,,False,,YEAR
Site_SUL,A1518,ROW()-ROW($A$1),1517,,False,,ROW
Site_SUL,Q1518,YEAR(O1518),2026,,False,,YEAR
Site_SUL,A1519,ROW()-ROW($A$1),1518,,False,,ROW
Site_SUL,Q1519,YEAR(O1519),2026,,False,,YEAR
Site_SUL,A1520,ROW()-ROW($A$1),1519,,False,,ROW
Site_SUL,Q1520,YEAR(O1520),2026,,False,,YEAR
Site_SUL,A1521,ROW()-ROW($A$1),1520,,False,,ROW
Site_SUL,Q1521,YEAR(O1521),2026,,False,,YEAR
Site_SUL,A1522,ROW()-ROW($A$1),1521,,False,,ROW
Site_SUL,Q1522,YEAR(O1522),2026,,False,,YEAR
Site_SUL,A1523,ROW()-ROW($A$1),1522,,False,,ROW
Site_SUL,Q1523,YEAR(N1523),2026,,False,,YEAR
Site_SUL,A1524,ROW()-ROW($A$1),1523,,False,,ROW
Site_SUL,Q1524,YEAR(N1524),2026,,False,,YEAR
Site_SUL,A1525,ROW()-ROW($A$1),1524,,False,,ROW
Site_SUL,Q1525,YEAR(N1525),2026,,False,,YEAR
Site_SUL,A1526,ROW()-ROW($A$1),1525,,False,,ROW
Site_SUL,Q1526,YEAR(N1526),2026,,False,,YEAR
Site_SUL,A1527,ROW()-ROW($A$1),1526,,False,,ROW
Site_SUL,Q1527,YEAR(N1527),2026,,False,,YEAR
Site_SUL,A1528,ROW()-ROW($A$1),1527,,False,,ROW
Site_SUL,Q1528,YEAR(N1528),2026,,False,,YEAR
Site_SUL,A1529,ROW()-ROW($A$1),1528,,False,,ROW
Site_SUL,Q1529,YEAR(N1529),2026,,False,,YEAR
Site_SUL,A1530,ROW()-ROW($A$1),1529,,False,,ROW
Site_SUL,Q1530,YEAR(N1530),2026,,False,,YEAR
Site_SUL,A1531,ROW()-ROW($A$1),1530,,False,,ROW
Site_SUL,Q1531,YEAR(N1531),2026,,False,,YEAR
Site_SUL,A1532,ROW()-ROW($A$1),1531,,False,,ROW
Site_SUL,Q1532,YEAR(N1532),2026,,False,,YEAR
Site_SUL,A1533,ROW()-ROW($A$1),1532,,False,,ROW
Site_SUL,Q1533,YEAR(N1533),2026,,False,,YEAR
Site_SUL,A1534,ROW()-ROW($A$1),1533,,False,,ROW
Site_SUL,Q1534,YEAR(N1534),2026,,False,,YEAR
Site_SUL,A1535,ROW()-ROW($A$1),1534,,False,,ROW
Site_SUL,Q1535,YEAR(N1535),2026,,False,,YEAR
Site_SUL,A1536,ROW()-ROW($A$1),1535,,False,,ROW
Site_SUL,Q1536,YEAR(N1536),2026,,False,,YEAR
Site_SUL,A1537,ROW()-ROW($A$1),1536,,False,,ROW
Site_SUL,Q1537,YEAR(N1537),2026,,False,,YEAR
Site_SUL,A1538,ROW()-ROW($A$1),1537,,False,,ROW
Site_SUL,Q1538,YEAR(N1538),2026,,False,,YEAR
Site_SUL,A1539,ROW()-ROW($A$1),1538,,False,,ROW
Site_SUL,Q1539,YEAR(N1539),2026,,False,,YEAR
Site_SUL,A1540,ROW()-ROW($A$1),1539,,False,,ROW
Site_SUL,Q1540,YEAR(N1540),2026,,False,,YEAR
Site_SUL,A1541,ROW()-ROW($A$1),1540,,False,,ROW
Site_SUL,Q1541,YEAR(N1541),2026,,False,,YEAR
Site_SUL,A1542,ROW()-ROW($A$1),1541,,False,,ROW
Site_SUL,Q1542,YEAR(N1542),2026,,False,,YEAR
Site_SUL,A1543,ROW()-ROW($A$1),1542,,False,,ROW
Site_SUL,Q1543,YEAR(N1543),2026,,False,,YEAR
Site_SUL,A1544,ROW()-ROW($A$1),1543,,False,,ROW
Site_SUL,Q1544,YEAR(N1544),2026,,False,,YEAR
Site_SUL,A1545,ROW()-ROW($A$1),1544,,False,,ROW
Site_SUL,Q1545,YEAR(N1545),2026,,False,,YEAR
Site_SUL,A1546,ROW()-ROW($A$1),1545,,False,,ROW
Site_SUL,Q1546,YEAR(N1546),2026,,False,,YEAR
Site_SUL,A1547,ROW()-ROW($A$1),1546,,False,,ROW
Site_SUL,Q1547,YEAR(N1547),2026,,False,,YEAR
Site_SUL,A1548,ROW()-ROW($A$1),1547,,False,,ROW
Site_SUL,Q1548,YEAR(N1548),2026,,False,,YEAR
Site_SUL,A1549,ROW()-ROW($A$1),1548,,False,,ROW
Site_SUL,Q1549,YEAR(N1549),2026,,False,,YEAR
Site_SUL,A1550,ROW()-ROW($A$1),1549,,False,,ROW
Site_SUL,Q1550,YEAR(N1550),2026,,False,,YEAR
Site_SUL,A1551,ROW()-ROW($A$1),1550,,False,,ROW
Site_SUL,Q1551,YEAR(O1551),2026,,False,,YEAR
Site_SUL,A1552,ROW()-ROW($A$1),1551,,False,,ROW
Site_SUL,Q1552,YEAR(O1552),2026,,False,,YEAR
Site_SUL,A1553,ROW()-ROW($A$1),1552,,False,,ROW
Site_SUL,Q1553,YEAR(O1553),2026,,False,,YEAR
Site_SUL,A1554,ROW()-ROW($A$1),1553,,False,,ROW
Site_SUL,Q1554,YEAR(O1554),2026,,False,,YEAR
Site_SUL,A1555,ROW()-ROW($A$1),1554,,False,,ROW
Site_SUL,Q1555,YEAR(N1555),2026,,False,,YEAR
Site_SUL,A1556,ROW()-ROW($A$1),1555,,False,,ROW
Site_SUL,A1557,ROW()-ROW($A$1),1556,,False,,ROW
Site_SUL,Q1557,YEAR(O1557),2026,,False,,YEAR
Site_SUL,A1558,ROW()-ROW($A$1),1557,,False,,ROW
Site_SUL,Q1558,YEAR(N1558),2026,,False,,YEAR
Site_SUL,A1559,ROW()-ROW($A$1),1558,,False,,ROW
Site_SUL,Q1559,YEAR(N1559),2026,,False,,YEAR
Site_SUL,A1560,ROW()-ROW($A$1),1559,,False,,ROW
Site_SUL,Q1560,YEAR(O1560),2026,,False,,YEAR
Site_SUL,A1561,ROW()-ROW($A$1),1560,,False,,ROW
Site_SUL,Q1561,YEAR(O1561),2026,,False,,YEAR
Site_SUL,A1562,ROW()-ROW($A$1),1561,,False,,ROW
Site_SUL,Q1562,YEAR(N1562),2026,,False,,YEAR
Site_SUL,A1563,ROW()-ROW($A$1),1562,,False,,ROW
Site_SUL,Q1563,YEAR(O1563),2026,,False,,YEAR
Site_SUL,A1564,ROW()-ROW($A$1),1563,,False,,ROW
Site_SUL,Q1564,YEAR(O1564),2026,,False,,YEAR
Site_SUL,A1565,ROW()-ROW($A$1),1564,,False,,ROW
Site_SUL,Q1565,YEAR(O1565),2026,,False,,YEAR
Site_SUL,A1566,ROW()-ROW($A$1),1565,,False,,ROW
Site_SUL,Q1566,YEAR(O1566),2026,,False,,YEAR
Site_SUL,A1567,ROW()-ROW($A$1),1566,,False,,ROW
Site_SUL,Q1567,YEAR(O1567),2026,,False,,YEAR
Site_SUL,A1568,ROW()-ROW($A$1),1567,,False,,ROW
Site_SUL,Q1568,YEAR(O1568),2026,,False,,YEAR
Site_SUL,A1569,ROW()-ROW($A$1),1568,,False,,ROW
Site_SUL,Q1569,YEAR(O1569),2026,,False,,YEAR
Site_SUL,A1570,ROW()-ROW($A$1),1569,,False,,ROW
Site_SUL,Q1570,YEAR(N1570),2026,,False,,YEAR
Site_SUL,A1571,ROW()-ROW($A$1),1570,,False,,ROW
Site_SUL,Q1571,YEAR(O1571),2026,,False,,YEAR
Site_SUL,A1572,ROW()-ROW($A$1),1571,,False,,ROW
Site_SUL,Q1572,YEAR(O1572),2026,,False,,YEAR
Site_SUL,A1573,ROW()-ROW($A$1),1572,,False,,ROW
Site_SUL,Q1573,YEAR(O1573),2026,,False,,YEAR
Site_SUL,A1574,ROW()-ROW($A$1),1573,,False,,ROW
Site_SUL,Q1574,YEAR(O1574),2026,,False,,YEAR
Site_SUL,A1575,ROW()-ROW($A$1),1574,,False,,ROW
Site_SUL,Q1575,YEAR(O1575),2026,,False,,YEAR
Site_SUL,A1576,ROW()-ROW($A$1),1575,,False,,ROW
Site_SUL,Q1576,YEAR(O1576),2026,,False,,YEAR
Site_SUL,A1577,ROW()-ROW($A$1),1576,,False,,ROW
Site_SUL,Q1577,YEAR(O1577),2026,,False,,YEAR
Site_SUL,A1578,ROW()-ROW($A$1),1577,,False,,ROW
Site_SUL,Q1578,YEAR(O1578),2026,,False,,YEAR
Site_SUL,A1579,ROW()-ROW($A$1),1578,,False,,ROW
Site_SUL,Q1579,YEAR(O1579),2026,,False,,YEAR
Site_SUL,A1580,ROW()-ROW($A$1),1579,,False,,ROW
Site_SUL,Q1580,YEAR(O1580),2026,,False,,YEAR
Site_SUL,A1581,ROW()-ROW($A$1),1580,,False,,ROW
Site_SUL,Q1581,YEAR(O1581),2026,,False,,YEAR
Site_SUL,A1582,ROW()-ROW($A$1),1581,,False,,ROW
Site_SUL,Q1582,YEAR(O1582),2026,,False,,YEAR
Site_SUL,A1583,ROW()-ROW($A$1),1582,,False,,ROW
Site_SUL,Q1583,YEAR(O1583),2026,,False,,YEAR
Site_SUL,A1584,ROW()-ROW($A$1),1583,,False,,ROW
Site_SUL,Q1584,YEAR(O1584),2026,,False,,YEAR
Site_SUL,A1585,ROW()-ROW($A$1),1584,,False,,ROW
Site_SUL,Q1585,YEAR(O1585),2026,,False,,YEAR
Site_SUL,A1586,ROW()-ROW($A$1),1585,,False,,ROW
Site_SUL,Q1586,YEAR(O1586),2026,,False,,YEAR
Site_SUL,A1587,ROW()-ROW($A$1),1586,,False,,ROW
Site_SUL,Q1587,YEAR(N1587),2026,,False,,YEAR
Site_SUL,A1588,ROW()-ROW($A$1),1587,,False,,ROW
Site_SUL,Q1588,YEAR(N1588),2026,,False,,YEAR
Site_SUL,A1589,ROW()-ROW($A$1),1588,,False,,ROW
Site_SUL,Q1589,YEAR(N1589),2026,,False,,YEAR
Site_SUL,A1590,ROW()-ROW($A$1),1589,,False,,ROW
Site_SUL,Q1590,YEAR(O1590),2026,,False,,YEAR
Site_SUL,A1591,ROW()-ROW($A$1),1590,,False,,ROW
Site_SUL,Q1591,YEAR(O1591),2026,,False,,YEAR
Site_SUL,A1592,ROW()-ROW($A$1),1591,,False,,ROW
Site_SUL,Q1592,YEAR(N1592),2026,,False,,YEAR
Site_SUL,A1593,ROW()-ROW($A$1),1592,,False,,ROW
Site_SUL,Q1593,YEAR(O1593),2026,,False,,YEAR
Site_SUL,A1594,ROW()-ROW($A$1),1593,,False,,ROW
Site_SUL,Q1594,YEAR(O1594),2026,,False,,YEAR
Site_SUL,A1595,ROW()-ROW($A$1),1594,,False,,ROW
Site_SUL,Q1595,YEAR(O1595),2026,,False,,YEAR
Site_SUL,A1596,ROW()-ROW($A$1),1595,,False,,ROW
Site_SUL,A1597,ROW()-ROW($A$1),1596,,False,,ROW
Site_SUL,A1598,ROW()-ROW($A$1),1597,,False,,ROW
Site_SUL,A1599,ROW()-ROW($A$1),1598,,False,,ROW
Site_SUL,A1600,ROW()-ROW($A$1),1599,,False,,ROW
Site_SUL,A1601,ROW()-ROW($A$1),1600,,False,,ROW
Site_SUL,A1602,ROW()-ROW($A$1),1601,,False,,ROW
Site_SUL,A1603,ROW()-ROW($A$1),1602,,False,,ROW
Site_SUL,A1604,ROW()-ROW($A$1),1603,,False,,ROW
Site_SUL,A1605,ROW()-ROW($A$1),1604,,False,,ROW
Site_SUL,Q1605,YEAR(N1605),2026,,False,,YEAR
Site_SUL,A1606,ROW()-ROW($A$1),1605,,False,,ROW
Site_SUL,Q1606,YEAR(N1606),2026,,False,,YEAR
Site_SUL,A1607,ROW()-ROW($A$1),1606,,False,,ROW
Site_SUL,A1608,ROW()-ROW($A$1),1607,,False,,ROW
Site_SUL,A1609,ROW()-ROW($A$1),1608,,False,,ROW
Site_SUL,A1610,ROW()-ROW($A$1),1609,,False,,ROW
Site_SUL,A1611,ROW()-ROW($A$1),1610,,False,,ROW
Site_SUL,A1612,ROW()-ROW($A$1),1611,,False,,ROW
Site_SUL,Q1612,YEAR(N1612),2026,,False,,YEAR
Site_SUL,A1613,ROW()-ROW($A$1),1612,,False,,ROW
Site_SUL,Q1613,YEAR(N1613),2026,,False,,YEAR
Site_SUL,A1614,ROW()-ROW($A$1),1613,,False,,ROW
Site_SUL,A1615,ROW()-ROW($A$1),1614,,False,,ROW
Site_SUL,A1616,ROW()-ROW($A$1),1615,,False,,ROW
Site_SUL,A1617,ROW()-ROW($A$1),1616,,False,,ROW
Site_SUL,A1618,ROW()-ROW($A$1),1617,,False,,ROW
Site_SUL,A1619,ROW()-ROW($A$1),1618,,False,,ROW
Site_SUL,A1620,ROW()-ROW($A$1),1619,,False,,ROW
Site_SUL,A1621,ROW()-ROW($A$1),1620,,False,,ROW
Site_SUL,Q1621,YEAR(N1621),2026,,False,,YEAR
Site_SUL,A1622,ROW()-ROW($A$1),1621,,False,,ROW
Site_SUL,Q1622,YEAR(N1622),2026,,False,,YEAR
Site_SUL,A1623,ROW()-ROW($A$1),1622,,False,,ROW
Site_SUL,Q1623,YEAR(N1623),2026,,False,,YEAR
Site_SUL,A1624,ROW()-ROW($A$1),1623,,False,,ROW
Site_SUL,Q1624,YEAR(N1624),2026,,False,,YEAR
Site_SUL,A1625,ROW()-ROW($A$1),1624,,False,,ROW
Site_SUL,Q1625,YEAR(N1625),2026,,False,,YEAR
Site_SUL,A1626,ROW()-ROW($A$1),1625,,False,,ROW
Site_SUL,Q1626,YEAR(N1626),2026,,False,,YEAR
Site_SUL,A1627,ROW()-ROW($A$1),1626,,False,,ROW
Site_SUL,Q1627,YEAR(N1627),2026,,False,,YEAR
Site_SUL,A1628,ROW()-ROW($A$1),1627,,False,,ROW
Site_SUL,Q1628,YEAR(N1628),2026,,False,,YEAR
Site_SUL,A1629,ROW()-ROW($A$1),1628,,False,,ROW
Site_SUL,Q1629,YEAR(N1629),2026,,False,,YEAR
Site_SUL,A1630,ROW()-ROW($A$1),1629,,False,,ROW
Site_SUL,Q1630,YEAR(N1630),2026,,False,,YEAR
Site_SUL,A1631,ROW()-ROW($A$1),1630,,False,,ROW
Site_SUL,Q1631,YEAR(N1631),2026,,False,,YEAR
Site_SUL,A1632,ROW()-ROW($A$1),1631,,False,,ROW
Site_SUL,Q1632,YEAR(N1632),2026,,False,,YEAR
Site_SUL,A1633,ROW()-ROW($A$1),1632,,False,,ROW
Site_SUL,Q1633,YEAR(N1633),2026,,False,,YEAR
Site_SUL,A1634,ROW()-ROW($A$1),1633,,False,,ROW
Site_SUL,Q1634,YEAR(N1634),2026,,False,,YEAR
Site_SUL,A1635,ROW()-ROW($A$1),1634,,False,,ROW
Site_SUL,A1636,ROW()-ROW($A$1),1635,,False,,ROW
Site_SUL,Q1636,YEAR(N1636),2026,,False,,YEAR
Site_SUL,A1637,ROW()-ROW($A$1),1636,,False,,ROW
Site_SUL,Q1637,YEAR(N1637),2026,,False,,YEAR
Site_SUL,A1638,ROW()-ROW($A$1),1637,,False,,ROW
Site_SUL,Q1638,YEAR(N1638),2026,,False,,YEAR
Site_SUL,A1639,ROW()-ROW($A$1),1638,,False,,ROW
Site_SUL,Q1639,YEAR(N1639),2026,,False,,YEAR
Site_SUL,A1640,ROW()-ROW($A$1),1639,,False,,ROW
Site_SUL,Q1640,YEAR(N1640),2026,,False,,YEAR
Site_SUL,A1641,ROW()-ROW($A$1),1640,,False,,ROW
Site_SUL,Q1641,YEAR(N1641),2026,,False,,YEAR
Site_SUL,A1642,ROW()-ROW($A$1),1641,,False,,ROW
Site_SUL,Q1642,YEAR(N1642),2026,,False,,YEAR
Site_SUL,A1643,ROW()-ROW($A$1),1642,,False,,ROW
Site_SUL,Q1643,YEAR(N1643),2026,,False,,YEAR
Site_SUL,A1644,ROW()-ROW($A$1),1643,,False,,ROW
Site_SUL,Q1644,YEAR(N1644),2026,,False,,YEAR
Site_SUL,A1645,ROW()-ROW($A$1),1644,,False,,ROW
Site_SUL,Q1645,YEAR(N1645),2026,,False,,YEAR
Site_SUL,A1646,ROW()-ROW($A$1),1645,,False,,ROW
Site_SUL,Q1646,YEAR(N1646),2026,,False,,YEAR
Site_SUL,A1647,ROW()-ROW($A$1),1646,,False,,ROW
Site_SUL,Q1647,YEAR(N1647),2026,,False,,YEAR
Site_SUL,A1648,ROW()-ROW($A$1),1647,,False,,ROW
Site_SUL,Q1648,YEAR(N1648),2026,,False,,YEAR
Site_SUL,A1649,ROW()-ROW($A$1),1648,,False,,ROW
Site_SUL,Q1649,YEAR(N1649),2026,,False,,YEAR
Site_SUL,A1650,ROW()-ROW($A$1),1649,,False,,ROW
Site_SUL,Q1650,YEAR(N1650),2026,,False,,YEAR
Site_SUL,A1651,ROW()-ROW($A$1),1650,,False,,ROW
Site_SUL,Q1651,YEAR(N1651),2026,,False,,YEAR
Site_SUL,A1652,ROW()-ROW($A$1),1651,,False,,ROW
Site_SUL,Q1652,YEAR(N1652),2026,,False,,YEAR
Site_SUL,A1653,ROW()-ROW($A$1),1652,,False,,ROW
Site_SUL,Q1653,YEAR(N1653),2026,,False,,YEAR
Site_SUL,A1654,ROW()-ROW($A$1),1653,,False,,ROW
Site_SUL,Q1654,YEAR(N1654),2026,,False,,YEAR
Site_SUL,A1655,ROW()-ROW($A$1),1654,,False,,ROW
Site_SUL,Q1655,YEAR(N1655),2026,,False,,YEAR
Site_SUL,A1656,ROW()-ROW($A$1),1655,,False,,ROW
Site_SUL,Q1656,YEAR(N1656),2026,,False,,YEAR
Site_SUL,A1657,ROW()-ROW($A$1),1656,,False,,ROW
Site_SUL,Q1657,YEAR(N1657),2026,,False,,YEAR
Site_SUL,A1658,ROW()-ROW($A$1),1657,,False,,ROW
Site_SUL,Q1658,YEAR(N1658),2026,,False,,YEAR
Site_SUL,A1659,ROW()-ROW($A$1),1658,,False,,ROW
Site_SUL,Q1659,YEAR(N1659),2026,,False,,YEAR
Site_SUL,A1660,ROW()-ROW($A$1),1659,,False,,ROW
Site_SUL,Q1660,YEAR(N1660),2026,,False,,YEAR
Site_SUL,A1661,ROW()-ROW($A$1),1660,,False,,ROW
Site_SUL,Q1661,YEAR(N1661),2026,,False,,YEAR
Site_SUL,A1662,ROW()-ROW($A$1),1661,,False,,ROW
Site_SUL,Q1662,YEAR(N1662),2026,,False,,YEAR
Site_SUL,A1663,ROW()-ROW($A$1),1662,,False,,ROW
Site_SUL,Q1663,YEAR(N1663),2026,,False,,YEAR
Site_SUL,A1664,ROW()-ROW($A$1),1663,,False,,ROW
Site_SUL,Q1664,YEAR(N1664),2026,,False,,YEAR
Site_SUL,A1665,ROW()-ROW($A$1),1664,,False,,ROW
Site_SUL,A1666,ROW()-ROW($A$1),1665,,False,,ROW
Site_SUL,A1667,ROW()-ROW($A$1),1666,,False,,ROW
Site_SUL,A1668,ROW()-ROW($A$1),1667,,False,,ROW
Site_SUL,A1669,ROW()-ROW($A$1),1668,,False,,ROW
Site_SUL,A1670,ROW()-ROW($A$1),1669,,False,,ROW
Site_SUL,A1671,ROW()-ROW($A$1),1670,,False,,ROW
Site_SUL,A1672,ROW()-ROW($A$1),1671,,False,,ROW
Site_SUL,A1673,ROW()-ROW($A$1),1672,,False,,ROW
Site_SUL,A1674,ROW()-ROW($A$1),1673,,False,,ROW
Site_SUL,A1675,ROW()-ROW($A$1),1674,,False,,ROW
Site_SUL,A1676,ROW()-ROW($A$1),1675,,False,,ROW
Site_SUL,A1677,ROW()-ROW($A$1),1676,,False,,ROW
Site_SUL,A1678,ROW()-ROW($A$1),1677,,False,,ROW
Site_SUL,A1679,ROW()-ROW($A$1),1678,,False,,ROW
Site_SUL,A1680,ROW()-ROW($A$1),1679,,False,,ROW
Site_SUL,A1681,ROW()-ROW($A$1),1680,,False,,ROW
Site_SUL,A1682,ROW()-ROW($A$1),1681,,False,,ROW
Site_SUL,A1683,ROW()-ROW($A$1),1682,,False,,ROW
Site_SUL,A1684,ROW()-ROW($A$1),1683,,False,,ROW
Site_SUL,A1685,ROW()-ROW($A$1),1684,,False,,ROW
Site_SUL,A1686,ROW()-ROW($A$1),1685,,False,,ROW
Site_SUL,A1687,ROW()-ROW($A$1),1686,,False,,ROW
Site_SUL,A1688,ROW()-ROW($A$1),1687,,False,,ROW
Site_SUL,A1689,ROW()-ROW($A$1),1688,,False,,ROW
Site_SUL,A1690,ROW()-ROW($A$1),1689,,False,,ROW
Site_SUL,A1691,ROW()-ROW($A$1),1690,,False,,ROW
Site_SUL,A1692,ROW()-ROW($A$1),1691,,False,,ROW
Site_SUL,A1693,ROW()-ROW($A$1),1692,,False,,ROW
Site_SUL,A1694,ROW()-ROW($A$1),1693,,False,,ROW
Site_SUL,A1695,ROW()-ROW($A$1),1694,,False,,ROW
Site_SUL,A1696,ROW()-ROW($A$1),1695,,False,,ROW
Site_SUL,A1697,ROW()-ROW($A$1),1696,,False,,ROW
Site_SUL,A1698,ROW()-ROW($A$1),1697,,False,,ROW
Site_SUL,A1699,ROW()-ROW($A$1),1698,,False,,ROW
Site_SUL,A1700,ROW()-ROW($A$1),1699,,False,,ROW
Site_SUL,A1701,ROW()-ROW($A$1),1700,,False,,ROW
Site_SUL,A1702,ROW()-ROW($A$1),1701,,False,,ROW
Site_SUL,A1703,ROW()-ROW($A$1),1702,,False,,ROW
Site_SUL,A1704,ROW()-ROW($A$1),1703,,False,,ROW
Site_SUL,A1705,ROW()-ROW($A$1),1704,,False,,ROW
Site_SUL,A1706,ROW()-ROW($A$1),1705,,False,,ROW
Site_SUL,A1707,ROW()-ROW($A$1),1706,,False,,ROW
Site_SUL,A1708,ROW()-ROW($A$1),1707,,False,,ROW
Site_SUL,A1709,ROW()-ROW($A$1),1708,,False,,ROW
Site_SUL,A1710,ROW()-ROW($A$1),1709,,False,,ROW
Site_SUL,A1711,ROW()-ROW($A$1),1710,,False,,ROW
Site_SUL,A1712,ROW()-ROW($A$1),1711,,False,,ROW
Site_SUL,A1713,ROW()-ROW($A$1),1712,,False,,ROW
Site_SUL,A1714,ROW()-ROW($A$1),1713,,False,,ROW
Site_SUL,A1715,ROW()-ROW($A$1),1714,,False,,ROW
Site_SUL,A1716,ROW()-ROW($A$1),1715,,False,,ROW
Site_SUL,A1717,ROW()-ROW($A$1),1716,,False,,ROW
Site_SUL,A1718,ROW()-ROW($A$1),1717,,False,,ROW
Site_SUL,A1719,ROW()-ROW($A$1),1718,,False,,ROW
Site_SUL,A1720,ROW()-ROW($A$1),1719,,False,,ROW
Site_SUL,A1721,ROW()-ROW($A$1),1720,,False,,ROW
Site_SUL,A1722,ROW()-ROW($A$1),1721,,False,,ROW
Site_SUL,A1723,ROW()-ROW($A$1),1722,,False,,ROW
Site_SUL,A1724,ROW()-ROW($A$1),1723,,False,,ROW
Site_SUL,A1725,ROW()-ROW($A$1),1724,,False,,ROW
Site_SUL,A1726,ROW()-ROW($A$1),1725,,False,,ROW
Site_SUL,A1727,ROW()-ROW($A$1),1726,,False,,ROW
Site_SUL,A1728,ROW()-ROW($A$1),1727,,False,,ROW
Site_SUL,A1729,ROW()-ROW($A$1),1728,,False,,ROW
Site_SUL,A1730,ROW()-ROW($A$1),1729,,False,,ROW
Site_SUL,A1731,ROW()-ROW($A$1),1730,,False,,ROW
Site_SUL,A1732,ROW()-ROW($A$1),1731,,False,,ROW
Site_SUL,A1733,ROW()-ROW($A$1),1732,,False,,ROW
Site_SUL,A1734,ROW()-ROW($A$1),1733,,False,,ROW
Site_SUL,A1735,ROW()-ROW($A$1),1734,,False,,ROW
Site_SUL,A1736,ROW()-ROW($A$1),1735,,False,,ROW
Site_SUL,A1737,ROW()-ROW($A$1),1736,,False,,ROW
Site_SUL,A1738,ROW()-ROW($A$1),1737,,False,,ROW
Site_SUL,A1739,ROW()-ROW($A$1),1738,,False,,ROW
Site_SUL,A1740,ROW()-ROW($A$1),1739,,False,,ROW
Site_SUL,A1741,ROW()-ROW($A$1),1740,,False,,ROW
Site_SUL,A1742,ROW()-ROW($A$1),1741,,False,,ROW
Site_Upgrade PLN,P15,"SUBTOTAL(9,P2:P14)",371596170,,False,,SUBTOTAL
Pvt Productivity TI,B26,"GETPIVOTDATA(""Sum of Total PO Amt (IDR) No Tax"",$B$4)+GETPIVOTDATA(""Sum of Add Cost Amount"",$B$4)+GETPIVOTDATA(""Sum of Total PO Amt (IDR) No Tax"",$B$15)-B22",1636853778.2923555,,False,,AMT; GETPIVOTDATA
Inbound,A2,ROW()-ROW($A$1),1,,False,,ROW
Inbound,A3,ROW()-ROW($A$1),2,,False,,ROW
Inbound,A4,ROW()-ROW($A$1),3,,False,,ROW
Inbound,A5,ROW()-ROW($A$1),4,,False,,ROW
Inbound,A6,ROW()-ROW($A$1),5,,False,,ROW
Inbound,A7,ROW()-ROW($A$1),6,,False,,ROW
Inbound,A8,ROW()-ROW($A$1),7,,False,,ROW
Inbound,A9,ROW()-ROW($A$1),8,,False,,ROW
Inbound,A10,ROW()-ROW($A$1),9,,False,,ROW
Inbound,A11,ROW()-ROW($A$1),10,,False,,ROW
Inbound,A12,ROW()-ROW($A$1),11,,False,,ROW
Inbound,A13,ROW()-ROW($A$1),12,,False,,ROW
Inbound,A14,ROW()-ROW($A$1),13,,False,,ROW
Inbound,A15,ROW()-ROW($A$1),14,,False,,ROW
Inbound,A16,ROW()-ROW($A$1),15,,False,,ROW
Inbound,A17,ROW()-ROW($A$1),16,,False,,ROW
Inbound,A18,ROW()-ROW($A$1),17,,False,,ROW
Inbound,A19,ROW()-ROW($A$1),18,,False,,ROW
Inbound,A20,ROW()-ROW($A$1),19,,False,,ROW
Inbound,A21,ROW()-ROW($A$1),20,,False,,ROW
Inbound,A22,ROW()-ROW($A$1),21,,False,,ROW
Inbound,A23,ROW()-ROW($A$1),22,,False,,ROW
Inbound,A24,ROW()-ROW($A$1),23,,False,,ROW
Inbound,A25,ROW()-ROW($A$1),24,,False,,ROW
Inbound,A26,ROW()-ROW($A$1),25,,False,,ROW
Inbound,A27,ROW()-ROW($A$1),26,,False,,ROW
Inbound,A28,ROW()-ROW($A$1),27,,False,,ROW
Inbound,A29,ROW()-ROW($A$1),28,,False,,ROW
Inbound,A30,ROW()-ROW($A$1),29,,False,,ROW
Inbound,A31,ROW()-ROW($A$1),30,,False,,ROW
Inbound,A32,ROW()-ROW($A$1),31,,False,,ROW
Inbound,A33,ROW()-ROW($A$1),32,,False,,ROW
Inbound,A34,ROW()-ROW($A$1),33,,False,,ROW
Inbound,A35,ROW()-ROW($A$1),34,,False,,ROW
Inbound,A36,ROW()-ROW($A$1),35,,False,,ROW
